LI-000001	(R はーい)お 願 い し ま す 。	お願いします。	Good to see you.
SP-000001	(R はい)お 願 い し ま す 。(R はい)	お願いします。	Hello, good to see you, too. 
LI-000002	す い ま せ ん 、 改め ま し て ワダ と 申 し ま す 。(R はい)よろしく お 願 い いた し ま す 。	すいません、改めましてワダと申します。よろしくお願いいたします。	Pardon. I am Wada. Nice to see you.
SP-000002	(F あ)そう で す か 、 タナカ で ござ い ま す 。 よろしく お 願 い し ま す 。	そうですか、タナカでございます。よろしくお願いします。	Thanks. I am Tanaka, Good to see you.
LI-000003	なん だ か(F あの)今日 は ちょっと(F あの)よく わか ん な い 事 で 、 緊張 し て る ん で す けど 。(L ふ)	なんだか今日はちょっとよくわかんない事で、緊張してるんですけど。	I'm a bit nervous for some reason today. 
SP-000003	(L うふふうふふ)(F あ)それ 、 僕 も 。(L ふふ)	それ、僕も。	Really! Me, too. 
LI-000004	ね 。(P)(F あの)お 話 を しろ と い う 事 な の で 、(F あの)沢山 お 話 が 出来 た ら い い な って 思 っ て ま す 。 ね 、 せっかく で す し ね 、 何 か の ご 縁 だ と 思 い ま す ん で 、(F あの)お 付き合い 頂け た ら と 思 い ま す 。 よろしく お 願 い いた し ま す 。	ね。お話をしろという事なので、沢山お話が出来たらいいなって思ってます。ね、せっかくですしね、何かのご縁だと思いますんで、お付き合い頂けたらと思います。よろしくお願いいたします。	I hope we have a lively conversation, because the organizer expects me to have a dialogue with you. Since this is a good opportunity, I'm looking forward to have an enjoyable chat. So, let's get going.
SP-000004	(R はい)		
SP-000005	(F あー)そう で す か 。	そうですか。	Oh, really?
SP-000006	(R はい)		
SP-000007	そう で す ね 。	そうですね。	That's nice.
SP-000008	(F あ)(R はい)		
SP-000009	(R はい)よろしく お 願 い し ま す 。(R はい)	よろしくお願いします。	I'm happy to see you.
LI-000005	(F あの)な ん で す か 、 この 二 つ の 記事 が あ る ん で す けれど ね 、(F あの)一 つ は ノーベル 賞 の やつ で す 。	なんですか、この二つの記事があるんですけれどね、一つはノーベル賞のやつです。	So, recently I read two articles. One is about the Nobel Prize. 
SP-000010	(R うん)		
SP-000011	(F あ)		
LI-000006	去年 の 十 二 月(P)に あ り ま し た よ ね 、(F あの)私 ちょっと この 名前 を 読 む の も(P)なかなか 難し い 、 オオスミ さん で す か 。	去年の十二月にありましたよね、私ちょっとこの名前を読むのもなかなか難しい、オオスミさんですか。	December last year. It's difficult for me to read this name. Dr. Ohsumi, is this correct? 
SP-000012	(R うん)		
SP-000013	(R うん)		
SP-000014	(R うん)		
SP-000015	(F あ)オオスミ さん や っ た か な 。(R うんうん)ね 。	オオスミさんやったかな。ね。	Perhaps Dr. Ohsumi. Right?
LI-000007	オオスミ さん 、 オオスミ さん の ノーベル 賞 の(F えー)(P)(F えーっと)受賞 で す よ ね 、(P)その 記事 で ね 、(F あの)(P)オオスミ さん の お 父 さん て い う 方 が ね 、(P)(F あの)(P)(F えーっと)自分 の 息子 の 、(P)息子 達 の 中 から ね 、(P)(F えっと)(P)(F うんと)理学 系(P)に 進 ん で ほし かっ たって 、 息子 に 、(R はい)って い う 思い が あ っ た ん で す って 。	オオスミさん、オオスミさんのノーベル賞の受賞ですよね、その記事でね、オオスミさんのお父さんていう方がね、自分の息子の、息子達の中からね、理学系に進んでほしかったって、息子に、っていう思いがあったんですって。	Dr. Ohsumi! Dr. Ohsumi received the Nobel Prize, didn't he? You are talking about that article. His father had hoped that some of his sons would study and major in science. 
SP-000016	(R うん)		
SP-000017	(R うん)		
SP-000018	(R うん)		
SP-000019	(R うん)		
SP-000020	(R うん)		
SP-000021	(R あー)		
SP-000022	(R うんうんうんうんうん)		
LI-000008	で も 長男 さん は 、(F あの)ちょっと 文学 に 目覚め て 、 歴史 の 方 に 行 か れ て 、(P)で 、(F あの)逆 に その 親 不孝 し た かな って い う の で 、(P)一番 末っ子 の 、 その オオスミ さん に ね 、(P)(F あのー)理科 、 理系 の もの に 興味 持 つ よう に 、 小さ い 時 から 色々 こう 、 本 と か を(F あのー)(P)あげ たり と か し て 、 そう い う の で 結果 的 に 興味 を 持 た れ て 、 で 、 理系 に 進 ま れ て 、 ノーベル 賞 を と ら れ た ん で す って 。	でも長男さんは、ちょっと文学に目覚めて、歴史の方に行かれて、で、逆にその親不孝したかなっていうので、一番末っ子の、そのオオスミさんにね、理科、理系のものに興味持つように、小さい時から色々こう、本とかをあげたりとかして、そういうので結果的に興味を持たれて、で、理系に進まれて、ノーベル賞をとられたんですって。	His eldest brother became interested in literature and majored in history. He had thought that was against their father's wish, so he provided Dr. Ohsumi, the youngest sibling, with books and other materials so that he would get interested in science. He eventually became attracted to scientific topics, majored in science and won the Nobel prize.
SP-000023	(R うん)		
SP-000024	(R うん)		
SP-000025	(R うん)		
SP-000026	(R うん)		
SP-000027	(R うん)		
SP-000028	(R うん)		
SP-000029	(R うんうん)		
SP-000030	(R うんうん)		
SP-000031	(R うんうん)		
SP-000032	(R うんうん)		
SP-000033	(R うん)		
SP-000034	(R うん)		
SP-000035	(R うん)		
SP-000036	(R うーんふーん)		
LI-000009	だ から 、 ご 本人 は もちろん で す けど 、 お 兄 さん が やっぱり その 自分 が 託 し た 思い って い う の を(P)(F あの)弟 が よく ぞ や っ て くれ た って 言 っ て 、 かなり の 思い で 喜 ば れ た って い う よう な 記事 な ん で す けど ね 。(R はい)	だから、ご本人はもちろんですけど、お兄さんがやっぱりその自分が託した思いっていうのを弟がよくぞやってくれたって言って、かなりの思いで喜ばれたっていうような記事なんですけどね。	The article says, of course Dr. Ohsumi was happy, but his elder brother was also very happy as his youngest brother achieved something remarkable. In the eyes of the elder brother, this meant that he followed his wish. 
SP-000037	(R うん)		
SP-000038	(R うん)		
SP-000039	(R うんうん)		
SP-000040	(R あー)		
LI-000010	全然 知 ら な かっ た ん で す けど 。(P)(R はい)	全然知らなかったんですけど。	I didn't know any of that. 
SP-000041	(R ふーん)そこ まで は(P)テレビ で も 流れ て な かっ た ん ちゃう か な 、 どう で しょ う ね 。	そこまではテレビでも流れてなかったんちゃうかな、どうでしょうね。	TV programs didn't display it that much. Had you ever heard of this?
LI-000011	そう で す よ ね 。	そうですよね。	Well. 
SP-000042	(R うーん)		
LI-000012	(F あの)オオスミ さん て 、(F あの)ちなみ に 、(P)四 人 兄弟(P)だ そう で す けど 。(R はい)	オオスミさんて、ちなみに、四人兄弟だそうですけど。	Dr. Ohsumi has three brothers. 
SP-000043	(R あーあ)		
SP-000044	(F え)男の子 ばっかり で す か ？	男の子ばっかりですか？	Are they all boys?
LI-000013	四 人 兄弟 末っ子 、 男の子 ばっかり で す か ね 。	四人兄弟末っ子、男の子ばっかりですかね。	He is the youngest among four boys. All of them are boys. 
SP-000045	(R ほーん)		
LI-000014	一番 上 は お 兄 さん 、(R はい)そう で す ね 、 その 長男 さん が ね 、(F あの)ほんと は お 父 さん に そう 言 わ れ て た の に って い う ところ で 。(R うーん)	一番上はお兄さん、そうですね、その長男さんがね、ほんとはお父さんにそう言われてたのにっていうところで。	The eldest brother, not Him, was actually told by his father to major science. 
SP-000046	お 兄 さん で し た ね 。	お兄さんでしたね。	His elder brother?
SP-000047	(R うん)		
SP-000048	(R うん)		
SP-000049	(R うーん)		
SP-000050	(R うーん)		
LI-000015	ご 兄弟 は 何 人 ？	ご兄弟は何人？	How many brothers or sisters do you have?
SP-000051	二人 で す ねん 。	二人ですねん。	It's the two of us, my brother and I.
LI-000016	(F あ)そう な ん で す か 。	そうなんですか。	Really?
SP-000052	(R うん)男 ばっかり 二人 で す ねん 。	男ばっかり二人ですねん。	We are two sons. 
LI-000017	(F あー)弟 さん ？	弟さん？	A younger brother?
SP-000053	いや 、 兄貴 で す 。 僕 が 弟 で す ね 。(R はい)	いや、兄貴です。僕が弟ですね。	No, I have an elder brother so I'm the younger one. 
LI-000018	(F あ)		
LI-000019	(R あー)そう で す か 。 ご 健在 で す か ？	そうですか。ご健在ですか？	Oh, really? Is he in good health? 
SP-000054	いや 、 もう 亡くな り ま し た 。	いや、もう亡くなりました。	No, he has passed away already. 
LI-000020	(F あ)そう で す か 。(F え)そんな に 離れ て られ た ん で す か ？	そうですか。そんなに離れてられたんですか？	I'm sorry to hear that. Was there a significant age difference between you two?
SP-000055	(R うん)		
SP-000056	(F え)三(P)つ で す ね 。	三つですね。	Only three years. 
LI-000021	じゃあ お 若 かっ た ん じゃ な い で す か ？	じゃあお若かったんじゃないですか？	That means he was young, wasn't he?
SP-000057	(R うーん)僕 が 兄貴 が 六十 四 か 、 五 位 で す ね 。	僕が兄貴が六十四か、五位ですね。	My elder brother was 64 or 65 years old when he was gone.
LI-000022	(R へー)		
LI-000023	(F あ)そう で す か 。 ご 病気 で す か ？	そうですか。ご病気ですか？	I see. He was sick? 
SP-000058	(R うん)		
SP-000059	癌 で す よ ね 、 やっぱり ね 。(R うーん)	癌ですよね、やっぱりね。	He had cancer. It was serious. 
LI-000024	(R うーん)		
LI-000025	やっぱり 今 一番 ね 。(P)(F あの)	やっぱり今一番ね。	Yes, it's quite a serious. 
SP-000060	ね 。 今 なんぼ 進 ん で も ね 、 そう 。(R うーん)	ね。今なんぼ進んでもね、そう。	Even with medical technology advances, it is.
LI-000026	そう で す ね 。 私 も 四 年 前 に(F あの)父 を 癌 で な く し た ん で す よ 。(R はい)もう 八十(F あの)それ こそ(P)過ぎ て ま し た けれど も ね 。	そうですね。私も四年前に父を癌でなくしたんですよ。もう八十それこそ過ぎてましたけれどもね。	 That's right. My father died of cancer 4 years ago. He was over 80 though.
SP-000061	(R うーん)		
SP-000062	(R あー)		
SP-000063	(R あー)		
LI-000027	で も(F あの)急 だっ た の で ね 、(F その)分か っ た の が 、(P)だ から やっぱり(P)それ まで 何 も な かっ た の に って い う の が ね 、(P)あ り ま す よ ね 。(R うーん)	でも急だったのでね、分かったのが、だからやっぱりそれまで何もなかったのにっていうのがね、ありますよね。	That was a sudden and unexpected incident. He was quite healthy before it was found. 
SP-000064	(R うーんうーん)		
SP-000065	(R うーんうーん)		
SP-000066	(R あー)(F ま)運 が よ けれ ば ね 、 え え 医者 に 当た っ て 、 その 専門 の 先生 が ね 、 ちゃんと 見つけ て くれ て 処置 し た ら え え で す けど 、(P)どう も ね 、 定期 検診 受け て て も 、(P)ね 、 検診 受け て ん の に 二 ヶ月 先 に 分か る と か ね 、 なん か ちょっと よう 分か ら ん で す けど 。	運がよければね、ええ医者に当たって、その専門の先生がね、ちゃんと見つけてくれて処置したらええですけど、どうもね、定期検診受けてても、ね、検診受けてんのに二ヶ月先に分かるとかね、なんかちょっとよう分からんですけど。	Had he been lucky, had he been diagnosed by a specialized staff doctor, and had the doctor discovered the illness and treated him adequately. My brother has had regular checkups. However, it was discovered merely two months after. I don't really understand why.
LI-000028	(R うーん)		
LI-000029	(R うーん)		
LI-000030	(R うーん)		
LI-000031	そう で す ね 。	そうですね。	That's right.
LI-000032	(R うーんうん)		
LI-000033	そう で す ね 。	そうですね。	That's right.
SP-000067	(R うーん)		
LI-000034	検査 も ね 、 うち も(F あの)あれ な ん で す 、 血液 検査 を し て 、(P)定期 受診 で し て た の に 、 結局 腫瘍 マーカー まで み て もら っ て な かっ た って い う とこ で す よ ね 。(R うーん)	検査もね、うちもあれなんです、血液検査をして、定期受診でしてたのに、結局腫瘍マーカーまでみてもらってなかったっていうとこですよね。	Well, the exam, so are we. We had had periodical medical examination including blood test, but the exam didn't include tumor marker examination. 
SP-000068	(R うん)		
SP-000069	(R うん)		
SP-000070	(R うん)		
SP-000071	(R うーん)		
SP-000072	やっぱり その 人 の 運 で す よ ね 、 その ええ 先生 に 当た れ ば ね 。	やっぱりその人の運ですよね、そのええ先生に当たればね。	This depends on the luck. If he could have seen a good doctor.
LI-000035	(R うん)で も え え 先生 って どこ に あ る ん で しょ う ね 。	でもええ先生ってどこにあるんでしょうね。	But, how can we know which doctors are good?
SP-000073	(R うん)		
SP-000074	それ が ね 、 運 な ん で す よ 。	それがね、運なんですよ。	That's exactly the luck.
LI-000036	(L あはははふふふふ)		
SP-000075	ね 、 癌 で も 裏 の ほう に あ る 癌 まで 見つけ る 先生 も お れ ば 、(P)なんか 素人 が 見 て も 分か ら ん とこ お っ て も 、 知 ら ん 振り さ れ る と か ね 、(P)(R うん)だ から 、 その 人 の 運命 で す よ ね 、 しゃあ な い っ す ね 。	ね、癌でも裏のほうにある癌まで見つける先生もおれば、なんか素人が見ても分からんとこおっても、知らん振りされるとかね、だから、その人の運命ですよね、しゃあないっすね。	Some doctors discover cancer, but some don't take seriously when they examine short-tempered patients. This is destiny. It can't be helped. 
LI-000037	(R うーん)		
LI-000038	(R うーんうんうん)		
LI-000039	(R うーんうーん)		
LI-000040	で も ね 、(F あの)早 く その へん も(P)(F なんか)(P)もっと もっと こう 簡単 に(P)その 治療 が 受け られ る よう に な っ て っ て すれ ば い い で す よ ね 。	でもね、早くそのへんももっともっとこう簡単にその治療が受けられるようになってってすればいいですよね。	I wish people could take cancer examination more easily. 
SP-000076	(R うん)		
SP-000077	(R うん)		
SP-000078	(R うん)		
SP-000079	(R うん)		
SP-000080	(R うん)(F ま)僕 なんか は(F その)早め に 分か っ て 処置 し て もらえ る より 、 いっぱい いっぱい で 、 もう 処置 無し で その まま ほっ と い て くれ る 方 が え え ん で す けど ね 。	僕なんかは早めに分かって処置してもらえるより、いっぱいいっぱいで、もう処置無しでそのままほっといてくれる方がええんですけどね。	I do not want to be treated for cancer after early discovery. I hope they let me leave it as it is. 
LI-000041	(R うーん)		
LI-000042	(R はい)		
LI-000043	(R えー)なん で で す か 。	なんでですか。	Why do you say that?
SP-000081	(F え)結局 ね 、 うち の 家族 、 親 、 両親 と 兄 も 全部 癌 な ん で す けど ね 。	結局ね、うちの家族、親、両親と兄も全部癌なんですけどね。	All of my family member, my parents and my brother, were diagnosed with cancer.
LI-000044	(R はい)		
LI-000045	(R はー)		
SP-000082	結局 早め に 分か っ て 手術 し 、 色々(P)薬 投与 さ れ て ね 、(P)結局 一 年 か 二 年 で 駄目 で す よ ね 。	結局早めに分かって手術し、色々薬投与されてね、結局一年か二年で駄目ですよね。	The cancer was found at an early stage and treated through operations, and they were medicated. But, they died in just one or two years.
LI-000046	(R はい)		
LI-000047	(R はい)		
LI-000048	(R あー)		
SP-000083	それ や っ た ら 、 たまたま 僕 の 甥 の 、(P)僕 と 一 個 違い の 甥 が 、(P)見つか っ て 二 ヶ月 で コロ っと 死 ん だ ん で す よ ね 。	それやったら、たまたま僕の甥の、僕と一個違いの甥が、見つかって二ヶ月でコロっと死んだんですよね。	Speaking of that, my nephew, who is younger by one year, died of cancer two months after it is discovered. 
LI-000049	(R はい)		
LI-000050	(R はい)		
SP-000084	(F あ)この 方 が い い な と 思 っ て ね 、 変 に 処置 する より ね 、(P)ほっと い た ほう が ね 。(R うーん)	この方がいいなと思ってね、変に処置するよりね、ほっといたほうがね。	I thought his way of dying was better. Letting it be is better than treating with this and that.
LI-000051	(R あーうーん)で す か ね 。	ですかね。	Is it so.
SP-000085	と は 思 う ん で す けど ね 。	とは思うんですけどね。	I think this is better.
LI-000052	ね 。	ね。	Yep. 
SP-000086	(F ま)助か れ ば え え ん で す けど 、(F ま)大体 癌 や っ た ら ね 、(P)六 割 以上 は あ か んの ちゃ い ま す 。(L うふ)	助かればええんですけど、大体癌やったらね、六割以上はあかんのちゃいます。	It's better if the life is saved. But, in 60 percent of cases, cancer kills humans. 
LI-000053	(R うん)		
LI-000054	(R うーん)		
LI-000055	(R うーん)		
LI-000056	で も ね 、(F ま)これ から 先 に ね 、 ちょっと(F あの)やっぱり そこ は 希望 を 持 っ て 、(P)(R うん)やっぱり 元気 で い て 下さ い 。	でもね、これから先にね、ちょっとやっぱりそこは希望を持って、やっぱり元気でいて下さい。	Please take good care of yourself, be positive and live long. 
SP-000087	(R うーん)		
SP-000088	(R うーん)		
SP-000089	(R うん)(L ふふ)		
SP-000090	まあ ね 、(F あのー)歳 い っ た ら もう 、 歩け る 、 目 が 見え る 、(P)ね 、 そう い う(F ま)頭 が そこそこ の 運動 と か 、 色んな 事 に 対応 出来 る 状況 が なくな っ た ら ね 、(P)もう 言 い 方 悪 い けど 、 よいよい で 生き て て も ね 、 どんな もん か い な と 思 う だけ で ね 、 身内 に ね 、 迷惑 かけ る だけ で ね 。(R うーん)	まあね、歳いったらもう、歩ける、目が見える、ね、そういう頭がそこそこの運動とか、色んな事に対応出来る状況がなくなったらね、もう言い方悪いけど、よいよいで生きててもね、どんなもんかいなと思うだけでね、身内にね、迷惑かけるだけでね。	Well, when you get old, it will be impossible to walk, see, and move. I won't be able to react to things. The expression might be rude, but I think it's not worth living with locomotor ataxia. My longevity may cause trouble to my family. 
LI-000057	(R うん)		
LI-000058	(R うーん)		
LI-000059	(R うーん)		
LI-000060	(R あー)まあ ね 。(R うーんうーん)	まあね。	I agree.
LI-000061	今 は 何 か(F あの)楽し む 何 か 。	今は何か楽しむ何か。	Do you have hobbies? 
SP-000091	(R うん)		
SP-000092	まだ ね 、 元気 や から 、 ゴルフ し たり 、 グランド ゴルフ し たり 、 カラオケ や っ たり 。	まだね、元気やから、ゴルフしたり、グランドゴルフしたり、カラオケやったり。	I'm still fit, so I have hobbies such as golf, ground golf, and karaoke. 
LI-000062	(R あー)		
LI-000063	(R はいはい)		
LI-000064	(R はい)		
SP-000093	(R うん)		
LI-000065	ね 。 お 元気 そう で す もの ね 、(F なんか)こう(F あの)生き生き さ れ て ま す よ ね 。	ね。お元気そうですものね、こう生き生きされてますよね。	You are in good shape. You have energy. 
SP-000094	(R うん)		
SP-000095	(R うーん)(L うふふ)		
SP-000096	やっぱり ちょっと 目 と か ね 、(F あー)歳 い っ た ら もう 目 と 歯 が ね 、(P)どう し て も ね 、 もう その お 医者 さん と は 、 もう お 友達 で す よ ね 、 もう しょっちゅう 行 っ て ま す から ね 。(R うーん)	やっぱりちょっと目とかね、歳いったらもう目と歯がね、どうしてもね、もうそのお医者さんとは、もうお友達ですよね、もうしょっちゅう行ってますからね。	My eyes and teeth are getting weaker as I grow old. Because I see doctors so often, they are more like friends to me.
LI-000066	(R うん)		
LI-000067	(R うーん)		
LI-000068	(R あー)		
LI-000069	そう で す ね 。(R うーん)	そうですね。	I see.
LI-000070	(F ま)その 長年 使 っ て ま す から ね 、 体 は ね 、(P)やっぱり ちょっと メンテナンス 。(R うーん)	その長年使ってますからね、体はね、やっぱりちょっとメンテナンス。	As I have been operating my body for long time, a little maintenance is necessary. 
SP-000097	(R うーん)やっぱり ね 、 無理 し て ま す から ね 。	やっぱりね、無理してますからね。	I had been pushing myself.
SP-000098	(R うーん)やっぱり(F あの)会社 勤め の 時 に やっぱり 無理 し て ま す よ ね 。 僕 ら の 時 っ た ら バブル の(F あの)ええ 時 で す から 、(P)会社 も 景気 え い し 、 せ や から どう し て も 無理 し て ま す よ ね 。	やっぱり会社勤めの時にやっぱり無理してますよね。僕らの時ったらバブルのええ時ですから、会社も景気えいし、せやからどうしても無理してますよね。	When I was a company employee, I pushed myself. Particularly in good times on bubble economy, the company also in good shape, so I had to push myself. 
LI-000071	(R あー)		
LI-000072	(R あー)		
LI-000073	(R はいはい)		
LI-000074	(R うーん)		
SP-000099	(R うーん)(F ま)今 の 人 は もっと 無理 し て る か も 分か ら ん で す けど 。	今の人はもっと無理してるかも分からんですけど。	I'm not sure about people now. They may work harder than us. 
LI-000075	いやいや 、 で も 、(R うーん)ね 、(F あの)(F その)(P)もっと もっと って い う 感じ で(F こー)(P)やりがい も あ っ た で しょ う し ね 。	いやいや、でも、ね、もっともっとっていう感じでやりがいもあったでしょうしね。	Well, it was not simply because the economy was active. Rather it was because you took pride in your job, right? 
SP-000100	(R うん)		
SP-000101	(R うん)そう で す ね 、 その 頃 ね 、 まあまあ そこそこ 頂け る し ね 、(R うーん)今 の 子 に 比べ た ら ね 、 え え ん で しょ う ね 。(R うーん)	そうですね、その頃ね、まあまあそこそこ頂けるしね、今の子に比べたらね、ええんでしょうね。	In those days, as we worked hard, our income was high compared to the workers of nowadays. 
LI-000076	(R うん)ね 。(R うん)	ね。	I see.
LI-000077	(R うーんうん)		
LI-000078	(R うーんうーん)		
LI-000079	だ から 頑張 っ て こ られ た ん で す よ ね 。(R うん)	だから頑張ってこられたんですよね。	So, you did your best. 
SP-000102	(R うん)(F ま)(F あの)まあまあ 人 並み で す 。(L うふふふふ)	まあまあ人並みです。	That's why you've been working hard.
LI-000080	(R うーん)(L ふふん)メンテナンス を し ながら 、 また ね 、 そう い う 楽しみ も ね 。(P)(F あのー)この 方 も 、 楽し い と 思 う とこ から 多分 勉強 さ れ た ん で す よ ね 。 何 で も そう で しょ う けど ね 。(R うんうんうんうん)	メンテナンスをしながら、またね、そういう楽しみもね。この方も、楽しいと思うとこから多分勉強されたんですよね。何でもそうでしょうけどね。	Keeping yourself fit and enjoying pastime. I assume you learnt out of fun. I guess that's the way it is for everything.
SP-000103	(R うん)		
SP-000104	(R うん)そう で す ね 。(R うん)	そうですね。	That's right. 
SP-000105	(R うーん)そう で しょ う ね 。(R うーん)	そうでしょうね。	Right. 
LI-000081	どこ か で その(F あの)興味 を 持 た れ て 、(F ま)ここ まで ね 、(P)さ れ た ん で す か ね 。	どこかでその興味を持たれて、ここまでね、されたんですかね。	You got interested in a hobby somewhere in your life and have stuck with it.
SP-000106	(R うーん)		
SP-000107	(R うーん)やっぱり 何 で も そう で す な 。 遊び で も 仕事 で も 、 興味 持 っ た ら 伸び る ん で しょ う ね 。	やっぱり何でもそうですな。遊びでも仕事でも、興味持ったら伸びるんでしょうね。	That's how it is for everything. You could be able to grow up if you get interested, which is both for play and work. 
LI-000082	(R うーん)		
LI-000083	(R うーんうんうん)		
SP-000108	(R うーん)		
LI-000084	ね 。	ね。	I think so.
SP-000109	(R うーん)		
LI-000085	どう で す か 、 じゃあ(F あの)(P)(F あのー)ね 、 お 兄 さん から なんか 託 さ れ た 事 なんか は 無 かっ た で す か ？	どうですか、じゃあね、お兄さんからなんか託された事なんかは無かったですか？	By the way, was there something your elder brother entrusted you with?
SP-000110	無 い で す ね 。?(F あ)もう やっぱり 身内 と は そんな に しょっちゅう ね 、(P)(F あの)女 の 兄弟 って い う の は わりかし あ る か も わか ら ん けど 、 男 の 兄弟 って い う の は 、(R うーん)たまに お う て も お う って 言 っ た ら 終わり や から ね 。(R うーん)	無いですね。もうやっぱり身内とはそんなにしょっちゅうね、女の兄弟っていうのはわりかしあるかもわからんけど、男の兄弟っていうのは、たまにおうてもおうって言ったら終わりやからね。	No, there wasn't. Brothers are like that. Maybe, sisters understand each other, but brothers may sometimes meet but do not talk frankly. 
LI-000086	(L あははん)そう で す か 。	そうですか。	Oh, really?
LI-000087	(R ふん)		
LI-000088	(L すすすす)		
LI-000089	(R うん)		
LI-000090	(R うーん)		
LI-000091	(R あー)		
LI-000092	(F ま)それ で 通じ る もの も あ る の か も しれ ま せ ん けど ね 。	それで通じるものもあるのかもしれませんけどね。	You may communicate somehow by that way.
SP-000111	(R うん)余計 な 事 い わ ん と ね 、 それ だけ で ね 。(R うーん)	余計な事いわんとね、それだけでね。	Yes, just by using few words.
LI-000093	(R うんうんうんうんうん)そう で す よ ね 。(R うんうん)	そうですよね。	I agree.
SP-000112	(R うーん)		
LI-000094	(R ふーん)		
LI-000095	(F あの)(F ま)嬉し い 話 で す よ ね 、(F あの)こう い う 世界 で 認め られ る 日本 人 が 沢山(P)(R うんうんうん)て い う の は ね 。	嬉しい話ですよね、こういう世界で認められる日本人が沢山ていうのはね。	Anyways, His news was a happy one. It's great to see so many Japanese that are internationally recognized.
SP-000113	(R うーん)		
SP-000114	(R うーん)すご い で す ね 。(R うーん)	すごいですね。	That's great. 
SP-000115	毎年 貰 っ て ま す から ね 。 何 人 か で す ね 。 すご い す ね 。(R うーん)	毎年貰ってますからね。何人かですね。すごいすね。	Every year several Japanese become laureates. Amazing.
LI-000096	ね 。 最近 多 い で す ね 。(R うんうんうん)	ね。最近多いですね。	Right, there have been many laureates. 
SP-000116	いや こう い う あれ?つけ て も 、 スポーツ に つ い て も ね 、 世界 一 って い う の が 何 人 も お る ん で す から ね 。	いやこういうあれつけても、スポーツについてもね、世界一っていうのが何人もおるんですからね。	Both in research and sports, there are many world's best. 
LI-000097	(R うん)		
LI-000098	そう で す ね 。 さすが 日本 人 で す ね 。	そうですね。さすが日本人ですね。	Right. What splendid people the Japanese are! 
SP-000117	(R うーん)		
SP-000118	すご い で す ね 。(F え)こんな 小さ い とこ で ね 。 そんな に お 金 が ね 、 国 から 出 て る わけ じゃ な い の に ね 。	すごいですね。こんな小さいとこでね。そんなにお金がね、国から出てるわけじゃないのにね。	I agree. From such a small country. And it's not that the government had provided them with financial support. 
LI-000099	(R うん)		
LI-000100	(R うーん)		
LI-000101	(R うん)		
LI-000102	(R うーん)		
SP-000119	(R うん)		
LI-000103	なんか 底力 が すご い で す よ ね 。	なんか底力がすごいですよね。	The underlying strength here is high, isn't it?
SP-000120	そう で す ね 。(R うーん)	そうですね。	Right. 
LI-000104	(R うんうんうん)		
LI-000105	日本 に 生まれ て 良 かっ た と(P)思 い ま す 。	日本に生まれて良かったと思います。	I'm happy to be born in Japan. 
SP-000121	(F あの)もう 海外 行 っ た ら 特に 思 い ま す ね 。 やっぱり 何 に 付け 、 治安 も ええ し 、 何 も か も ね 、 親切 や し ね 、 日本 は ね 。(R うーん)	もう海外行ったら特に思いますね。やっぱり何に付け、治安もええし、何もかもね、親切やしね、日本はね。	When I leave Japan, I feel that way. Japan is so safe, and people are kind. 
LI-000106	(R あー)		
LI-000107	(R うーんうーん)		
LI-000108	(R うーんうん)		
LI-000109	旅行 と か は よく 行 か れ た ん で す か 、 今 も ？	旅行とかはよく行かれたんですか、今も？	Do you often travel? Even now?
SP-000122	(R うーんうん)仕事 の 関係 で まあまあ ちょこちょこ 生か し て もら っ たり し た で す ね 。(F ま)遊び で も 行 っ たり し ま し た けど 、(P)(F ま)そんな に 言 う ほど 沢山 じゃ な い ん で す けど 、(P)(F ま)いや 、 せ や から 。	仕事の関係でまあまあちょこちょこ生かしてもらったりしたですね。遊びでも行ったりしましたけど、そんなに言うほど沢山じゃないんですけど、いや、せやから。	I used to go abroad on business from time to time. Sometimes I traveled for fun. But not that often, so. 
LI-000110	(R はー)		
LI-000111	(R はー)		
LI-000112	いやいや 、 いやいや 、 すご い で す ね 。 お 仕事 で で も 海外 行 か れ て た ん で す か 。	いやいや、いやいや、すごいですね。お仕事ででも海外行かれてたんですか。	Oh really? Great! You had been overseas for business, too. 
SP-000123	(R うん)(F あのー)見学 に 行 っ たり ね 。(R うーん)	見学に行ったりね。	Yes, to see exhibitions, for example.
LI-000113	(R はーふーん)		
LI-000114	私 は まだ 一 回 も 行 っ た 事 無 い ん で す けど 。	私はまだ一回も行った事無いんですけど。	I've never been overseas. 
SP-000124	(F あ)そう で す か 。	そうですか。	Really?
LI-000115	この 先行 く 予定 も 無 い ん で 、(P)多分 。	この先行く予定も無いんで、多分。	I have no plan to go abroad. I think.
SP-000125	(F うーん)(P)(L うふふふ)		
LI-000116	世界 を 知 ら な い まま に 。(L ふふふふふふ)	世界を知らないままに。	I will live out my life without learning about the world. 
SP-000126	いや 、 やっぱり 日本 の 方 が 安心 で す ね 。	いや、やっぱり日本の方が安心ですね。	All in all, Japan is safer than any other country. 
LI-000117	そう で す か ね 。	そうですかね。	I agree. 
SP-000127	(R うーん)		
LI-000118	最近 特に ね 、(F あの)ほんと に 今 まで 結構 大丈夫 だっ た とこ で も 、 色々 言 わ れ て ま す もん 。(R うーん)	最近特にね、ほんとに今まで結構大丈夫だったとこでも、色々言われてますもん。	Some regions, which used to be safe, have recently comes to an issue. 
SP-000128	(R うーん)		
SP-000129	怖 い で す から ね 。 もう テロ なんか に あ え ば ね 、 不運 な 事 に な る し ね 。(R うーん)	怖いですからね。もうテロなんかにあえばね、不運な事になるしね。	I'm scared. It'd be unfortunate if we encounter an act of terrorism. 
LI-000119	そう で す ね 。 そう い う の も ほんと に いつ って い う の も 分か り ま せ ん もん ね 。(R うん)間 が 悪 い と 。(R うん)	そうですね。そういうのもほんとにいつっていうのも分かりませんもんね。間が悪いと。	Right. Such an event is unforeseeable. We might get involved if we're at the wrong time.
SP-000130	分か り ま せ ん もん ね 。(R うーん)その 点 ね 、 日本 は まだ 変 な ん が 入 っ て 来 て な い から 、 ええ で す けど ね 。	分かりませんもんね。その点ね、日本はまだ変なんが入って来てないから、ええですけどね。	Yes, who knows? Fortunately, the terrorists have not entered Japan yet. 
LI-000120	そう で す ね 、(R うん)何 より で す よ ね 。(R うん)	そうですね、何よりですよね。	Yes, fortunately.
SP-000131	(R うーん)		
LI-000121	(F ま)そんな 嬉し い(F あの)お 知らせ も あ れ ば 、(F あの)相模原 の 事件 で す 。	そんな嬉しいお知らせもあれば、相模原の事件です。	There has been good news, and bad news. The Sagamihara incident.
SP-000132	(R うん)		
SP-000133	(R あー)		
LI-000122	(F あのー)津久井 やまゆり 園 の(P)(F あの)(P)悲惨 な あの 。	津久井やまゆり園の悲惨なあの。	You mean the tragedy at Tsukui Yama Yuri Welfare Institution.
SP-000134	(R うん)		
SP-000135	(R あー)(F え)(R あー)殺害 の やつ ね 。(R うーんうーん)	殺害のやつね。	Murder, wasn't it?
LI-000123	あ り ま し た よ ね 、 あれ びっくり し ま し た よ ね 。	ありましたよね、あれびっくりしましたよね。	Yes, it was. This surprised me a lot. 
SP-000136	(R うーん)		
LI-000124	ああ い う の ね 。	ああいうのね。	Such a surprising incident.
SP-000137	元 従業 員 と 言 う か 、 元 従事 者 言 うんか な 、 あんな ん は 。(R うーん)	元従業員と言うか、元従事者言うんかな、あんなんは。	The murderer was a former employee, or an ex-employee. 
LI-000125	そう で す ね 。	そうですね。	That's right. 
LI-000126	ほんと に 何 て 言 う ん で しょ う 、(F あの)(P)人 の する 事 じゃ な い って い う 。	ほんとに何て言うんでしょう、人のする事じゃないっていう。	What should I say! His act was inhuman. 
SP-000138	(R うーん)何 か が 狂 っ た ん で しょ う ね 。 何 か の つけ 間違い で しょ う な 。	何かが狂ったんでしょうね。何かのつけ間違いでしょうな。	I guess he was falling apart. Probably it was caused by a repeat of misunderstanding.
LI-000127	(R うーん)		
LI-000128	ね 。	ね。	Yeah. 
SP-000139	(R うーん)		
SP-000140	(F ま)ああ い う 方 が 最近 、 だいぶん 、 チョロチョロ と(P)ね 、 目 に つ き ま す けど ね 、(F ま)昔 も あ っ た ん か も わか ら ん す ね 。 こん だけ 情報 が ね 、(P)公 に さ れ ん の は 、 前 、 昔 は 無 かっ た と 思 う ん で 、 今頃 は 何 で も かん で も 情報 が あれ する から ね 。	ああいう方が最近、だいぶん、チョロチョロとね、目につきますけどね、昔もあったんかもわからんすね。こんだけ情報がね、公にされんのは、前、昔は無かったと思うんで、今頃は何でもかんでも情報があれするからね。	There have been such kind of people recently, or maybe such people existed in the past. Back in those days, information was not publicized as much as today. Nowadays all things go public. 
LI-000129	(R うん)		
LI-000130	(R うーん)		
LI-000131	(R うーん)		
LI-000132	(R あーあー)		
LI-000133	(R うーんうーんうーん)そう で す ね 、 たしか に ね 。	そうですね、たしかにね。	That's right. I agree. 
SP-000141	(R うーんうーん)昔 は 無 かっ た ら い う て 、(R うん)あ っ た ん ちゃ い ま す か ね 、 昔 も ね 、(P)と は 思 う ん で す けど ね 。(R うーん)	昔は無かったらいうて、あったんちゃいますかね、昔もね、とは思うんですけどね。	People say such murder did not occur in the past, but there were, I think. 
LI-000134	(R あーあー)		
LI-000135	聞こえ て こ な かっ た って い う 。(R うーんうーんうーん)	聞こえてこなかったっていう。	Such incidents were not disclosed.
SP-000142	と い う 事 は あ る と 思 う ん で す よ ね 。(R うーん)	という事はあると思うんですよね。	I believe they are not publicized. 
LI-000136	今 は もう 、 すぐ に もう 広ま り ま す もの ね 。(R うんうん)ほんと に ね 。	今はもう、すぐにもう広まりますものね。ほんとにね。	Now, such news spreads fast. It's very fast. 
SP-000143	(F ま)すぐ 出 ま す から ね 。	すぐ出ますからね。	The incidents are immediately disclosed. 
SP-000144	(R うーん)		
LI-000137	ね 、 で も(F あの)そう い う 、 今 ほんと に(P)毎日 毎日 色んな 事件 が ね 、(P)起こ り ま す よ ね 。	ね、でもそういう、今ほんとに毎日毎日色んな事件がね、起こりますよね。	Now, various events occur every day, don't they?
SP-000145	(R うん)		
LI-000138	ほんで 大きな 事 が 、 それ を まだ 解決 し て な い うち に 、 違 う 事 で 、 どんどん また その 大きな 事件 も 忘れ る 位 に 次 の 事件 が 起こ る って い う ね 。	ほんで大きな事が、それをまだ解決してないうちに、違う事で、どんどんまたその大きな事件も忘れる位に次の事件が起こるっていうね。	One event occurs and before this is solved, another big event occurs before the former event is forgotten. 
SP-000146	(R うん)		
SP-000147	(R うん)		
SP-000148	そうそう 。(R うん)	そうそう。	Yes. 
SP-000149	(R うーん)そう で しょ う な 。	そうでしょうな。	Yes, it is. 
LI-000139	ね 。	ね。	Right. 
SP-000150	(F ま)せ や けど マスコミ が その 事件 を とらえ る か とらえ へん か 、 面白 い 事件 を 取り上げ て 、 視聴 者 の 興味 を そそ る よう な(P)事件 ばっかり(F ま)表 に 出 て る か も わか ら ん す よ 。 ほんと は もっと 綺麗 な 、 綺麗 な 事件 て あ る か どう か あれ や けど 、(P)綺麗 なあれ は あ る ん や けど 、 これ は 面白 く な い から 出 て な い ん か も わか ら ん で す よ ね	せやけどマスコミがその事件をとらえるかとらえへんか、面白い事件を取り上げて、視聴者の興味をそそるような事件ばっかり表に出てるかもわからんすよ。ほんとはもっと綺麗な、綺麗な事件てあるかどうかあれやけど、綺麗なあれはあるんやけど、これは面白くないから出てないんかもわからんですよね	But whether mass media covers cases or not is dependent on how bizarre the cases are. They show only eye-catching cases, which stirs the audience' interest. That's why such cases are visible to people. Not sure if the expression clean cases are right, but if there are clean cases, they may not be exciting, and so they are not out in public. 
LI-000140	(R あー)		
LI-000141	(L あはははは)		
LI-000142	(R うん)		
LI-000143	(R あー)		
LI-000144	(R あー)なるほど ね 。	なるほどね。	I see. 
SP-000151	我々 が 面白 と い う か 、 興味 示 す よう な 情報 ばっかり 、 ぼんぼんぼんぼん マスコミ が あげ て る だけ か も 分から ん し ね 。	我々が面白というか、興味示すような情報ばっかり、ぼんぼんぼんぼんマスコミがあげてるだけかも分からんしね。	It may be that the mass media covers only exciting events, in which we show interest. 
LI-000145	(R うんうん)		
LI-000146	(R うーんうーんうーん)		
SP-000152	(R うん)他 に は もっと あ る ん で しょ う な 、 色々 。(R うーん)	他にはもっとあるんでしょうな、色々。	There are a lot of things that are not covered.
LI-000147	(R うーんうーん)		
LI-000148	逆 に そう い う 情報 は もう 自分 で どこ か へ 探 し に 行 か な い と(P)ね 、?ね 。(R うん)	逆にそういう情報はもう自分でどこかへ探しに行かないとね、ね。	To get such information, you must voluntarily go to find it. 
SP-000153	(F あ)いかん と あ か ん の で しょ う ね 。(R うーん)(P)ね 、 新聞 の 隅 から 隅 まで 読 ん で 、 その 小さ い 記事 を 自分 なり に(P)会得 する と い う か 、 解釈 し て ね 、(F え)すれ ば い い ん で す けど 、 なかなか ね 。(L ふ)	いかんとあかんのでしょうね。ね、新聞の隅から隅まで読んで、その小さい記事を自分なりに会得するというか、解釈してね、すればいいんですけど、なかなかね。	Yes, must go for it. One example would be to read a newspaper every inch, and to digest articles in your own way. I know it's easier said than done. 
LI-000149			
LI-000150	そう で す 。(R うんうん)	そうです。	Yes. 
LI-000151	そう で す ね 。	そうですね。	I agree. 
SP-000154	(R うーん)		
LI-000152	で も そう い う 事 で 、 ちょっと(F あの)気持ち も こう(F あの)優し く って い う か 、 ね 、 し な い と あまり に も(F なんか)(F あの)目 から 耳 から 入 っ て くる もの って 、 殺伐 と し て ま す よ ね 。	でもそういう事で、ちょっと気持ちもこう優しくっていうか、ね、しないとあまりにも目から耳から入ってくるものって、殺伐としてますよね。	Such incidents we hear and watch make our world seem bleak. We must sometimes take a break from such information and chill out.
SP-000155	(R うん)		
SP-000156	(R うん)		
SP-000157	(R うーん)で す ね 。(R うーん)	ですね。	Right. 
LI-000153	(R うーん)ね 。	ね。	Yeah. 
LI-000154	だ から(F あの)そう い う グランド ゴルフ と か ね 、 ゴルフ なんか も そう で す 、 外 へ 出 て さ れ る スポーツ なん か ね 、(P)やっぱり い い で す よ ね 。	だからそういうグランドゴルフとかね、ゴルフなんかもそうです、外へ出てされるスポーツなんかね、やっぱりいいですよね。	So, outdoor sports like ground golf or golf is good. 
SP-000158	(R うん)		
SP-000159	(R うん)		
SP-000160	(R ええ)		
SP-000161	(R うーん)やっぱり 何 人 か と 話 し ま す から ね 、 どう し て も ね 。(R うーん)	やっぱり何人かと話しますからね、どうしてもね。	While playing ground golf, I talk to others. 
LI-000155	(R うんうんうんうん)		
LI-000156	そう で す ね 。	そうですね。	Yes. 
SP-000162	(R うーん)		
LI-000157	一人 で する 事 じゃ な い で す し ね 。(R うん)	一人でする事じゃないですしね。	Golf is not a solitary thing. 
SP-000163	そう で す 、 そう な ん で す よ ね 。(R うーん)	そうです、そうなんですよね。	Yes, I agree. 
LI-000158	やっぱり(F あの)誰 か と こう 関わ っ て ね 、 話 を し たり って い う の も あ る し 、(F あの)(F その)外 の 空気 と か(P)自然 と か に 触れ る って い う の も あ り ま す もの ね 。	やっぱり誰かとこう関わってね、話をしたりっていうのもあるし、外の空気とか自然とかに触れるっていうのもありますものね。	I can interact with people, such as talking with someone, breathe fresh air, and engage with nature. 
SP-000164	(R うん)		
SP-000165	(R うーん)		
SP-000166	(R うん)		
SP-000167	(R うーん)やっぱり 歳 い く と ね 、 例えば 明日 が グランド ゴルフ や 、 明後日 が(F あのー)ゴルフ や 、 その 次 が カラオケ や 言 う た ら 、 その(F こー)何 て 言 うんか な 、 楽しみ と 言 う か 、(F こー)目標 言 う た ら(P)小さ い もん や けど 、(P)今日 こう い う ふう な(F あー)明日 起き た ら カラオケ や な と か ね 、(P)(R うん)なんか それ で ね 、(F え)今 や っ て て も カラオケ で も 、 私 と この 、(F あの)とこ で や っ て る 、 二十 人 位 来る ん で す けど 、 結局(F そのー)皆 さん 家族 に 聞 い た ら 、 お ばあ ちゃん は 明日 カラオケ や 言 う て 、 今晩 楽しみ に し て ま し た と か ね 。	やっぱり歳いくとね、例えば明日がグランドゴルフや、明後日がゴルフや、その次がカラオケや言うたら、その何て言うんかな、楽しみと言うか、目標言うたら小さいもんやけど、今日こういうふうな明日起きたらカラオケやなとかね、なんかそれでね、今やっててもカラオケでも、私とこの、とこでやってる、二十人位来るんですけど、結局皆さん家族に聞いたら、おばあちゃんは明日カラオケや言うて、今晩楽しみにしてましたとかね。	When you grow old, you feel a little sense of purpose, something to look forward the next day by planning your schedule. For example, the ground golf tomorrow, golf the day after tomorrow, and karaoke after that. There's fun in thinking things like Oh, tomorrow's my karaoke day. By the way, my karaoke club has 20 people. A family member of my karaoke friend once told me that Granny has been so enthusiastic about going karaoke from the night before. 
LI-000159	(R うん)		
LI-000160	(R はい)		
LI-000161	(R はー)いえ いえ いえ 。	いえいえいえ。	Oh, that's right. 
LI-000162	(R うんうん)		
LI-000163	(R うーんうんうん)		
LI-000164	(R うん)		
LI-000165	(R はい)		
LI-000166	(R あー)何 より で す ね 。(R うん)	何よりですね。	You enjoy it a lot, don't you?
SP-000168	(R うーんうーん)		
LI-000167	明日 を 楽しみ に 出来 る って もう 一番 素敵 な 事 だ と 思 い ま す よ ね 。	明日を楽しみに出来るってもう一番素敵な事だと思いますよね。	It's the best to have something fun to look forward to tomorrow. 
SP-000169	何 か ね 、 もう 予定 表 に 明日 は 何々 って 書 い て る の が ね 。(R うーん)	何かね、もう予定表に明日は何々って書いてるのがね。	It's nice for us to have something written on the schedule.
LI-000168	で す よ ね 。(R うーんうんうん)良 い で す よ ね 。	ですよね。良いですよね。	Yes, it's so good. 
SP-000170	(R うーん)		
LI-000169	今 ちょっと 寒 い 時期 で す けれど 、(F ま)外 で 動 き にく かっ たり も し ま す けど 、 そう い う 時 は また 、 あった か い とこ で カラオケ と か ね 。(R うん)	今ちょっと寒い時期ですけれど、外で動きにくかったりもしますけど、そういう時はまた、あったかいとこでカラオケとかね。	Now, it's cold, and so going outside is not recommendable, but in such a season, we can enjoy karaoke in a warm room. 
SP-000171	(R うん)		
SP-000172	(R うーん)		
SP-000173	(R うーん)いや もう 、 グランド ゴルフ で も(P)この 寒 い の に 皆 、 出 て 来 ま す よ 。	いやもう、グランドゴルフでもこの寒いのに皆、出て来ますよ。	Many people go outside for ground golf even on cold days. 
LI-000170	(F あ)そう で す か 。 元気 で す ね 。	そうですか。元気ですね。	Really? How active they are. 
SP-000174	(R うーん)		
SP-000175	(R うん)皆 、 楽しみ らし い で す ね 。(F ま)週 に 二 回 あ る ん で す けど ね 。	皆、楽しみらしいですね。週に二回あるんですけどね。	Everyone is looking forward to ground golf. We play twice a week. 
LI-000171	(R あー)		
LI-000172	(R あー)		
SP-000176	それ を この 寒 い から 出 て き い ひん?なかなか ね 。(R うーん)	それをこの寒いから出てきいひんなかなかね。	Some people are hesitant to go outside because it's cold. 
LI-000173	(R はいへー)		
LI-000174	週 に 二 回 って 言 っ た ら 。	週に二回って言ったら。	Twice a week?
SP-000177	水曜 日 と 金曜 日 に や っ て る ん で す よ 。(R うん)	水曜日と金曜日にやってるんですよ。	We play on Wednesday and Friday. 
LI-000175	結構(F あの)すぐ で す よ ね 。(F あの)週 に 二 回 っ て 割 と 、 ね 。	結構すぐですよね。週に二回って割と、ね。	Quite soon. Twice a week is often, isn't it? 
SP-000178	(R うん)		
SP-000179	(F あ)早 い で す よ 。	早いですよ。	Yes, it is quite soon.
SP-000180	水曜日 なんか 行 っ た ら 、 もう すぐ 金曜 日 まで い う た ら 、 木曜 日 挟 ん で 、 もう(P)昨日 あ っ て 明後日 こう あ る 、 と い う 感じ や から ね 。(R うーん)	水曜日なんか行ったら、もうすぐ金曜日までいうたら、木曜日挟んで、もう昨日あって明後日こうある、という感じやからね。	If you go on Wednesday, it will be two days later, with only Thursday in between. 
LI-000176	そう で す よ ね 。	そうですよね。	Yes. 
LI-000177	で す よ ね 。 だ から(F あの)割と ハード な スケジュール で す よ ね 。	ですよね。だから割とハードなスケジュールですよね。	Yes, it's a rather hard schedule. 
SP-000181	(R うーん)で 、 や っ て る 時間 は 一 時間 か 一 時間 半 位 で す けど ね 。(R うーん)	で、やってる時間は一時間か一時間半位ですけどね。	But, the play time is only one or one and a half hours. 
LI-000178	(R うーん)		
LI-000179	(R はい)		
LI-000180	(R ふーん)皆 さん すご い で す ね 。 お 元気 で ね 、 何 寄り で す 。	皆さんすごいですね。お元気でね、何寄りです。	Everyone must be so happy and healthy. That's good. 
SP-000182	(R うーん)(L あはは)		
SP-000183	(R うーん)		
LI-000181	だ から 、 それ が 目的 が あ っ て そこ へ 行 こ う って 思 う から また ね 、(F あの)普段 ちょっと 気 を つけ たり と か(F あの)さ れ る ん で しょ う ね 。(R うんうんうん)	だから、それが目的があってそこへ行こうって思うからまたね、普段ちょっと気をつけたりとかされるんでしょうね。	They take care of themselves because they have an objective, to be able to get there.
SP-000184	そう で す わ 。	そうですわ。	Yes, that's true. 
SP-000185	(R うん)		
SP-000186	(R うーんうーん)		
SP-000187	結局 、 老人 会 い う て も そう な ん で す けど 、 出 て(P)こ な い 人 、(P)出 て こ う と い う 意欲 を 見せ な い 人 ね 。	結局、老人会いうてもそうなんですけど、出てこない人、出てこうという意欲を見せない人ね。	So that's what we do in our elderly club. On the other hand, there are some who won't venture to go out.
LI-000182	(R うーん)		
LI-000183	(R うんうん)		
SP-000188	これ を 引っ張 り だ さ な あ か ん な と い う の を ね 、 老人 会 で も よう あれ し て る ん で す けど ね 。	これを引っ張りださなあかんなというのをね、老人会でもようあれしてるんですけどね。	Our elderly club have been actively persuading such people to go out and socialize. 
LI-000184	(R あー)素晴らし い 、 素晴らし い で す 。	素晴らしい、素晴らしいです。	That's wonderful. 
SP-000189	なかなか ね 、 で 、 いっぺん 来 て 、 友達 が 出来 て 、 話 し 相手 が 出来 た ら 、(P)ほな 次来 は る 。 ほな 次来る と また(F こー)(P)(F あのー)あれし は る ん で ね 、(F え)継続 さ れ る ん で ね 、 ほん で また 新た な 友達 が 出来 て ね 、 しかし そこ へ 出 て くる まで が ね 、(P)これ は おそらく ど こ の 老人 会 で も ね 、 皆 、 悩 ん で る と 思 う ん で す よ 。(R うーん)	なかなかね、で、いっぺん来て、友達が出来て、話し相手が出来たら、ほな次来はる。ほな次来るとまたあれしはるんでね、継続されるんでね、ほんでまた新たな友達が出来てね、しかしそこへ出てくるまでがね、これはおそらくどこの老人会でもね、皆、悩んでると思うんですよ。	Once a newcomer comes to the event and makes a new friend to talk to, he or she will show up the next time. Then they make another new friend...the cycle will go on and on. But, it's hard to get some people to show up to the events. This is a common issue in all elderly clubs. 
LI-000185	(R はい)		
LI-000186	(R うーん)		
LI-000187	(R うーん)		
LI-000188	(R うーん)		
LI-000189	(R はい)		
LI-000190	(R はい)		
LI-000191	(R はいはい)		
LI-000192	そう で す ね 。	そうですね。	Right. 
LI-000193	(R うん)		
LI-000194	(R うーんうんうんうん)		
LI-000195	一 歩 が なかなか 踏み出せ な い 。	一歩がなかなか踏み出せない。	The first single step is hard. 
SP-000190	(F あ)一 歩 が 踏み出せ な い ん で す よ 。	一歩が踏み出せないんですよ。	Yes, the first step is difficult. 
LI-000196	ね 。(R うんうんうんうんうん)	ね。	Yeah. 
SP-000191	(R うん)面倒 くさ い と か ね 。	面倒くさいとかね。	It's troublesome. 
SP-000192	(R うーん)		
LI-000197	そう で す ね 。	そうですね。	Exactly. 
SP-000193	(R うん)大体 面倒 くさ い で す わ 。(R うん)ほんで 、 そう い う 方 、 来出 し た ら 今度 は ね 、(P)(F えー)一番 先 に 走 る から ね 。(L えへへへ)	大体面倒くさいですわ。ほんで、そういう方、来出したら今度はね、一番先に走るからね。	Yes, the first step is hard. But, such a person will be very active once he or she gets to like it. 
LI-000198	(R うーんうん)		
LI-000199	(R うん)		
LI-000200	(L うはははふふ)確か に ね 、 そう で す よ ね 。	確かにね、そうですよね。	Exactly, that's right. 
SP-000194	(R うん)		
LI-000201	で も(F あの)(F その)楽し い 事 を ご 存知 の 人 達 に し た ら 、 やっぱり 誘 っ て あげ た い って い う 気持ち も 強 い で す もん ね 。(R うんうん)	でも楽しい事をご存知の人達にしたら、やっぱり誘ってあげたいっていう気持ちも強いですもんね。	People who experience fun may feel like sharing their fun with others. 
SP-000195	(R うん)そう で す ね 。(R うん)	そうですね。	Right. 
LI-000202	ね 、 そんな 一人 で 家 に い な い で って ね 。(R うーん)	ね、そんな一人で家にいないでってね。	Yeah, you feel like telling, Don't stay inside alone.
SP-000196	(R うーん)		
LI-000203	そう い う 繋がり って 大事 で す よ ね 。(R うん)	そういう繋がりって大事ですよね。	Yes, relations are important. 
SP-000197	(R うーん)特に ね 、 男 の 人 は 、 奥 さん が 先 に 亡くな る と 出 て こ な い って ね 、 ほん で 反対 で 、 女 の 人 は 男 の 、 旦那 さん 亡くな っ た ら ね 、(F まー)四十 九 日 まで は 全く 動き 示 さ な い けど 、(P)過ぎ た ら 、 そら 結構 まあまあ フリー な 時間 が ね 、 出来 て 、(P)多 い よう に 思 う ん で す けど ね 、 どの クラブ 見 て も ね 。	特にね、男の人は、奥さんが先に亡くなると出てこないってね、ほんで反対で、女の人は男の、旦那さん亡くなったらね、四十九日までは全く動き示さないけど、過ぎたら、そら結構まあまあフリーな時間がね、出来て、多いように思うんですけどね、どのクラブ見てもね。	Particularly for men. Men tend to stay inside after their spouses' death. On the other hand, women act differently when their husbands die. Of course, they stay at home and mourn for 49 days, but after that, they seem to socialize vigorously because there is a lot of leisure time. This is a typical phenomenon among the clubs.
LI-000204	(R あー)		
LI-000205	(L あははふ)		
LI-000206	(R うん)		
LI-000207	(R あーあーあー)		
LI-000208	(R はーい)		
LI-000209	(R はいはい)		
SP-000198	(R うーん)		
LI-000210	皆 さん ね 、(R うん)やっぱり 話 相手 を 求め て と か ね 、(R うんうん)で 、 女 の 方 は 結構 出 て こ られ る ん で しょ う ね 。(R うん)	皆さんね、やっぱり話相手を求めてとかね、で、女の方は結構出てこられるんでしょうね。	Women want someone to talk to, so they go outside to talk. 
SP-000199	(R うーん)		
SP-000200	(R うーん)まあ 。	まあ。	Maybe. 
SP-000201	そう で す よ ね 。 ご 主人 の この 食事 の 用意 と か 、 色々 せ ん で ええ で す から 、 フリー な 時間 が だいぶ 出来 ま す よ ね 。	そうですよね。ご主人のこの食事の用意とか、色々せんでええですから、フリーな時間がだいぶ出来ますよね。	Women have a lot of free time as they don't have to prepare meals for her husbands any more. 
LI-000211	(R うーん)		
LI-000212	(R うーん)		
SP-000202	(R うん)そう し たら 出 て き は る ん で しょ う ね 。(R うん)	そうしたら出てきはるんでしょうね。	In that situation, they go outside.
LI-000213	(R うーん)		
LI-000214	そう で す か 。(R うーん)	そうですか。	Yes. 
SP-000203	(R うん)		
LI-000215	ね 。	ね。	Yeah. 
LI-000216	また どんどん 輪 が 広が る と 良 い で す よ ね 。	またどんどん輪が広がると良いですよね。	I hope your activities are widely accepted. 
SP-000204	(R うん)そう で す ね 。(L うふ)	そうですね。	I hope so. 
LI-000217	(R うーん)		
LI-000218	まだまだ し な い と いけ な い 事 、 沢山 あ り そう で す ね 。	まだまだしないといけない事、沢山ありそうですね。	I guess you got a lot of things to do.
SP-000205	いや 、 もう 、 もう 段々?出 不精 な っ て くる ん で す よ ね 。	いや、もう、もう段々出不精なってくるんですよね。	No, actually, I'm becoming a stay-at-home man.
LI-000219	楽し い 事 が 。	楽しい事が。	But I thought you had fun things to do.
LI-000220	(F えー)そう で す か 。	そうですか。	Really?
SP-000206	(F え)今日 は 休 も か と か ね 、(F あのー)その 一 回 休 ん だ ら 、 次 また こう ずるっ と 、 もう ええ か と こう な っ て ね 、 ついつい 億劫 な る ん で す ね 、 今度 ね 。(R うーん)そう な り ま す わ 、 段々 。	今日は休もかとかね、その一回休んだら、次またこうずるっと、もうええかとこうなってね、ついつい億劫なるんですね、今度ね。そうなりますわ、段々。	At first you may feel like just taking a rest. Once you miss it, it becomes easier to miss the next. This repeats gradually. 
LI-000221	(R はー)		
LI-000222	(R うーん)		
LI-000223	(R うんうんうん)		
LI-000224	(R うーん)		
LI-000225	そう で す か 。	そうですか。	Really?
SP-000207	足 が 痛 い 、 手 が 痛 い なんか 言 う て ね 、(R うん)結構 ね 。	足が痛い、手が痛いなんか言うてね、結構ね。	The excuses may be my legs hurt or my hands hurt. 
LI-000226	(R あー)		
LI-000227	(R うーん)やっぱ 行 く と また ね 、(P)行 っ て しま う と ね 。	やっぱ行くとまたね、行ってしまうとね。	But, once you attend, you will go again. 
SP-000208	(R うーん)		
SP-000209	行 く 、 行 っ て しま う と ね 。(R うーん)	行く、行ってしまうとね。	Yes, I will go. 
LI-000228	(R うーん)		
LI-000229	で す よ ね 。	ですよね。	Right. 
SP-000210	(R うーん)		
LI-000230	(R うーん)		
LI-000231	そう で す か 。	そうですか。	Really?
LI-000232	い い で す ね 、 色んな 事 を こう 楽し ん で られ る 、 そう い う 時間 が 、(F あ)沢山 お 持ち で 。	いいですね、色んな事をこう楽しんでられる、そういう時間が、沢山お持ちで。	You seem happy because you enjoy various things and have a lot of time for fun. 
SP-000211	(R うん)		
SP-000212	たまたま その 町内 と い う か 、 自治 会 で そう い う ふう な 場 を(F あの)作 っ て 貰 っ て る あれ が ね 、(P)(R うーん)やっぱり(P)何 ちゅ う か な 、(F あの)(P)隣り 近所 で や ろ か や ろ か 言 う た っ て 、 これ ごく 僅か な 小さ い グループ や けど 、 その 町内 が 全体 で 支援 し て くれ て 、 その 場所 を 提供 し て くれ て 、(P)或いは 僅か ながら で も 、 支給 、(F あの)支援 し て ね 、(P)すれ ば 、 また 輪 は ずんずんずん 広が っ て い く や ろ う けど 、(P)なかなか 今 ね 、 そんな 皆(L あは)支援 し て ね 、 あれ する よう な とこ 無 い で しょ う から ね 。(R うーん)	たまたまその町内というか、自治会でそういうふうな場を作って貰ってるあれがね、やっぱり何ちゅうかな、隣り近所でやろかやろか言うたって、これごく僅かな小さいグループやけど、その町内が全体で支援してくれて、その場所を提供してくれて、或いは僅かながらでも、支給、支援してね、すれば、また輪はずんずんずん広がっていくやろうけど、なかなか今ね、そんな皆支援してね、あれするようなとこ無いでしょうからね。	Because our local community association happened to create an opportunity to gather for the elderly. It's difficult to form even small scale gathering by just our neighbors, without the support of such an association. We are happy the association provides a place and budget. Even the slightest support counts. Such a support will expand the activities but not all regions have this kind of support. 
LI-000233	(R うん)		
LI-000234	(R うーん)		
LI-000235	(R はい)		
LI-000236	(R うん)		
LI-000237	(R うん)		
LI-000238	(R うん)		
LI-000239	(R あー)		
LI-000240	(R はい)		
LI-000241	そう で す ね 。(R うん)	そうですね。	Right.
LI-000242	(R うんうんうんうんうん)		
SP-000213	で 、 ボランティア で す もん ね 、 やっぱり 。	で、ボランティアですもんね、やっぱり。	Basically, it is a voluntarily basis. 
LI-000243	(R うーんうん)		
SP-000214	誰 か が その(P)(F こ)カラオケ で も する って 言 え ば 、 それ 一番 先 に 行 っ て 、 皆 が 来る より 三十 分 前 に 行 っ て 、 机 を セット する 、 機械 を セット する 、(P)その ボランティア 、 で 、 終わ っ た ら それ を 片付け る 。(R うーん)	誰かがそのカラオケでもするって言えば、それ一番先に行って、皆が来るより三十分前に行って、机をセットする、機械をセットする、そのボランティア、で、終わったらそれを片付ける。	If someone says, let's enjoy karaoke, he or she must arrive at the venue 30 minutes before to set up tables and machines. After that, they must clean up. 
LI-000244	(R うん)		
LI-000245	(R うんうんうん)		
LI-000246	(R うーん)		
SP-000215	そう い う 人 が 何 人 か 絶対 要 り ま す もん ね 。	そういう人が何人か絶対要りますもんね。	A few peoples are needed. 
LI-000247	そう で す ね 。 それ は ね 。(R うーん)	そうですね。それはね。	Right. That's right. 
SP-000216	(R うーんうーん)		
LI-000248	そう い う 方 が いら し て こそ な ん で す よ ね 。(R うん)	そういう方がいらしてこそなんですよね。	Anything is done because they are present. 
SP-000217	そう で す わ 。 そう い う 人 が い な い と 、 もう 全く(P)皆 来 て から 、 おおい や ろ う か 言 う た っ て なかなか ね 。(R うーん)で 、 人 に よ っ た ら 、 言 い 方 悪 い けど 、(P)ずる賢 い と い う か 、(P)こんな 重た い テーブル 持 つ の 嫌 や 言 う た ら 、 ちょうど 机 が 並 び 終わ っ た 位 に 行 こ か と か ね 。	そうですわ。そういう人がいないと、もう全く皆来てから、おおいやろうか言うたってなかなかね。で、人によったら、言い方悪いけど、ずる賢いというか、こんな重たいテーブル持つの嫌や言うたら、ちょうど机が並び終わった位に行こかとかね。	Right. Without the them, we can't jumpstart it smoothly. And you might not like the way I say, but there actually are sly members who show up just when the tables are set because they don't want to move around heavy tables.
LI-000249	そう で す ね 。(R うん)	そうですね。	Right.
LI-000250	(R うん)		
LI-000251	(R あー)		
LI-000252	(R あー)(L ふふふふ)そう で す ね 。	そうですね。	Right.
SP-000218	(R うーん)		
SP-000219	(R うん)やっぱり あ る ん で す よ ね 。(R うーん)	やっぱりあるんですよね。	Such a thing may happen. 
LI-000253	(R うん)それ は ね 、 それぞれ で す もん ね 。	それはね、それぞれですもんね。	That is right, every person is different 
SP-000220	(R うん)		
SP-000221	(R うん)(F ま)その へん は 無視 し て い か ん と ね 、(P)(R うん)それ に とやかく 言 う と 、 出 て こ な く な る ん で ね 。(R うんうん)	そのへんは無視していかんとね、それにとやかく言うと、出てこなくなるんでね。	We must overlook such matters. If I try to say something, a person like that may stop attending. 
LI-000254	(R うーん)		
LI-000255	(R うん)		
LI-000256	(R あー)そう で す ね 。(R うーん)	そうですね。	Right.
LI-000257	その へん も やっぱり 付き合い の 仕方 って い う の が ね 、 ある か も しれ ま せ ん ね 。(R うん)	そのへんもやっぱり付き合いの仕方っていうのがね、あるかもしれませんね。	The methods to maintain relations is necessary.
SP-000222	(R うーん)		
SP-000223	(R うーん)		
LI-000258	で も(F ま)お 互い に 楽し く 過ご す って い う の で ね 、(P)(R うん)百 歩 譲 っ て お ら れ る 方 で す ね 、 多分 。	でもお互いに楽しく過ごすっていうのでね、百歩譲っておられる方ですね、多分。	To have fun together, they may compromise depending on the situation. 
SP-000224	(R うん)		
SP-000225	いやいや いや 。 もう 出来 る だけ 、 もう 見 な い よう に する 。(L ふふ)(R うん)	いやいやいや。もう出来るだけ、もう見ないようにする。	Well, I try to overlook such person as much as possible.
LI-000259	(L うふふふ)		
LI-000260	(R あー)(L ふふふ)		
LI-000261	そっち の 方 に(F あの)ね 、 お 世話 さ れ て る 方 なん 、(F あの)世話 を 焼 い て られ る 方 な ん だ ろ う な っ て 思 い ま す 。	そっちの方にね、お世話されてる方なん、世話を焼いてられる方なんだろうなって思います。	Are that people take care them? But I think they would have trouble with such selfish people. 
SP-000226	(L うふふ)		
SP-000227	まだ ね 、 そら 年齢 的 に 体力 的 に 、 やっぱり そう 、 どう し て も 。	まだね、そら年齢的に体力的に、やっぱりそう、どうしても。	But, it may happen from the perspective of age and physical aspects.
LI-000262	(R うん)		
LI-000263	若手 で す よ ね 。	若手ですよね。	You are young, aren't you?
SP-000228	な っ て しま う ん で す よ ね 。 本来 で 言 え ば もう 僕 、 七十 二 な ん で す けど ね 。	なってしまうんですよね。本来で言えばもう僕、七十二なんですけどね。	I'm not young, I'm 72 years old. 
LI-000264	(R はい)		
LI-000265	(F あ)そう で す か 。	そうですか。	Really?
SP-000229	七十 二 なんか 言 う た ら 、 昔 や っ た ら もう え え 長老 で し た けど ね 。 今頃 は ちゃ い ま す から ね 。(R うーん)	七十二なんか言うたら、昔やったらもうええ長老でしたけどね。今頃はちゃいますからね。	In the past, 72 years old was quite an old guy, but now things are different. 
LI-000266	そう で す ね 。	そうですね。	Right.
LI-000267	(R うん)		
LI-000268	いや で も 、 七十 過ぎ て られ る と は 、 ちょっと 見え な い か も しれ ま せ ん 。(R はい)六十 代 か な っ て 。	いやでも、七十過ぎてられるとは、ちょっと見えないかもしれません。六十代かなって。	You don't look over 70, you look in your 60s. 
SP-000230	(L うへへへ)		
SP-000231	もう ほとんど が 老人 会 で も 出 て き て る い う た ら 、 七十 五(P)位 が 平均 的 に(F こ)なっとん ちゃ い ま す 。	もうほとんどが老人会でも出てきてるいうたら、七十五位が平均的になっとんちゃいます。	The typical age of people coming to the elderly club is 75. 
LI-000269	(F あ)		
LI-000270	(F あ)そう で す か 。	そうですか。	Really?
SP-000232	(R うん)六十 五 位 まで は まず(F あー)(P)来 な い す よ ね 。	六十五位まではまず来ないすよね。	People under 65 do not show up. 
LI-000271	(R はー)		
LI-000272	(R はー)		
SP-000233	(R うーん)		
SP-000234	七十 位 な っ て から で す ね 。 七十 前後 。	七十位なってからですね。七十前後。	People around 70 come to the club, right?
LI-000273	(R はい)		
LI-000274	(R はい)		
SP-000235	(R うーん)		
LI-000275	で も そう 思 う と ほんと に 皆 さん お 元気 で す よ ね 。	でもそう思うとほんとに皆さんお元気ですよね。	To come to think of it, you're all really active.
SP-000236	(R うーん)あの ね 、 結局 、(F ま)今日 の これ も 色々 活用 さ れ る ん や ろ う けど 、(P)結局 国 全体 が(F その)高齢 化 に つ い て 、 色々 こう 施策 を し て くれ て る で しょ 。	あのね、結局、今日のこれも色々活用されるんやろうけど、結局国全体が高齢化について、色々こう施策をしてくれてるでしょ。	The government has been taking a lot of measures to support the aging society. I guess this session will be used as a material to make the policy, after all.
LI-000276	(R うん)		
LI-000277	(R うん)		
LI-000278	(R はい)		
SP-000237	(R うーん)だ から 色々 ね 。	だから色々ね。	So, we have a lot of accommodation.
LI-000279	(R はい)		
SP-000238	(R うーん)		
LI-000280	今 の 国 に は 満足 で す か 、 みたい な 。(L ふふふ)	今の国には満足ですか、みたいな。	Are you satisfied with the country?
SP-000239	(R うん)満足 言 う か 、 これ 以上 は 仕方な い ん で しょ う な 。(R うーん)昔 なんか 、 今 、 今 なん か や っ た ら 、 要 支援 一 と か 二 と か 三 と か 五 と か 付け て ね 、(P)(F その)(P)介護 の 状況 を ランク 分け し て 、 それ に こう 何 ちゅ う か な 、(F あのー)色々 支援 し て お ら れ る で しょ 。	満足言うか、これ以上は仕方ないんでしょうな。昔なんか、今、今なんかやったら、要支援一とか二とか三とか五とか付けてね、介護の状況をランク分けして、それにこう何ちゅうかな、色々支援しておられるでしょ。	I am satisfied. I don't wish for anything more than this. In the old days... nowadays there are aid package for the elderly, subdivided according to the elderly's conditions. For example, the nursing care is segmented into level one, two, three, and such. 
LI-000281	仕方な い で す か 。(L ふふ)	仕方ないですか。	That's the way. 
LI-000282	(R うん)		
LI-000283	(R はい)		
LI-000284	(R はいはい)		
LI-000285	(R はい)		
LI-000286	(R はい)		
SP-000240	こんな ん 昔 は 無 かっ た や ろ し ね 。(R うーんうーん)	こんなん昔は無かったやろしね。	These were not existed before. 
LI-000287	そう で す ね 、 もちろん ね 。(R うーん)	そうですね、もちろんね。	No, they weren't.
SP-000241	(R うんうーん)		
LI-000288	そう で す ね 。	そうですね。	Right.