LI-000001	(R はい)		
LI-000002	これ(F あの)(P)ゴロゴロ 動 く ん で(F なんか)嫌 で す よ ね 、 この 、(F なんか)付け 慣れ な い 物 を 付け る と 。	これゴロゴロ動くんで嫌ですよね、この、付け慣れない物を付けると。	Don't you hate it, it rolls all over, when you put on something you're not used to?
SP-000001	は ？	は？	Huh?
SP-000002	いや 、 別 に どう い う 事 な い で す よ 。(R はい)(F あー)(F あ)(P)いやいや 、 全然 そんな こと な い 。(L ひひひひ)	いや、別にどういう事ないですよ。いやいや、全然そんなことない。	No, not a big deal. No, no, absolutely not.
LI-000003	大丈夫 で す か 。 馴染 ん で られ ま す ね 、 非常 に 、 かっこ い い で す 。(L うはははははは)改め ま し て 私 、 ワダ と 申 し ま す 。(R はい)	大丈夫ですか。馴染んでられますね、非常に、かっこいいです。改めまして私、ワダと申します。	Are you OK? It seems to fit well, looks awesome. Once again, I'm Wada.
SP-000003	(R はい)ワダ さん 、 私 カトウ で す 。 よろしく お ねが い し ま す 。	ワダさん、私カトウです。よろしくおねがいします。	Mr. Wada, I'm Kato. Thanks for having me.
LI-000004	よろしく お 願 い 致 し ま す 。 私 も 今日(F あの)初めて ここ へ 来 て 、(F あの)こんな 事 を って い う の で 、 もう あたふた し て る ん で す 。 だ から もう 。(F あの)	よろしくお願い致します。私も今日初めてここへ来て、こんな事をっていうので、もうあたふたしてるんです。だからもう。	Thanks for your time. This is my first time here doing such a thing, and I'm so confused. So.
SP-000004	(R はい)(L ふふふふ)私 も ちょっと 緊張 し て ま す 。(L ふふふふふふふふはははふ)	私もちょっと緊張してます。	I'm also a bit nervous.
LI-000005	そう で す よ ね 。 ほんと に もう(F あの)リラックス し て い き ま しょ う 。(R はい)(F あの)とにかく 楽し く お 話 出来 た ら と 思 い ま す の で 、 よろしく お 願 い 致 し ま す 。	そうですよね。ほんとにもうリラックスしていきましょう。とにかく楽しくお話出来たらと思いますので、よろしくお願い致します。	I hear you. Let's get relaxed, really. I really hope to have a fun conversation, so let's get going.
SP-000005	(R はいはいはい)		
SP-000006	(R うん)		
SP-000007	(R はいはいはいはいはいはい)よろしく 。(R はい)	よろしく。	Good.
LI-000006	(F あの)一 つ は ね 、(F あの)ノーベル 賞 の 去年(P)の(F あのー)オオスミ さん の(P)受賞 の お 話 あ り ま し た よ ね 。(R はい)	一つはね、ノーベル賞の去年のオオスミさんの受賞のお話ありましたよね。	The first, I guess you heard about last year's Nobel laureate, Mr. Ohsumi.
SP-000008	(R はい)		
SP-000009	(R はい)		
SP-000010	(R はい)		
SP-000011	(R はい)		
SP-000012	(R はいはいはいはいはい)		
LI-000007	それ って(F あの)七十 一 歳 だっ た そう で す けれど も 、(P)(F あの)最近 ノーベル 賞 の 受賞 っ て 多 い で す よ ね 。	それって七十一歳だったそうですけれども、最近ノーベル賞の受賞って多いですよね。	I heard he was 71 years old at that time. Recently, many are becoming Nobel laureates, aren't they?
SP-000013	(R はいはい)		
SP-000014	そう で す ね 。 ね 。(F あの)日本 の 方 ね 、 多 い で す ね 。	そうですね。ね。日本の方ね、多いですね。	Yes. Yes. Many Japanese people.
LI-000008	ね 。	ね。	Yes.
LI-000009	(R はい)嬉し い 事 に ね 、(R はい)(F あの)もう 逆 に 覚え て られ な い 位 沢山 の 方 が 、 毎年 色々 と って られ ま す よ ね 。	嬉しい事にね、もう逆に覚えてられない位沢山の方が、毎年色々とってられますよね。	To my joy, so many people are being awarded each year, in so many fields.
SP-000015	(R はいはいはい)		
SP-000016	そうそう 、 そう で す ね 。	そうそう、そうですね。	Yes, that's right.
SP-000017	そう で す ね 。	そうですね。	Right.
SP-000018	(R はいはい)		
LI-000010	昔 は(F あの)(F なんか)ほんと に 忘れ た 頃 に だっ た の で 、(P)まだ(F あの)多分 サトウエイサク さん 、(P)と っ て は り ま し た 、 ノーベル 平和 賞 か なん か 。	昔はほんとに忘れた頃にだったので、まだ多分サトウエイサクさん、とってはりました、ノーベル平和賞かなんか。	This happened a while ago, when we forgot about it, I think Mr. Eisaku Sato, was awarded Nobel Peace Prize or something.
SP-000019	(R うんうん)そうそう そう そう 。	そうそうそうそう。	Yes, yes
SP-000020	サトウエイサク さん ？	サトウエイサクさん？	Mr. Eisaku Sato?
LI-000011	ちが い ま し た っけ ？	ちがいましたっけ？	Am I incorrect?
SP-000021	いや(F うーん)(F ま)(F うーん)いや 、 聞 い た 事 な い で す ね 。 聞 い た 事 な い 。	いやいや、聞いた事ないですね。聞いた事ない。	No, no, I haven't heard that. No.
LI-000012	(F え)(F あ)聞 い た 事 な い で す か 。 私 の 間違い か な 。 誰 か なんか い は り ま せ ん で し た っけ 、(P)ノーベル 平和 賞 を と っ た 人 。	聞いた事ないですか。私の間違いかな。誰かなんかいはりませんでしたっけ、ノーベル平和賞をとった人。	You haven't? Maybe I'm incorrect. Wasn't there someone who was a Noble Peace Prize laureate?
SP-000022	え ？	え？	Excuse me?
SP-000023	ノーベル 平和 賞 と っ た 人 ？	ノーベル平和賞とった人？	A Nobel Peace Prize laureate?
LI-000013	なんか(P)こう い う 科学 者 じゃ な くって なん か 。	なんかこういう科学者じゃなくってなんか。	Not a scientist or someone like that.
SP-000024	(F あのー)(P)(P)アメリカ の 大統領 で し た かね ？	アメリカの大統領でしたかね？	Was that an American President?
LI-000014	(F あ)アメリカ の 大統領 。	アメリカの大統領。	American President.
SP-000025	じゃあ 無 かっ た か な 、(P)ノーベル 平和 賞 ね 。	じゃあ無かったかな、ノーベル平和賞ね。	So, there was no, Nobel Peace Prize
LI-000015			
LI-000016	なん か ね 、 日本 の 誰 か が と ら れ ま せ ん で し た ？	なんかね、日本の誰かがとられませんでした？	Didn't someone from Japan receive it?
SP-000026	(R うん)		
SP-000027	え ？ 日本 。	え？日本。	Sorry? Japan.
SP-000028	いや 、 それ ちょっと 私 、(P)私 は ちょっと それ 覚え て な い で す 。	いや、それちょっと私、私はちょっとそれ覚えてないです。	Well, I don’t really, I don't really remember.
LI-000017	(F うーん)(P)私 も(P)ちょっと 頭 の 中 の 引き出し が 、 ぐちゃぐちゃ に な っ て る ん で 、 出 て き ま せ ん 。 す い ま せ ん 、 い ら な い 事 を 言 っ て 。(L えへへへふふふ)覚え て る つもり の 事 が(P)出 て こ な い ん で す よ 。	私もちょっと頭の中の引き出しが、ぐちゃぐちゃになってるんで、出てきません。すいません、いらない事を言って。覚えてるつもりの事が出てこないんですよ。	My memory is a bit confused, too, so I unable to recall exactly. Sorry about that. I can't recollect the things I should remember.
SP-000029	覚え て な い で す 。	覚えてないです。	I don't remember.
SP-000030	(R はい)		
SP-000031	(R はい)		
SP-000032	いえ いえ いえ 。(L ふふふふふ)	いえいえいえ。	No, no,
SP-000033	そう で す ね 。(R はい)	そうですね。	Right.
LI-000018	(R はい)		
LI-000019	で 、(F あの)この 方 ね 、(F あの)お 兄 さん が 元々 ね 、(F あの)お 父 さん から(P)理系 へ 進 ん で 欲し い って 言 わ れ て は っ た ん で す って 。	で、この方ね、お兄さんが元々ね、お父さんから理系へ進んで欲しいって言われてはったんですって。	So, what I heard is that this guy's father had told his elder brother to major in science.
SP-000034	(R はい)		
SP-000035	(R はい)		
SP-000036	(R はい)		
SP-000037	え ？	え？	Huh?
LI-000020	この オオスミ さん の お 兄 さん 。	このオオスミさんのお兄さん。	Mr. Ohsumi's elder brother.
SP-000038	(R はいはいはいはい)		
LI-000021	(R はい)一番 、 オオスミ さん 一番 下 で 、 一番 上 の お 兄 さん が 、 お 父 さん から(F あの)理学 系 へ 進 ん で 欲し い って 、 そう い う(F ま)学者 に な っ て 欲し い って 言 わ れ て た の を 、 お 兄 さん は 興味 が 他 の 方 へ い っ ちゃ っ て 、 歴史 を 勉強 し は っ た ん で す って 。	一番、オオスミさん一番下で、一番上のお兄さんが、お父さんから理学系へ進んで欲しいって、そういう学者になって欲しいって言われてたのを、お兄さんは興味が他の方へいっちゃって、歴史を勉強しはったんですって。	Mr. Ohsumi was the youngest, and his dad told his eldest brother to major science and become a scientist, but the elder brother had other interests, and majored in history instead.
SP-000039	(R はい)		
SP-000040	(R はいはいはい)		
SP-000041	(R はいはいはいはい)		
SP-000042	(R はいはいはいはい)		
SP-000043	(R はい)		
SP-000044	(R はいはい)		
LI-000022	ほんで 、 弟 に 、 その お 父 さん の(P)思い を こう 、 お前 が つげ みたい に 託 さ は っ た 事 で 、(P)小さ い 時 に ね 、(F あの)お 兄 さん が 色々 本 を こう(P)(F あの)見せ たり と か し て 、 で 、 興味 も っ て 、(P)で 、 その(P)理学 の 方 へ 進 ま れ て 、 ノーベル 賞 と ら れ た ん で す って 。	ほんで、弟に、そのお父さんの思いをこう、お前がつげみたいに託さはった事で、小さい時にね、お兄さんが色々本をこう見せたりとかして、で、興味もって、で、その理学の方へ進まれて、ノーベル賞とられたんですって。	So, his eldest brother wanted the youngest to follow their dad's dream, and so he provided books, and that's how Mr. Ohsumi got interested, and majored in science, and became the laureate.
SP-000045	(R はい)		
SP-000046	(R あーはーはーはい)		
SP-000047	(R えーえー)		
SP-000048	(R はいはいはい)		
SP-000049	(R はい)		
SP-000050	(R はいはいはい)		
SP-000051	(R ふーん)		
SP-000052	(R はいはいはい)		
SP-000053	(R はいはいはい)		
LI-000023	(R はい)		
LI-000024	だ から もう 、 その お 兄 さん が 、 そう さ れ た な かっ た ら 、 そう は な ら な かっ た か も しれ な い と 言 う 。	だからもう、そのお兄さんが、そうされたなかったら、そうはならなかったかもしれないと言う。	Which might mean, if his brother hadn't done such things, it may never have happened.
SP-000054	(R あー)そう 、 そう な ん で す か 。	そう、そうなんですか。	Oh, I see.
LI-000025	(R はい)そんな 話 が 書 い て あ っ た ん で す 。	そんな話が書いてあったんです。	I read it somewhere.
SP-000055	(R はーふーん)		
SP-000056	(F あ)そう で す か 。	そうですか。	I see.
LI-000026	(R はい)		
LI-000027	(F あのー)(P)どう で す か 、(P)ノーベル 賞 。	どうですか、ノーベル賞。	What do you think? Nobel laureate.
LI-000028	(F ま)(F あ)ご 兄弟 は ？	ご兄弟は？	How many brothers do you have?
SP-000057	私 ？	私？	Me?
LI-000029	(F あ)(R はい)		
SP-000058	兄弟 二人 。	兄弟二人。	I have one brother.
LI-000030	(F あ)お 二人 で す か 。(R はい)	お二人ですか。	Meaning there are two of you.
SP-000059	二人 、 二人 で す 。(R はい)	二人、二人です。	Two, yes, two.
SP-000060	(R はい)		
LI-000031	上 ？ 下 ？	上？下？	Elder? Younger?
SP-000061	え ？ 下 で す 。 私 、 上 で す よ 。	え？下です。私、上ですよ。	Huh? Younger. I'm the eldest.
LI-000032	(F あ)そう な ん で す か 。(R はー)下 に 弟 さん ？ 妹 さん ？	そうなんですか。下に弟さん？妹さん？	I see. Younger brother or sister?
SP-000062	(R はいはいはい)		
SP-000063	(F あの)弟 。	弟。	Younger brother.
LI-000033	(F あ)男の子 二人 で す か 。	男の子二人ですか。	So, two boys.
SP-000064	弟 。	弟。	A younger brother.
SP-000065	(R はい)そう な ん で す よ 。	そうなんですよ。	Uh-huh.
LI-000034	(R はい)		
LI-000035	私 は 女 三 人 な ん で す よ 。	私は女三人なんですよ。	I have two sisters.
SP-000066	そう で す か 。(R えー)	そうですか。	Really.
LI-000036	(R はい)で 、 真ん中 な ん で す 。	で、真ん中なんです。	And, I'm the second of the three.
SP-000067	(F あ)そう な ん で す か 。 そう で す か 。	そうなんですか。そうですか。	Is that so. I see. 
LI-000037	(R はい)		
LI-000038	(R はい)真ん中 で す 。(R えー)	真ん中です。	Yes, I'm in the middle.
LI-000039	(F え)弟 さん 、 弟 さん と は 何 か そう い う(F あの)子供 の 頃 から こう(P)(F あ)(R はい)同じ よう な こう 、 なん か こう(P)趣味 だっ たり と か 、 全然 違 う な と か 、 なん か 、 兄弟 って あ り ま す ？	弟さん、弟さんとは何かそういう子供の頃からこう同じようなこう、なんかこう趣味だったりとか、全然違うなとか、なんか、兄弟ってあります？	About your younger brother, from childhood up to now did you have an impression that he was similar or completely different?
SP-000068	(R ええ)		
SP-000069	(F うーん)子供 の 頃 から ？	子供の頃から？	From childhood?
SP-000070	あの ね 、(P)(F あのー)弟 と は あまり ね 、(P)離れ て た から ね 、 離れ て た 言 うんか 。	あのね、弟とはあまりね、離れてたからね、離れてた言うんか。	You know, I was distant from my brother, should I say apart.
LI-000040	(R はい)		
LI-000041	(F あ)		
SP-000071	(F あの)		
LI-000042	歳 が 。	歳が。	The age.
SP-000072	いえ いえ いえ 、 歳 は もう(F あの)(P)二 つ 違い な ん で す けど ね 。(R はい)	いえいえいえ、歳はもう二つ違いなんですけどね。	No, no, he's just two years younger.
LI-000043	(F あ)そう な ん で す か 。(R はい)	そうなんですか。	Really.
SP-000073	二 つ 違い な ん で す けど 、(P)弟 は 、(P)やっぱり 私 で も もう 、 戦時 ね 、(F その)十 二 年 生まれ や から ね 、 昭和 十 二 年 や から 、(P)(F あの)そう い う(P)ね 、 その 戦争 の ね 、 時代 や から 、 大変 な 時 や から ね 、(P)せ や から(P)(F ま)ちょっと 離れ て(P)弟 と 離れ て(P)(F ま)暮ら し て た みたい で す 。	二つ違いなんですけど、弟は、やっぱり私でももう、戦時ね、十二年生まれやからね、昭和十二年やから、そういうね、その戦争のね、時代やから、大変な時やからね、せやからちょっと離れて弟と離れて暮らしてたみたいです。	He's just two years younger, but, since I was born in Showa 12, so, it was wartime, a tough time, so I lived apart from my brother.
LI-000044	(R はい)		
LI-000045	(R はい)		
LI-000046	(R あー)		
LI-000047	(R はいはい)		
LI-000048	(R はいはい)まだ 大変 な 時 で す よ ね 。	まだ大変な時ですよね。	Still a very difficult time, right?
LI-000049	(R うーんうーんうーん)		
LI-000050	(R はい)		
LI-000051	(F あ)		
LI-000052	(R はいはい)		
LI-000053	(R うーんうーんうーんうん)		
SP-000074	(R うん)だ から あんまり 弟 と は ね 、(P)(F うんうんうーん)そう 、 そう で す ね 。	だからあんまり弟とはね、そう、そうですね。	So, I didn't have much contact with him, yes, really.
LI-000054	(R はい)		
LI-000055	子供 の 頃 は 。	子供の頃は。	During your childhood.
LI-000056	戦争 が 終わ っ て から は(P)(F あの)(P)皆 さん ご 一緒 に 。	戦争が終わってからは皆さんご一緒に。	After the war, you lived together.
SP-000075	(F うーん)(P)(R うん)(F ま)終わ っ て から は 、(R うん)ちょっと(F ま)一緒 に な っ て た けん ね 、(P)(R うん)そう 、 そう い う 事 な ん で す わ 。	終わってからは、ちょっと一緒になってたけんね、そう、そういう事なんですわ。	After the war, we were sometimes together, um, that's the case.
LI-000057	(R はい)		
LI-000058	(R はーい)		
LI-000059	(R うん)		
LI-000060	(F あ)そう で す か 。(F あの)	そうですか。	I see.
SP-000076	(R はいはい)		
SP-000077	ほんで 、 今 は 、 今 は もう 滋賀 県 に ね 、 居 て ま す し 。	ほんで、今は、今はもう滋賀県にね、居てますし。	And currently, he's in Shiga Prefecture.
LI-000061	(R はい)		
LI-000062	(R はい)		
SP-000078	(R はい)		
LI-000063	(F あ)(F あの)弟 さん は 滋賀 県 に 。(R はー)	弟さんは滋賀県に。	Your brother lives in Shiga Prefecture.
SP-000079	(R はいはいはいうん)		
LI-000064	だ から また 場所 的 に は 離れ て られ る 。(R はい)	だからまた場所的には離れてられる。	So, you're again geographically apart.
SP-000080	そうそう 、 そう で す ね 。 だ から めった に 会 わ な い で す ね 。 ね 。 ね 。(R うん)	そうそう、そうですね。だからめったに会わないですね。ね。ね。	Uh-huh, right. So, we seldom meet. You know, you know.
LI-000065	(R うーんうーん)		
LI-000066	なかなか 、 私 の 姉 も 和歌山 に い る ん で す よ 。	なかなか、私の姉も和歌山にいるんですよ。	Speaking of seldom, my elder sister is now in Wakayama.
SP-000081	ね 。	ね。	I see.
SP-000082	(F あ)そう で す か 。	そうですか。	Really.
LI-000067	だ から めった に 会 わ な い で す 。	だからめったに会わないです。	So I seldom see her.
SP-000083	(L ははは)そう 。	そう。	Really.
LI-000068	(R はい)		
LI-000069	それ こそ 何 年 前 に 会 っ た か な って い う 位 に 、(L ふ)行き来 を 、(R はい)(F ま)電話 位 で す か ね 。(R うんうんうんうん)	それこそ何年前に会ったかなっていう位に、行き来を、電話位ですかね。	It's like, how many years ago did we meet, other than that, we talk over phone.
SP-000084	(L ふふふふふふふ)		
SP-000085	(R うーん)そう で す か 。(R あー)	そうですか。	I see.
SP-000086	ね 。(R うーん)	ね。	Hmm.
LI-000070	昔 の(F その)(F あの)(P)それ 位 の 時代 って い う の は 、 一 年 違 う だけ で 全然 違 う って(P)言 わ れ ま す よ ね 、 その 生活 の 色んな 事 が ね 。	昔のそれ位の時代っていうのは、一年違うだけで全然違うって言われますよね、その生活の色んな事がね。	They say in those days, the difference between years was drastic, the things surrounding your life.
SP-000087	(R うん)		
SP-000088	(R うん)		
SP-000089	(R うん)		
SP-000090	そう 。(R うーん)	そう。	Yes.
SP-000091	(R うんうんうんうん)		
LI-000071	だ から 大変 な(P)時 だっ た ん で す よ ね 。(R はい)ね 。	だから大変な時だったんですよね。ね。	So, I assume it was a hard time. Right?
SP-000092	(R うーん)		
SP-000093	ね 、 そう で す ね 。(R うーん)	ね、そうですね。	Yes, right.
LI-000072	生まれ た 年 に よ っ て ね 。	生まれた年によってね。	The year you were born was influential.
SP-000094	そうそう そう そう 。	そうそうそうそう。	Right, right
LI-000073	今 は(P)そんな に 変わ ら な い で す けれど も ね 。(R うーん)あの 頃 は ほんと に 、 一 年 違 っ た ら 二 年 違 っ た ら 、 全然 違 う(R はい)(P)時 で し た ね 。 よ く ここ まで ご 無事 で よ かっ た で す 。(R はい)(L うふ)お 元気 そう で 何 より で す ね 。	今はそんなに変わらないですけれどもね。あの頃はほんとに、一年違ったら二年違ったら、全然違う時でしたね。よくここまでご無事でよかったです。お元気そうで何よりですね。	The difference between years is not that drastic nowadays. But in those days, the difference of a year or two was so drastic. I'm so happy you've survived. So glad you're doing fine.
SP-000095	ね 。 そうそう 。	ね。そうそう。	Yes. Right.
SP-000096	そう 、 そう や ね 。 そう で す 。	そう、そうやね。そうです。	Yes, yep. You're right.
SP-000097	ね 。	ね。	Right.
SP-000098	(L ひひ)いえ 。(L ひひふ)	いえ。	Well.
SP-000099	(F ま)元気 が 取り柄 か な 。(L ふふふふふふ)ね 。(R うーん)ね 。	元気が取り柄かな。ね。ね。	I guess health is my strength. Yes. Yes.
LI-000074	(R あー)で も それ が 一番 で す よ ね 。(R はい)	でもそれが一番ですよね。	But that's what matters the most.
LI-000075	ね 。	ね。	Right.
LI-000076	(R うん)何 か(F あの)うん ？(R うん)	何かうん？	Anything?
SP-000100	(F ま)(R うん)		
SP-000101	いえ いえ 。	いえいえ。	No, no.
SP-000102	いや 、 もう そら ね 、(F ま)元気 が 一番 取り柄 な ん で す けど ね 。	いや、もうそらね、元気が一番取り柄なんですけどね。	No, you know, health is my greatest strength.
LI-000077	(R うんうーん)		
SP-000103	(F うん)もう 何 て 言 うんか 、(P)もう 男性 の 平均 年齢 まで 来 ま し た から ね 。	もう何て言うんか、もう男性の平均年齢まで来ましたからね。	I don’t know what to say, but my age is equal to men's average life expectancy in Japan.
LI-000078	え ？	え？	What?
LI-000079	お いく つ で いらっしゃ る ん で す か 。 失礼 、 ええ 、 うそ 、 それ は 嘘 で しょ う 。	おいくつでいらっしゃるんですか。失礼、ええ、うそ、それは嘘でしょう。	How old are you? Excuse me for asking, but, really, you're kidding, right?
SP-000104	八十 、 八十 、(L ふふふふへへへふふふ)今年 八十 な ん で す よ 。	八十、八十、今年八十なんですよ。	Eighty, eighty, I'm turning 80 this year.
LI-000080	(F あ)そう で す か 。	そうですか。	Really.
SP-000105	(R はいはい)		
LI-000081	全く 見え ま せ ん ね 。	全く見えませんね。	You look younger than that.
SP-000106	いや 、 そう 言 わ れ ま す よ 。 言 わ れ ま す 。	いや、そう言われますよ。言われます。	Everyone tells me so.
LI-000082	言 わ れ ま す で しょ 、 皆 に 言 わ れ ま す で しょ う 。 見え ま せ ん 。	言われますでしょ、皆に言われますでしょう。見えません。	I would think so. Everyone must say so. You don't look like an 80-year-old.
SP-000107	(R うんうん)(L へへへへ)(R うーん)		
LI-000083	(R はい)		
LI-000084	まだまだ それ こそ 六十 代 で 通 り ま す よ ね 。	まだまだそれこそ六十代で通りますよね。	You could even pass for around 60.
SP-000108	(L ふふ)い い や 、 そんな 事 な い で す けど 。(L ふふ)(R うん)	いいや、そんな事ないですけど。	No, I don't think so.
LI-000085	いやいや いやいや 、 もう 、 今度 七十 に な る ん で す よ で 通 る と 思 い ま す 。	いやいやいやいや、もう、今度七十になるんですよで通ると思います。	No, no, they'll think it's true if you say you're turning 70.
SP-000109	(R うん)まあ それ 位 か な 。	まあそれ位かな。	Well, that's about it.
LI-000086	(R はい)だ から 。	だから。	So.
SP-000110	(R うん)(F ま)何しろ 、(F ま)若 く 見え る と は 言 わ れ る ん で す けど ね 。(R うん)そう 。(P)(R うん)(F ま)それ が 取り柄 か な 。	何しろ、若く見えるとは言われるんですけどね。そう。それが取り柄かな。	In any case, they tell me I look young. Yes. I guess that's my strength.
LI-000087	(R はい)		
LI-000088	(R はい)		
LI-000089	(R うーん)で も い い じゃ な い で す か 。 ね 。 同じ その 世代 で も 、 やっぱり 元気 で 過ごせ る の と 、(P)ね 、(P)何 か ちょっと(F あの)(P)具合 が 悪 く って い う の と は 、 全然 違 い ま す もの ね 。(R うんうん)	でもいいじゃないですか。ね。同じその世代でも、やっぱり元気で過ごせるのと、ね、何かちょっと具合が悪くっていうのとは、全然違いますものね。	But that's a good thing, isn't it? There's a big difference between staying fit and being under the weather in this generation.
SP-000111	(R うーん)		
SP-000112	(R うーん)		
SP-000113	(R うーん)		
SP-000114	(R うん)		
SP-000115	(R うーん)ね 。	ね。	I see.
SP-000116	(R うーん)		
SP-000117	ね 。(R うん)	ね。	I see.
SP-000118	まあ(P)ね 、(P)悩み が 無 い のん が 一番 か な 。(L ふふふふふふふふふふ)	まあね、悩みが無いのんが一番かな。	Well, the best thing is having nothing that bothers me.
LI-000090	そんな 事 も 無 い ん で しょ う けれど も ね 、 またまた 、 そりゃあ ね 、 で も(F ま)(F あの)くよくよ し な い の は 、 い い か も しれ ま せ ん ね 。	そんな事も無いんでしょうけれどもね、またまた、そりゃあね、でもくよくよしないのは、いいかもしれませんね。	I don't think you're overly optimistic, come on, but maybe it's good to be carefree.
SP-000119	(R うん)ね 。(R うん)	ね。	Yes.
SP-000120	そう 、 そ や ね 、 もう くよくよ し な い 事 が 一番 ね 。	そう、そやね、もうくよくよしない事が一番ね。	Yes, yes, it's best to be carefree.
LI-000091	(R うん)		
LI-000092	そう で す よ ね 。(R うーん)	そうですよね。	I agree.
SP-000121	(R うんうん)		
LI-000093	もう 元気 に 明る く 、 楽し く 、(P)それ で す よ ね 。(R はい)美味し い もの を 食べ て 。	もう元気に明るく、楽しく、それですよね。美味しいものを食べて。	Staying fit, cheerful, fun, that's the thing. Also eating delicious food.
SP-000122	ね 。	ね。	Right.
SP-000123	そうそう そう 。 そうそう 、(L ふふふふ)そう 、(L ふふふふふ)いや 、 そんな 事 な い で す けど 。(L ふふふふふふ)(R うん)	そうそうそう。そうそう、そう、いや、そんな事ないですけど。	Yes. Yes, yes, no, my life is not exactly so.
LI-000094	そんな 事 な い で す か 。(L うふふ)そう で す か 。(R うーん)	そんな事ないですか。そうですか。	Really? I see.
LI-000095	で も ね 。	でもね。	But.
SP-000124	ね 。(R うんうん)	ね。	Yes.
LI-000096	(R はい)		
LI-000097	何 か(F あの)趣味 と か 。	何か趣味とか。	What are your pastimes?
SP-000125	(R うん)		
SP-000126	趣味 は 多 い ん で す ねん 。	趣味は多いんですねん。	I have a lot of pastimes,
LI-000098	(F あ)そう で す か 。 それ が また 元気 の もと なん じゃ な い で す か 。(R うん)	そうですか。それがまた元気のもとなんじゃないですか。	I see. I guess that's what makes you healthy.
SP-000127	(R うん)		
SP-000128	(R うん)そうそう そう そう そう そう 。(R うん)	そうそうそうそうそうそう。	Yes, yes, yes, 
SP-000129	(R うん)(F ま)え ？	え？	Huh? 
LI-000099	いっぱい 。	いっぱい。	A lot.
SP-000130	いっぱい あ り ま す よ 。	いっぱいありますよ。	Yes, I do have a lot.
LI-000100	(R はい)		
SP-000131	(R うん)		
SP-000132	せ や から 、 今 は その ね 、(F うーん)何 て 言 うんか な 、(P)(F こー)(F うーん)何 て 言 うんか な 、(P)今 は 一応(F こー)どな い 言 うんか な 、(P)ちょっと ね 、 覚え て は ね 、(P)それ を 覚え る 、 ほん で またこっち も 覚え る 、 そ やらか 自然 に 沢山(F こー)覚え る よう に な っ て しま っ て ね 、 趣味 。	せやから、今はそのね、何て言うんかな、何て言うんかな、今は一応どない言うんかな、ちょっとね、覚えてはね、それを覚える、ほんでまたこっちも覚える、そやらか自然に沢山覚えるようになってしまってね、趣味。	So, nowadays, how should I say, how should I say, how should I say, I learn a bit of this and that and then dabble in the other, so I came to know naturally a lot of things.
LI-000101	の 。	の。	
LI-000102	(R はい)		
LI-000103	(R はい)		
LI-000104	(R うんうんうん)		
SP-000133	(R うん)せ や から それ が 一番 で す ね 。	せやからそれが一番ですね。	So, I think that's the best.
LI-000105	(R あー)いっぱい なんか 興味 が あ る って い う 事 で す か ね 。(R うんうんうん)	いっぱいなんか興味があるっていう事ですかね。	To take an interest in a lot of fields.
SP-000134	(R うん)		
SP-000135	(R うん)まあまあ そう で す か ね 。(R うんうん)	まあまあそうですかね。	Well, I guess so.
LI-000106	好奇 心 っ て 大事 で す よ ね 。	好奇心って大事ですよね。	It's important to be curious.
SP-000136	ね 。 そうそう 、 そう 、 ね 、 ね 。	ね。そうそう、そう、ね、ね。	Right. Yes, yes, yes, you see.
LI-000107	やっぱり 元気 の もと で しょ う ね 、 それ が ね 。(R うん)	やっぱり元気のもとでしょうね、それがね。	I assume that's what makes you healthy.
LI-000108	どんな 事 さ れ て る ん で す か ？	どんな事されてるんですか？	What sort of things do you do?
SP-000137	え ？	え？	Huh? 
LI-000109	いっぱい っ て 。	いっぱいって。	You said a lot.
SP-000138	いっぱい て ？	いっぱいて？	A lot of?
LI-000110	(R はい)		
SP-000139	それ が ね 、 まず カメラ で しょ 、(P)ほんで ね 、(R うん)ほれ から 音楽 を ね 、 音楽 を 聞 く 事 ね 。	それがね、まずカメラでしょ、ほんでね、ほれから音楽をね、音楽を聞く事ね。	Well, first, there's photography, and then music, that's listening to it.
LI-000111	(R あー)カメラ ね 。(R はい)	カメラね。	Ah, photography.
LI-000112	(F あ)(R はい)		
LI-000113	聞 く の が 好き な ん で す か 。	聞くのが好きなんですか。	You like listening to music?
SP-000140	ほんで 、 ほんで カラオケ ね 。(L ふふふふ)そう 、(L ふふふ)ね 、 ほんで 旅行 と か 、(P)それ から(F ま)囲碁 、 囲碁 将棋 と か ね 。	ほんで、ほんでカラオケね。そう、ね、ほんで旅行とか、それから囲碁、囲碁将棋とかね。	Then, then there's karaoke. Yes, and then traveling, then the game of go, go and Japanese chess.
LI-000114	(R はい)歌 う の も 好き 。(R はい)(L ふふ)	歌うのも好き。	You like singing, too.
LI-000115	(R はい)		
LI-000116	(R はーい)		
LI-000117	旅行 い い で す 。	旅行いいです。	Traveling is nice.
LI-000118	(R はーあー)		
SP-000141	(R うん)		
LI-000119	そう い う 中 で する 事 も また 。(R はい)	そういう中でする事もまた。	The activities during the travel are as well.
SP-000142	そう 、 そうそう そうそう 、 そう で す ね 。 ほん で 麻雀 し たり ね 。	そう、そうそうそうそう、そうですね。ほんで麻雀したりね。	Yes, yes, yes, right. And then there's mah-jongg.
LI-000120	(R あー)麻雀 い い で す ね 。(R うん)頭 の 体操 で す ね 。 囲碁 将棋 も ね 、(P)頭 の 体操 で す し ね 。(R うん)	麻雀いいですね。頭の体操ですね。囲碁将棋もね、頭の体操ですしね。	Mah-jongg, that's nice. Good to train your brain. Go and Japanese chess are good to train your brain, too.
SP-000143	(R うんうんうん)		
SP-000144	そうそうそう 、 そうそう そうそう 、 そう や ね 。	そうそうそう、そうそうそうそう、そうやね。	Yes, yes, yes, right.
SP-000145	そう で す ね 。 そう で す ね 。	そうですね。そうですね。	I see, I see.
LI-000121	で 、 旅行 行 く の に また カメラ が ね 、(P)付 い て くる って い う 。	で、旅行行くのにまたカメラがね、付いてくるっていう。	And then you would have your camera for traveling.
SP-000146	(R うん)		
SP-000147	そうそう そう そうそう 、 そうそう 、(F あの)季節 毎 に ね 、 いろんな 物撮 り に 行 っ たり 、(P)(F ま)し て ま す けど ね 。	そうそうそうそうそう、そうそう、季節毎にね、いろんな物撮りに行ったり、してますけどね。	Yes, yes, yes, right, I go places each season to take pictures of various things.
LI-000122	(R うん)		
LI-000123	(R うん)		
LI-000124	(R あー)		
SP-000148	(R うん)		
LI-000125	良 い ご 趣味 で す ね 。(R はい)	良いご趣味ですね。	A nice hobby.
SP-000149	ね 。(R うん)	ね。	Yep.
LI-000126	そう い う ふう に こう ね 、(F あの)自然 に 触れ る って やっぱり い い で す よ ね 。(R うーん)	そういうふうにこうね、自然に触れるってやっぱりいいですよね。	It's nice to experience nature like the way you do.
SP-000150	そう ね 。 そう 。(R うん)	そうね。そう。	Right, yes.
LI-000127	家 の 中 、 街 の 中 じゃ な くっ て 、(R はいえー)何 より 、(P)ますます お 元気 で ね 、(F あの)今 ちょっと 寒 い 時期 で す けど 、(R うん)また 暖か く な っ た ら 、 どっ か 行 か れ る 予定 は ？	家の中、街の中じゃなくって、何より、ますますお元気でね、今ちょっと寒い時期ですけど、また暖かくなったら、どっか行かれる予定は？	Not in your home or in the city, but above all, you stay healthy, it's now a bit cold, but are you planning to go somewhere when it gets warmer?
SP-000151	そう で す ね 。(R うん)(L ふふふふふふふふふ)	そうですね。	Yes.
SP-000152	いや 。	いや。	No.
SP-000153	(R うーんうん)		
SP-000154	ね 。	ね。	You know.
SP-000155	(R うん)(F ま)もう 行き と う て うずうず し て んねん 。(L ははははふふふふ)ね 。(L えへへ)	もう行きとうてうずうずしてんねん。ね。	I'm dying to go places. You know.
LI-000128	(R あー)(L はははは)で しょ う ね 。(R うーん)	でしょうね。	I guess so.
SP-000156	(R うんうん)		
LI-000129	だ から もう 、 春 の 声 を 聞 い た ら 行 か れ ま す ？	だからもう、春の声を聞いたら行かれます？	So, are you going somewhere when spring is in the air?
SP-000157	そう 、 そう 、 行 き ま す よ 。	そう、そう、行きますよ。	Yes, yes, I will go.
LI-000130	雪 と か で も 写真 好き だっ た ら 、 撮 り に 行 き た く な っ たり する ん じゃ な い で す か 、 雪 景色 と か 。	雪とかでも写真好きだったら、撮りに行きたくなったりするんじゃないですか、雪景色とか。	Don't you feel like taking pictures of snow if you love photography, like, snowscapes.
SP-000158	雪 ？	雪？	Snow?
SP-000159	(F あ)雪 景色 っ て ね 、 わざわざ 撮 り に 行 く 事 は 無 い で す けど ね 。 やっぱり(P)?(F うーん)ね 。(R うんうん)	雪景色ってね、わざわざ撮りに行く事は無いですけどね。やっぱりね。	You wouldn't need to take your time to take a snowscape though. After all.
LI-000131	(F あ)そう で す か 。(R はい)	そうですか。	I see.
LI-000132	奈良 い い で す けど ね 。(R はい)	奈良いいですけどね。	Nara is a good place.
LI-000133	雪 の 時 は 動 か な い 方 が い い で す から 、(R うん)(P)暖か く な っ て から 。	雪の時は動かない方がいいですから、暖かくなってから。	It's wise to going nowhere during snowy season, but when it gets warmer.
SP-000160	(R うーん)		
SP-000161	(R うん)そう や ね 。(L ふふふふふふふ)ね 。	そうやね。ね。	Yep. Isn't it.
LI-000134	(R はい)是非 また 写真 が 見 た い 、(P)見 た い とこ で す ね 、 うち の 父 も 写真 が 好き で し た から 。(R はい)	是非また写真が見たい、見たいとこですね、うちの父も写真が好きでしたから。	I'd like to see your photography, my father also loved photography.
SP-000162	(R うん)		
SP-000163	(R うんうん)		
LI-000135	ね 。	ね。	Yes.
LI-000136	(F あの)(P)一 つ そう い う(F あの)嬉し い お 話 も 沢山 あ る 日々 の 中 で で す ね 、(P)(F あのー)これ も 去年 に 起こ り ま し た 、(P)相模原 の 、(P)(F あの)津久井 やまゆり 園 の 、(P)入所 者 殺傷 事件 で す 。(R はい)	一つそういう嬉しいお話も沢山ある日々の中でですね、これも去年に起こりました、相模原の、津久井やまゆり園の、入所者殺傷事件です。	Not only happy news occurred last year, there was a grisly case, the stabbing of residents at Tsukui Yamayuri En in Sagamihara.
SP-000164	(R はいはい)		
SP-000165	(R はいはい)		
SP-000166	(R はい)		
SP-000167	そう で す ね 。(R はいはいはい)	そうですね。	Yes.
LI-000137	元 従業 員(P)で す よ ね 、 元 施設 の 職員 で 、(P)まだ 二十 代 で す よ ね 。	元従業員ですよね、元施設の職員で、まだ二十代ですよね。	The perp was an ex-employee, an ex-caretaker, still in his 20s.
SP-000168	(R うん)		
SP-000169	そう で す ね 。 そうそう そうそう 、 ね 。(R うんふん)	そうですね。そうそうそうそう、ね。	Correct. Yes, yes, right.
SP-000170	(R うん)		
LI-000138	(R はい)		
LI-000139	どう で す か 、 これ 、 ほんと に 。	どうですか、これ、ほんとに。	What's your opinion, I mean this was really.
LI-000140	ね 。	ね。	Yes.
SP-000171	いや 、 ほんま に ああ い う 事件 ね 、(P)まさか って い う 事 が 起こ る から ね 。	いや、ほんまにああいう事件ね、まさかっていう事が起こるからね。	You know, such a case, inconceivable things do happen.
LI-000141	(R はい)		
LI-000142	そう で す ね 。	そうですね。	I see.
SP-000172	ね 。 ね 。	ね。ね。	Isn't it.
SP-000173	もう ほんま に なん か 何 て 言 うんか な 。	もうほんまになんか何て言うんかな。	I don't know what to say.
SP-000174	(F うーん)		
SP-000175	(F うーんうーん)気 が しれ な い って 言 うんか 、(P)(P)ね 。	気がしれないって言うんか、ね。	It's impossible to understand, right.
LI-000143	そう で す ね 。(R うん)	そうですね。	Right.
SP-000176	(R うーん)		
SP-000177	その 気 が 、 気 が 分か ら な い で す ね 、 その 本人 の(P)気持ち が(P)ね 。	その気が、気が分からないですね、その本人の気持ちがね。	Can't understand what the perp was thinking.
LI-000144	そう で す ね 。(R はい)	そうですね。	Right.
SP-000178	(R うーんうーん)		
LI-000145	もう(P)何 て 言 う ん で す か 、 ほんと に 理解 に 苦し み ま す よ ね 。	もう何て言うんですか、ほんとに理解に苦しみますよね。	How should I say, it's really hard to understand.
SP-000179	理解 、 そうそう そう そう そう そう そう 。	理解、そうそうそうそうそうそうそう。	Understanding, yes, yes, yes, yes
LI-000146	(R はーい)		
SP-000180	そう 。	そう。	Right.
LI-000147	何 を 思 っ たら そう い う 発想 に な る の か って い う の が ね 。	何を思ったらそういう発想になるのかっていうのがね。	What made him concoct such an idea.
SP-000181	そうそう そう 。(R うーん)	そうそうそう。	Right, right,
LI-000148	(R うーん)		
LI-000149	普通 で は 思いつ か な い で す もの ね 。	普通では思いつかないですものね。	A normal person wouldn't think that way.
SP-000182	(R うーん)		
SP-000183	ね 。 そう 、 そう で す 。	ね。そう、そうです。	Right. Yes, that's right.
LI-000150	(R うーん)		
LI-000151	で 、 また 。	で、また。	And then.
SP-000184	で ね 、(F なんか)(F なんか)自分 で は 正当 を 、 正当 を こう ね 、 出 す 為 に(F なんか)(P)(F うん)その 障害 者 を ね 、 い な い 方 が い い と か 言 う て 、(P)ね 、 そう い う(P)ね 、?バカ な 事 を 言 う て る(L ひひ)ね 。(L へへへ)	でね、自分では正当を、正当をこうね、出す為にその障害者をね、いない方がいいとか言うて、ね、そういうね、バカな事を言うてるね。	Then, to justify himself, he says the disabled would be better off dead, such a foolish thing.
LI-000152	(R うん)		
LI-000153	(R はいはい)		
LI-000154	(R うん)		
LI-000155	(R うん)		
LI-000156	(R はい)		
LI-000157	(R うん)		
LI-000158	そう で す よ ね 。	そうですよね。	I agree.
LI-000159	もう おっしゃ る 通り ばか な 事 で す よ ね 。	もうおっしゃる通りばかな事ですよね。	I agree, such a foolish thing.
SP-000185	(R うん)ね 。 ね 。 そう で す ね 。(L ふふ)	ね。ね。そうですね。	Yes, yes, you know.
LI-000160	何 を 言 っ て る ん だ って い う ね 。	何を言ってるんだっていうね。	It's like, what the heck.
SP-000186	(R うん)		
SP-000187	(R うん)		
SP-000188	ね 。 そうそう 。	ね。そうそう。	Yes. Correct.
LI-000161	ほんと に 何 を 言 っ て る ん だ 、 何 を や っ て る ん だ って い う の が 。	ほんとに何を言ってるんだ、何をやってるんだっていうのが。	We feel like What the heck are you talking about, what are you doing?.
SP-000189	(F うーん)やっぱ 犯罪 者 の 気持ち い う の 、 全然 分か ら な い で す 。	やっぱ犯罪者の気持ちいうの、全然分からないです。	I really don't understand what the criminals think.
LI-000162	そう で す ね 、 ここ まで い く と 、 もう 分か ら な い で す ね 。	そうですね、ここまでいくと、もう分からないですね。	Yes, that guy was beyond our understanding.
SP-000190	ね 。(R うん)	ね。	Right.
SP-000191	そう や ね 。(R うん)	そうやね。	I agree.
LI-000163	(F ま)(F あの)分か る 必要 も 無 い の か も しれ ま せ ん ね 。	分かる必要も無いのかもしれませんね。	Maybe you don't need to understand them.
SP-000192	(L ふふ)そう 。(L ふふふふふふ)	そう。	Yes.
LI-000164	(R はい)(L あははふふ)もう 明らか おかし い で す もの ね 、 ここ まで い く と 。	もう明らかおかしいですものね、ここまでいくと。	He's clearly crazy, he's gone that far.
SP-000193	(L ふふふふ)		
SP-000194	(R うん)		
LI-000165	(F あの)(P)理由 が(P)ね 。	理由がね。	The motive.
SP-000195	(L ふふふふ)		
LI-000166	理由 が もう 理解 出来 ま せ ん もの ね 。	理由がもう理解出来ませんものね。	The motive is really incomprehensible.
SP-000196	(L ふふふ)		
LI-000167	最近 多 い で す ね 、 で も 、 ちょっと 、(P)何 で そう な る の か な って い う よう な(P)事件 と か 、(P)多 い で す ね 。	最近多いですね、でも、ちょっと、何でそうなるのかなっていうような事件とか、多いですね。	There are many cases like that nowadays, cases you'd want to ask, Why did it turn that way?
SP-000197	ね 。 そうそう 、 そう ね 。	ね。そうそう、そうね。	Yes, I see, right.
LI-000168	昔 は そう で も な かっ た よう に 思 う ん で す けど ね 。	昔はそうでもなかったように思うんですけどね。	I don't think there were such things in the past as there are today.
SP-000198			
LI-000169	(R うーん)		
SP-000199	(L ふ)		
LI-000170	なんか(F あの)(P)普通 の 人 が 犯罪 者 に な り ま す で しょ 、 今 は 。	なんか普通の人が犯罪者になりますでしょ、今は。	Nowadays ordinary people become criminals.
SP-000200	(F うんうんうん)(F ま)それ 不満 から で しょ う ね 、 多分 。	それ不満からでしょうね、多分。	I guess dissatisfaction drives them.
LI-000171	(R うーん)		
SP-000201	(R うん)(F なんか)(F こー)不満 持 っ て て 、 ね 、 それ を ぱっ と 爆発(L ふふふふ)する ん で しょ う ね 。	不満持ってて、ね、それをぱっと爆発するんでしょうね。	The dissatisfaction within explodes suddenly.
LI-000172	(R あー)		
LI-000173	(R うーんうーん)		
LI-000174	ね 。 その(P)方向 性 が ちょっと おかし い ん で しょ う ね 。	ね。その方向性がちょっとおかしいんでしょうね。	Yes. And the direction it explodes is abnormal.
SP-000202	ね 。	ね。	I see.
SP-000203	(L ふ)		
SP-000204	(R うん)		
SP-000205	ね 。	ね。	Yep.
LI-000175	(R はい)		
LI-000176	だ から そう い う ふう に やっぱり 色んな 趣味 を 持 っ たり と か 、 なんか そう い う ね 、(P)事 って 大事 で す よ ね 。(R はい)	だからそういうふうにやっぱり色んな趣味を持ったりとか、なんかそういうね、事って大事ですよね。	So, it's very important to have various pastimes.
SP-000206	(R うん)		
SP-000207	(R うん)		
SP-000208	そう 、 そう で す ね 。(R うん)	そう、そうですね。	Yes, I agree. You're right.
SP-000209	ね 。 そうそう 。	ね。そうそう。	Yes. Right.
LI-000177	もっと なんか(P)逆 に こう 忙し く 、(P)色んな 事 を こう(P)楽しみ 時間 て い う の が ね 、 あ れ ば ね 、(P)そんな い ら ん 事 考え て る 暇 な い ん じゃ な い の って 思 う ん で す けど ね 。	もっとなんか逆にこう忙しく、色んな事をこう楽しみ時間ていうのがね、あればね、そんないらん事考えてる暇ないんじゃないのって思うんですけどね。	I think if you have various things you love doing, you won't have time to imagine such things.
SP-000210	(R うん)		
SP-000211	そう や ね 。 そうそう 。	そうやね。そうそう。	Yep. Really.
SP-000212	(R うん)そうそう そう そう 。(L ふふふ)	そうそうそうそう。	Yes, yes, yes, yes
LI-000178	(R ふーん)		
LI-000179	ね 。	ね。	Yes.
LI-000180	まあ(F あの)(P)ほんと に(P)もう こんな 事 が 無 い よう に 、 どんな 事 も な い よう に で す けど ね 。(R うーん)	まあほんとにもうこんな事が無いように、どんな事もないようにですけどね。	Seriously, such or any tragedy had better not to be repeated again.
SP-000213	ね 。 そうそう 。	ね。そうそう。	Yes. Right.
SP-000214	(R うん)		
LI-000181	もう こう い う 話 に 関 し て は 、 もう ほんと に 、 言葉 が 無くな り ま す もの ね 。	もうこういう話に関しては、もうほんとに、言葉が無くなりますものね。	You can't find the words regarding such case.
SP-000215	ね 。 そう で す ね 。	ね。そうですね。	Yes. Right.
LI-000182	(R うん)ね 。	ね。	Yes.
SP-000216	(R うん)		
LI-000183	今 は(F あの)ご 家族 、 ご 一緒 に お 住まい な ん で す か ？	今はご家族、ご一緒にお住まいなんですか？	Are you living together with your family?
SP-000217	(R うん)(F ま)今 ん とこ 三 人 で ね 、(P)うち 嫁 さん と 、 子供 、 長女 と ね 、 三 人 で す ねん 、 今 。	今んとこ三人でね、うち嫁さんと、子供、長女とね、三人ですねん、今。	Currently there's three of us, my wife, child, my first daughter, three of us, now.
LI-000184	(R はい)		
LI-000185	(R はい)		
LI-000186	(R はい)		
LI-000187	(F あ)そう で す か 。(R はい)奥 様 も お 元気 で ？	そうですか。奥様もお元気で？	Really. How's your wife?
SP-000218	(R うん)		
SP-000219	(R うん)(F ま)まあまあ 元気 で す ね 。(R うん)	まあまあ元気ですね。	She's doing fine.
LI-000188	(R あー)		
LI-000189	じゃ 旅行 も また 、 春 、 ご 一緒 出来 そう で す か ？	じゃ旅行もまた、春、ご一緒出来そうですか？	Then can you two go sightseeing together in spring?
SP-000220	(F うーん)(F ま)たまに(P)旅行 行 っ たり 、 僕 は(F ま)友達 と 行 く の が 多 い ん で す ねん 。(L はははははははははふふふふ)(R うん)	たまに旅行行ったり、僕は友達と行くのが多いんですねん。	We do go together once in a while, but I frequently travel with my friends.
LI-000190	(R うん)		
LI-000191	(R うん)		
LI-000192	あらららららら 、 あららららら 、 お 父 さん 勝手 に 行 っ ちゃ う 。(L うふふふふふふ)(P)そう で す か 。(R うーん)	あらららららら、あららららら、お父さん勝手に行っちゃう。そうですか。	Uh-oh, uh-oh, so dad goes off on a journey by himself. My.
SP-000221	(R うん)		
LI-000193	で も(P)お 土産 は 忘れ ず に 。	でもお土産は忘れずに。	But you won't forget to buy souvenirs.
SP-000222	お 土産 買 っ て こ な い 。(L ふふふふふふふふふ)	お土産買ってこない。	I don't buy souvenirs.
LI-000194	ええ 、(L ふふふふふふ)お 土産 買 っ て こ な い ん で す か ？ あら 。	ええ、お土産買ってこないんですか？あら。	Eh, you don't buy souvenirs? Uh-oh.
LI-000195	(R うん)なんか 、 なんか(F あの)ちょっと(F あの)名産 品 と か(P)な い で す か ？	なんか、なんかちょっと名産品とかないですか？	Don't you buy the local specialties for her?
SP-000223	(L ふふ)		
LI-000196	(F あ)撮 っ て き た 写真 が お 土産 か な 。	撮ってきた写真がお土産かな。	I guess the pictures you took are the souvenirs.
SP-000224	まあ そう で す ね 。(L ふふふふ)	まあそうですね。	Well, I guess so.
LI-000197	そう で す ね 。(R うん)こんな ん や っ た よ って い う 、 ね 。	そうですね。こんなんやったよっていう、ね。	I see, you tell her how it was with your pictures, right?
SP-000225	そう で す ね 。(L ふふ)	そうですね。	Yep.
LI-000198	(R はい)		
LI-000199	お 土産 の 写真 と お 土産 話 。(R うん)	お土産の写真とお土産話。	Souvenirs of pictures and story of souvenirs.
SP-000226	(R うん)(L ふふふ)		
LI-000200	い い で す ね 、 で も(F あの)そう や っ て 仲良く(P)元気 で い られ る って い う の が 。	いいですね、でもそうやって仲良く元気でいられるっていうのが。	It's nice, staying healthy and living happily together.
SP-000227	(F うーん)(F ま)		
SP-000228	そう で す ね 。	そうですね。	I agree.
LI-000201	(R うーん)		
SP-000229	(R うん)		
LI-000202	(R うーん)		
SP-000230	やっぱり 僕 は 家 に じっと し て る の が 嫌 な 方 で ね 。	やっぱり僕は家にじっとしてるのが嫌な方でね。	I'm not the kind of person who likes to stay indoors.
LI-000203	(R はい)		
SP-000231	(R うん)		
SP-000232	(F うーん)せ や から もう(P)ほとんど(F ま)一 週 に 、(P)週 に(F ま)仕事 は 三 日 に 一 回 行 っ て ま す ねん けど ね 。	せやからもうほとんど一週に、週に仕事は三日に一回行ってますねんけどね。	So, in a week, I go to work once every three days.
LI-000204	お 仕事 さ れ て る ん で す か 。(R はー)	お仕事されてるんですか。	You work?
SP-000233	(R はいはい)		
SP-000234	仕事 を し て ま す よ 。	仕事をしてますよ。	I do.
LI-000205	(F あ)(R はい)すご 。	すご。	Amazing.
SP-000235	(R うん)せ や から 、 定年 な っ て から ね 、(P)もう 定年 な っ て 二十 年 や から ね 、(P)もう その 間 シルバー 会員 な っ て から その 仕事 を ね 、(P)ぽつぽつ や っ て(F あの)もら っ て(P)行 っ て ま す よ 。	せやから、定年なってからね、もう定年なって二十年やからね、もうその間シルバー会員なってからその仕事をね、ぽつぽつやってもらって行ってますよ。	So, after retiring, it has been 20 years since the retirement, so I work as a senior member from time to time.
LI-000206	(R はい)		
LI-000207	(R はいはい)		
LI-000208	(R はい)		
LI-000209	(R はい)		
LI-000210	(R はい)		
LI-000211	(R はい)		
LI-000212	(F あ)そう で す か 。(R うーん)	そうですか。	Really. 
SP-000236	(R うんうんうん)		
SP-000237	せ や から 、 家 に い て ん の が もう 嫌 な 方 や から 、(P)もう 体動か し て ま す 。	せやから、家にいてんのがもう嫌な方やから、もう体動かしてます。	Like I said, I hate staying indoors, so I work actively.
LI-000213	(R はい)		
LI-000214	(R うーん)		
SP-000238	(R うん)		
LI-000215	で 、 逆 に お 仕事 が あ る から 、 また 、 ちょっと お 休み の 日 に 楽し む 事 を(P)し たり って い う の で 、 めりはり が い い で す ね 、 それ 。(R うーん)	で、逆にお仕事があるから、また、ちょっとお休みの日に楽しむ事をしたりっていうので、めりはりがいいですね、それ。	Conversely, because you have a job you can enjoy your hobby on holidays, an awesome example of striking a balance.
SP-000239	(R うん)そうそう 。(R うんうんうんうんうん)	そうそう。	That's right.
SP-000240	そうそう そう そう そう そう 。(R うん)	そうそうそうそうそうそう。	Yes, yes, yes,
LI-000216	すご い で す ね 。	すごいですね。	Amazing.
LI-000217	充実 し た 日々 で 。	充実した日々で。	A fulfilling life.
SP-000241	(R うーん)まあ ね 、 まあ ね 、 まあ ね 、 まあ ね 。(L ふふふふふふ)(R うんうーん)	まあね、まあね、まあね、まあね。	Well, well
LI-000218	(L うふ)まあ ね 、(L ふ)まあ ね 、(L うふふふふふふ)それ だけ お 元気 で 色々 さ れ て た ら 、 何 より で す 。(R はい)ほんと に 。(R うん)	まあね、まあね、それだけお元気で色々されてたら、何よりです。ほんとに。	Well, well, nothing is better than being healthy and doing so many things. Really.
SP-000242	(R うーん)そう や ね 。(R うんうん)	そうやね。	Yep.
LI-000219	奥 様 は(F あの)あれ で す か 、 あまり 外 に 出 られ(P)な い で す か ？	奥様はあれですか、あまり外に出られないですか？	Does your wife prefer staying at home?
SP-000243	(R うんうん)(F ま)あんまり(R うん)出 な い 方 や ね 。 もう(P)どっ か 旅行 に 行 く い う て も もう しんど い と か ね 、 ちょっと?億劫 な 方 や ね 。 そうそう そう 。(R うんうん)ね 。	あんまり出ない方やね。もうどっか旅行に行くいうてももうしんどいとかね、ちょっと億劫な方やね。そうそうそう。ね。	She doesn't go out so much. When I talk about travel plans, she says it's tough to tag along, she's a bit lazy. Yes, yes, yes. She is.
LI-000220	(R うん)		
LI-000221	(R あーあー)		
LI-000222	ちょっと 億劫 に な る の か な 。(R うんうんうん)	ちょっと億劫になるのかな。	I guess it is a bit troublesome.
LI-000223	(R はい)		
LI-000224	で も 、 ご 主人 は(F あの)あれ で す ね 、(P)お 友達 と 行 っ ちゃ う 。	でも、ご主人はあれですね、お友達と行っちゃう。	On the other hand, the husband goes out with his pals.
SP-000244	え ？	え？	Eh?
SP-000245	そう 。	そう。	Right.
LI-000225	(R うん)		
SP-000246	(R うん)		
SP-000247	(F ま)たまに は ね 、 家族 と ね 、 行 く 事 も あ る けど ね 。	たまにはね、家族とね、行く事もあるけどね。	From time to time, I do travel with my family.
LI-000226	(R はい)		
LI-000227	(R はい)		
SP-000248	せ や けど も 、 行 く の は 友達 の 方 が 多 い 、 多 い 。	せやけども、行くのは友達の方が多い、多い。	However, I go with my friends more frequently, frequently.
LI-000228	(R あー)		
LI-000229	(R うん)		
SP-000249	(R うん)		
LI-000230	ね 、 で も その お 友達 も また お 元気 で 。	ね、でもそのお友達もまたお元気で。	Well, but your friends are all healthy. 
SP-000250	(R うん)と い う の は 。	というのは。	Which means.
SP-000251	そう や ねん 、 そう 。	そうやねん、そう。	Yep, right.
LI-000231	(R うん)		
SP-000252	(R うん)やっぱり シルバー の 友達 と か 、(P)ほんで(R うん)ね 、 現役 の 、 会社 ね 、 行 っ て た 時 の(P)友達 と か 、(P)(F うーん)もう 沢山 い て る から 、 やっぱり 一緒 に ね 、(P)(R うん)行 っ たり 、(P)飲み会 し たり 。	やっぱりシルバーの友達とか、ほんでね、現役の、会社ね、行ってた時の友達とか、もう沢山いてるから、やっぱり一緒にね、行ったり、飲み会したり。	They are fellow senior members, friends from the workplace while I was active, there are so many of them, I go on trips and drink with them.
LI-000232	(R うん)		
LI-000233	(R うん)		
LI-000234	(R うん)		
LI-000235	(R うん)		
LI-000236	(R あー)		
LI-000237	ね 。	ね。	I see.
LI-000238	それ は お 人柄 で 。	それはお人柄で。	Your personality attracts so many people.
LI-000239	(R あー)		
SP-000253	そう 、(L ははふ)忙し い で す よ 、(P)今月 なんか も すご い 特に 忙し い 、 もう あっちこっち 、(R うん)そう 。(R うんうん)	そう、忙しいですよ、今月なんかもすごい特に忙しい、もうあっちこっち、そう。	Yeah, I'm very busy, especially this month, going to and fro.
LI-000240	忙し い で す ね 。(L あはははははは)	忙しいですね。	That's a busy life.
LI-000241	(F あ)そう で す か 。	そうですか。	I see.
LI-000242	(R ふーん)		
LI-000243	年末 の 飲み会 が あ っ て 。	年末の飲み会があって。	There's a get-together at the end of the year.
SP-000254	そうそう そう 。(R うん)	そうそうそう。	Yes, yes
LI-000244	(R はい)		
LI-000245	新年 会 は 無 い ん で す か ？	新年会は無いんですか？	Don't you have a get-together at the beginning of the year?
SP-000255	新年 会 も 、 だ から 今月 三 回 、 三 回 、 三 回 。	新年会も、だから今月三回、三回、三回。	We do, so there are three, three, three, this month.
LI-000246	三 回 、 あら 、 あっち 顔出 し て 、 こっち 顔出 し て 、 忙し い 。(R うーん)	三回、あら、あっち顔出して、こっち顔出して、忙しい。	Three get-togethers, busy drinking here and there.
SP-000256	そう で す わ 、 そうそう 。(L ふふ)そう 。	そうですわ、そうそう。そう。	Right, yes. Yes.
SP-000257	そう 。(F あー)(R うーん)	そう。	Right.
LI-000247	い い で す ね 、 ほんと 、(P)なんか そう い う ふう に 歳 を 重ね られ た ら い い な って 思 い ま す 。	いいですね、ほんと、なんかそういうふうに歳を重ねられたらいいなって思います。	Really amazing. I hope I can grow old like you.
SP-000258	そう 。(R うん)	そう。	Yes.
SP-000259	そう 、 そう や ね 。	そう、そうやね。	Yes, I agree. 
LI-000248	(R うーん)		
SP-000260	やっぱり 皆 集ま っ て も ね 、 大勢 、 大勢 い う か(F ま)一 回 二十 人 位 集ま る ん で す けど ね 。	やっぱり皆集まってもね、大勢、大勢いうか一回二十人位集まるんですけどね。	We meet in a group, I mean, about 20 people in one get-together.
LI-000249	(R うん)		
SP-000261	もう やっぱり 、 こな し て 会社 辞め て ね 、 皆 集ま る の い い な 言 う て 、 もう(P)やっぱり 皆 言 う て ま す よ 。(R うんうんうんうん)	もうやっぱり、こなして会社辞めてね、皆集まるのいいな言うて、もうやっぱり皆言うてますよ。	After all, everyone says it's nice to get together after retiring, everyone says just as I thought.
LI-000250	(R うん)		
LI-000251	そう で す よ ね 。	そうですよね。	I agree.
LI-000252	(R うんうんうん)		
LI-000253	やっぱ お 互い の 元気 な 顔 を 見 て 、 また 元気 に な る 、 ね 。(R うんうん)	やっぱお互いの元気な顔を見て、また元気になる、ね。	Seeing each other doing fine, which makes you healthier.
SP-000262	そう 、 そうそうそう 、 そうそうそう 、 そうそう 。(R うん)	そう、そうそうそう、そうそうそう、そうそう。	Yes, yes, yes, yes.
LI-000254	で 、 やっぱり 一緒 に い た から 分か る 話 も 、 沢山 また ある で しょ う し ね 。(R うんうん)	で、やっぱり一緒にいたから分かる話も、沢山またあるでしょうしね。	Plus, there would be many things to talk about which can be shared because you were together.
SP-000263	そうそう そうそう 、 そうそう そう そう そう 。(R うん)	そうそうそうそう、そうそうそうそうそう。	Yes, yes, yes, yes.
LI-000255	だ から そう い う 話 に 花 が 咲 い て 。	だからそういう話に花が咲いて。	Then you'll have a great conversation.
SP-000264	そうそう 。	そうそう。	Right, right.
LI-000256	(R うん)		
LI-000257	また 再開 を 約束 し て 。	また再開を約束して。	And then you promise to meet again.
SP-000265	そうそう そう そう そう 。	そうそうそうそうそう。	Yes, yes.
LI-000258	(R はい)		
LI-000259	何 か に つけ て 飲み会 が あ っ て 。(R うん)(L うふ)	何かにつけて飲み会があって。	You always end up having a get-together on every occasion.
SP-000266	そう や 、 そう や ね 。	そうや、そうやね。	Yep, right.
SP-000267	(L ふ)		
LI-000260	(L ふっふ)い い で す ね 、(R はい)そう で し た か 。(R はい)	いいですね、そうでしたか。	I see. That's nice.
SP-000268	ね 。	ね。	Isn't it?
LI-000261	ありがとう ござ い ま す 。(R はい)	ありがとうございます。	Thank you for coming.
SP-000269	(R はい)いえ いえ 。	いえいえ。	My pleasure.