LI-000001	改め ま し て ワダ と 申 し ま す 。	改めましてワダと申します。	Once again, my name is Wada. 
SP-000001	(R はい)よろしく お 願 い し ま す 。	よろしくお願いします。	It’s pleasure to meet you.
LI-000002	(R はい)よろしく お 願 い いた し ま す 。(R はい)(P)(F あの)(P)こんな の を 付け ま して で す ね 、 お 話 を って 言 う こと で 、(P)とても(F なんか)緊張 し て る ん で す 。 で す し 、(F あの)(P)お 気楽 に なさ っ て お 話 。	よろしくお願いいたします。こんなのを付けましてですね、お話をって言うことで、とても緊張してるんです。ですし、お気楽になさってお話。	It’s pleasure to meet you too. I am nervous talking about such topics. Anyway, let's relax and talk.

SP-000002	お 願 い し ま す 。(R はい)	お願いします。	Certainly.
SP-000003	(R はい)		
SP-000004	(R はい)		
SP-000005	いいえ 。	いいえ。	No.
SP-000006	(R はい)声 は こんな 調子 で い い ん で す か ？	声はこんな調子でいいんですか？	Is my voice OK like this?
LI-000003	い い で す 、 い い で す 。	いいです、いいです。	OK, OK.
SP-000007	大き い 、 小さ かっ たり 大き かっ たり って い う の は 。	大きい、小さかったり大きかったりっていうのは。	Is it too loud or too quiet?
LI-000004	(R はい)大丈夫 で す 。	大丈夫です。	It's OK.
SP-000008	音量 は 、 その もの は 。	音量は、そのものは。	How about volume?
LI-000005	そんな もの は 大丈夫 で す 。(R はい)大丈夫 で す 。	そんなものは大丈夫です。大丈夫です。	No problem, it's okay.
SP-000009	(R はい)い い で す か 。(R はい)	いいですか。	OK?
LI-000006	(F あの)(P)何 、(P)(F あのー)(P)二 つ の 記事 が あ り ま し て で す ね 、(P)それ を 元 に(F あの)ちょっと お 話 を 伺 い た い って い う とこ な ん で す けれど も ね 、 一 つ は(F あの)(P)昨年 で す ね 、 十 二 月 に(F あの)ノーベル 賞(P)あ り ま し た よ ね 。	何、二つの記事がありましてですね、それを元にちょっとお話を伺いたいっていうとこなんですけれどもね、一つは昨年ですね、十二月にノーベル賞ありましたよね。	There are two articles. And I just would like to talk about these two articles. One is about the Nobel prize that was announced last December.
SP-000010	(R はい)		
SP-000011	(R はい)		
SP-000012	(R はい)		
SP-000013	(R はい)		
SP-000014	(R はい)		
LI-000007	オオスミ さん が(F あの)医学 生 理学 賞 を 受賞 さ れ た ん で す 。 オオスミヨシノリ さん 。	オオスミさんが医学生理学賞を受賞されたんです。オオスミヨシノリさん。	Dr. Ohsumi received the Nobel Prize in physiology or medicine. Dr. Yoshinori Ohsumi.
SP-000015	(R はいはい)		
SP-000016	(R はい)		
LI-000008	(R はい)		
LI-000009	七十 一 歳(P)で す 。	七十一歳です。	He is 71 years old.
SP-000017	(R はい)		
LI-000010	同 世代位 で す か ？	同世代位ですか？	Are you in the same generation?
SP-000018	そう で す ね 。 私 より ちょっと 若 い で す ね 。	そうですね。私よりちょっと若いですね。	Yes. He is slightly younger than me.
LI-000011	(R はい)		
LI-000012	(F あ)そう な ん で す か 。(R はい)	そうなんですか。	Oh, I see.
SP-000019	(R えー)		
SP-000020	七十 三 で す から 、(P)二 歳 位 若 い で す ね 。	七十三ですから、二歳位若いですね。	Since I am 73 years old, he is about two years younger than I.
LI-000013	(F あ)そう 。	そう。	Sure.
LI-000014	(F あ)そう で す か 。 お 元気 そう で 何 より で す ね 。(R はい)(F あの)その 辺 の 、 で も 、 その 世代 って やっぱり 頑張り 屋 さん が 多 い で す よ ね 。	そうですか。お元気そうで何よりですね。その辺の、でも、その世代ってやっぱり頑張り屋さんが多いですよね。	I see. I'm glad that you are healthy. And I should say that there are a lot of hard workers in that generation.
SP-000021	(R はい)		
SP-000022	(R はい)		
SP-000023	いえ いえ いえ 。	いえいえいえ。	No, no.
SP-000024	ね 、 一番(F そのー)何 て 言 うんか 、(P)(F あのー)(P)人生 の こう 、 一番 凝縮 さ れ た 所 に 、 時代 じゃ な い か な と 思 い ま す ね 。	ね、一番何て言うんか、人生のこう、一番凝縮された所に、時代じゃないかなと思いますね。	Well, maybe in life, those ages are the most mature period.
LI-000015	(R はい)		
LI-000016	ね 。(R えー)	ね。	I think so.
SP-000025	(R えー)		
SP-000026	大学 の 先生 で す から あれ で す けど ね 、(P)(R えー)(P)立派 な 方 で す ね 。	大学の先生ですからあれですけどね、立派な方ですね。	It may be natural because he is a professor at a university, but he is a respectable person.
LI-000017	(F あ)(R はーい)		
LI-000018	そう で す ね 。	そうですね。	Sure.
LI-000019	(R うーんうん)		
LI-000020	で も 、 やっぱり その 世代 の 方 って 、 それぞれ の(F あの)場所 で 、(F あの)それぞれ が(F こー)活躍 さ れ て た って い う(F あの)さっき おっしゃ っ た よう な 、 ぐっ と こう 、(P)凝縮 さ れ た 。	でも、やっぱりその世代の方って、それぞれの場所で、それぞれが活躍されてたっていうさっきおっしゃったような、ぐっとこう、凝縮された。	People of that generation have gained a lot of life experience in each place and they are very mature.
SP-000027	(R えー)		
SP-000028	(R えー)そう で す ね 。	そうですね。	I agree.
LI-000021	ね 。	ね。	Well.
SP-000029	だ から 、 そう い う(F その)ずっと 才能 が こう 、 その 年代 で も っ て 、(F ま)その 七十 三 歳 で どうこう じゃ 無し に 、(F ま)その 過程 が あ る で しょ う けど ね 。	だから、そういうずっと才能がこう、その年代でもって、その七十三歳でどうこうじゃ無しに、その過程があるでしょうけどね。	So, it's not about whether he's 73 years old. It's about his talent and the process he'd been through until he reached his seventies.
LI-000022	(R はい)		
LI-000023	(R はい)		
LI-000024	(R はい)		
SP-000030	(F あのー)やっぱり その 凝縮 さ れ た もの が 出 て くる 年代 に 近 い ん で しょ う ね 。	やっぱりその凝縮されたものが出てくる年代に近いんでしょうね。	That's the age when talent and experience mature.
LI-000025	(R はい)		
LI-000026	(R あー)		
SP-000031	(R はい)		
LI-000027	なるほど ね 。(R うーん)	なるほどね。	I agree.
SP-000032	(R えー)		
SP-000033	六十 から 七十 っ て 言 う の は ね 。	六十から七十って言うのはね。	From 60 to 70 years old.
LI-000028	(R はーい)		
SP-000034	(R はい)		
LI-000029	それ まで の 経験 と か 色んな 事 が 、 こう(F うーん)全部 こう(F あの)一 つ に な っ て 。(R はい)	それまでの経験とか色んな事が、こう全部こう一つになって。	Experience and various things become one.
SP-000035	そうそう 、 で す ね 。	そうそう、ですね。	Yes, yes.
SP-000036	(R はい)		
SP-000037	(R はい)		
SP-000038	いわゆる 凝縮 さ れ て 、(P)成果 と し て 出 て 来る(P)年代 じゃ な い か な と 思 う ん で す けど ね 。	いわゆる凝縮されて、成果として出て来る年代じゃないかなと思うんですけどね。	I think the fruits of experience become ripe in that age.
LI-000030	(R はい)		
LI-000031	(R あー)		
LI-000032	(R あー)		
SP-000039	(F まー)四十 後半 から 五十 は あれ か も わか り ま せ ん けど ね 、(P)ただ 六十 から 七十 って い う の は 、 やっぱり そう い う(P)(F あのー)今 まで の 蓄積 さ れ た もの が(P)出 て 来る(P)年代 じゃ な い か な と 思 う ん で す けど ね 。	四十後半から五十はあれかもわかりませんけどね、ただ六十から七十っていうのは、やっぱりそういう今までの蓄積されたものが出て来る年代じゃないかなと思うんですけどね。	Although it may be different from the later 40s to the age of 50, 60 to 70 years old is the age at which the cultivation becomes visible as a result.
LI-000033	(R うんうん)		
LI-000034	(R はいはい)		
LI-000035	(R うーん)そう で す よ ね 。(R うん)	そうですよね。	That's right.
SP-000040	(R はい)		
SP-000041	特に 大学 の 先生 なんか は ね 。	特に大学の先生なんかはね。	This is especially true for university professors.
LI-000036	(R はい)		
SP-000042	(R はい)		
LI-000037	それ まで は まだ 、 現役 的 な とこ で 、 こう ね(F あの)日々 こう(F あの)や っ て い か な い と いけ な い 事 と か 、 まだまだ 進行 形 だっ た ところ が ね 。(R はい)	それまではまだ、現役的なとこで、こうね日々こうやっていかないといけない事とか、まだまだ進行形だったところがね。	They are doing a plenty of things every day because they actually are still active.
SP-000043	そう で す ね 。	そうですね。	That's right.
SP-000044	(R えー)		
SP-000045	そう 。	そう。	So.
SP-000046	の 部分 も あ る で しょ う ね 。	の部分もあるでしょうね。	I guess that's also part of the reason.
SP-000047	もう 生徒 さん に 教え な い かんし 。(R えー)	もう生徒さんに教えないかんし。	They must teach their students.
LI-000038	そう で ね 。(R うん)	そうでね。	Yes. 
LI-000039	それ が それ 位 に な っ て こ う 。	それがそれ位になってこう。	At that age.
SP-000048			
SP-000049	成果 と し て 実 っ て くる 時期 と い う よう に 感じ る ん で す けど ね 。	成果として実ってくる時期というように感じるんですけどね。	I think that it can be a fruitful period as a result.
LI-000040	(R うーん)		
LI-000041	(R はい)		
LI-000042	(R あーあー)い い お 話 で す 。(R はい)	いいお話です。	It is a great story.
SP-000050	いえ いえ いえ 。	いえいえいえ。	No, No.
LI-000043	ね 。	ね。	Well.
SP-000051	我々 も そう(F あの)年代 的 に は もう ね 、(F え)(F あのー)我々 サラリーマン で す けど も 、(P)もう(F うーん)定年(P)が(F ま)(P)六十 だっ た ん で す けど ね 。(R はい)	我々もそう年代的にはもうね、我々サラリーマンですけども、もう定年が六十だったんですけどね。	We are of the same generation. Although we were office workers and retired when we turned 60.
LI-000044	(R うん)		
LI-000045	(R はい)		
LI-000046	(F あ)(R はいうん)		
SP-000052	まだ 、 だ けど 、 その 段階 で 、 まだ 、 仕事 を 引 く の は(P)なんか(P)勿体 無 い 気 が する ん で す よ ね 。(R はい)	まだ、だけど、その段階で、まだ、仕事を引くのはなんか勿体無い気がするんですよね。	However, retiring at the age of 60 seems somewhat wasteful.
LI-000047	そう で す よ ね 。	そうですよね。	I think so.
LI-000048	そう で す よ ね 。(R うん)まだまだ ね 。	そうですよね。まだまだね。	Sure, we can still do the job.
SP-000053	(F えー)(F あの)肉体 的 に も 、(F え)思考 、 思考 は ちょっと やや 、 やっぱり 、 ね 、 こう 高齢 者 特有 の それ が あ る と 思 い ま す けれど も 、(P)やっぱり 。	肉体的にも、思考、思考はちょっとやや、やっぱり、ね、こう高齢者特有のそれがあると思いますけれども、やっぱり。	Still, I feel I'm getting old like a typical elderly both physically and mentally. Particularly mentally. 
LI-000049	(R うん)		
LI-000050	(R はい)		
LI-000051	いやいや いや いや 。	いやいやいやいや。	No, no.
LI-000052	(L あははふふ)(R うん)		
LI-000053	で も まだまだ ね 、 その(R うん)支障 が 。(R うんうん)	でもまだまだね、その支障が。	But there are no problems yet.
SP-000054	(R うーん)物忘れ は あ り ま す 。	物忘れはあります。	I have symptoms of forgetfulness.
LI-000054	そう で す よ ね 。	そうですよね。	I see.
SP-000055	(R はい)		
LI-000055	だ から そこ で 、(F あの)で も 、 引退 さ れ た ん で す よ ね 。	だからそこで、でも、引退されたんですよね。	That's why you retired.
SP-000056	引退 せ ざる を え な い で す ね 、 やっぱ あれ で 。(P)(F ま)今 、 別 の 仕事 に つ い て ま す けど ね 。	引退せざるをえないですね、やっぱあれで。今、別の仕事についてますけどね。	I was compelled to retire for that reason. I am on a different job right now.
LI-000056	(R うん)		
LI-000057	(R うん)		
LI-000058	(F あ)(R はー)		
SP-000057	(R はい)		
LI-000059	その 後 、 しばらく は お 休み さ れ たり し た ん で す か 、(F あの)体 的 に 。	その後、しばらくはお休みされたりしたんですか、体的に。	Have you been absent for a while because of your health problems?
SP-000058	(F え)もう そんな に しばらく は 無 い で す ね 。 六十 数 歳 で 、(F えー)我々 銀行 で す けど ね 、 銀行 で もう(P)(R うーん)(P)(F ま)色々 あ り ま し て ね 、 銀行 が 、 いわゆる 。	もうそんなにしばらくは無いですね。六十数歳で、我々銀行ですけどね、銀行でもう色々ありましてね、銀行が、いわゆる。	It was not so long. Although I was in my 60s, I worked at a bank, and there were various problems at banks.
LI-000060	(R はい)		
LI-000061	(R はい)		
LI-000062	(R はいはい)(F え)銀行 に お 勤め だっ た ん で す か ？	銀行にお勤めだったんですか？	Did you work for a bank?
SP-000059	りそな 銀行 で す ん で 。	りそな銀行ですんで。	I worked at Resona Bank.
LI-000063	(F あ)(R あー)すご 。	すご。	Amazing.
SP-000060	だ から 一 時期 こう な っ て 、(P)(F あのー)金融 庁 から(P)(F あの)もう 、 要 は(P)(F あのー)(P)資金 を 投入 さ れ て 、(P)で 、 もう 倒産 で は 無 い で す けど ね 。	だから一時期こうなって、金融庁からもう、要は資金を投入されて、で、もう倒産では無いですけどね。	The bank faced serious problems for a while and received funds from the Financial Services Agency. Banks never went bankrupt.
LI-000064	(R はー)		
LI-000065	(R はいはい)		
LI-000066	(R はい)		
LI-000067	(R はいはい)		
SP-000061	(R うん)そう 、 そして(F ま)今 、 立ち直 り ま し た けど ね 。	そう、そして今、立ち直りましたけどね。	It has recovered now. 
LI-000068	(R うん)そう で す よ ね 。	そうですよね。	That's right.
SP-000062	で 、 経営 者 も 皆 変わ っ て 、(P)立ち直 り ま し た から あれ で す けど 。	で、経営者も皆変わって、立ち直りましたからあれですけど。	And all the managers changed and the banks got resurrected.
LI-000069	(R うん)		
LI-000070	(R うーんうん)		
LI-000071	そう で す 。	そうです。	That's right.
SP-000063	我々 働 い て る 人間 に と っ て は もう 、(P)一 時期 が 、(F その)(P)定年 の(F あの)時期 で もう やめ て 欲し い と 言 わ れ る と もう 、(P)お る わけ に い か な い ん で す ね 。	我々働いてる人間にとってはもう、一時期が、定年の時期でもうやめて欲しいと言われるともう、おるわけにいかないんですね。	We have no choice when we are asked to retire at the retirement age.
LI-000072	(R うん)		
LI-000073	(R あー)		
LI-000074	(R うーんうーんうーんうーんうーん)		
SP-000064	そう い う やっぱり 、 それ 、 人 それぞれ の 、 人生 の 歩 み 方 って い う の が あ る よう に 思 い ま す ね 。	そういうやっぱり、それ、人それぞれの、人生の歩み方っていうのがあるように思いますね。	After all each person has their own way to spend their lives.
LI-000075	そう で す ね 。(R うーん)	そうですね。	Sure.
SP-000065	(R えー)安定 し て る 企業 の 場合 は それ は 無 い で しょ う けど ね 。	安定してる企業の場合はそれは無いでしょうけどね。	In the case of a stable company, there is no such thing.
LI-000076	(R うーん)		
LI-000077	ね 。	ね。	I think so.
LI-000078	何 が あ る か は 分か り ま せ ん けど 。(R うん)ね 。	何があるかは分かりませんけど。ね。	We cannot predict what will happen, right?
SP-000066	わか り ま せ ん 。 わか ら ん で す ね 。	わかりません。わからんですね。	We don't know.
LI-000079	分か り ま せ ん けど も 、 で も ね 。(R うん)	分かりませんけども、でもね。	Sure, but.
SP-000067	そう で す ね 。 だ けど 、 それ に どうこう ね 、 やっぱり 屈 し と っ たら また(F あの)健康 的 に も 良 く な い で す し 。	そうですね。だけど、それにどうこうね、やっぱり屈しとったらまた健康的にも良くないですし。	Yes. But after all, being conquered by misfortune is not good for your health.
LI-000080	(R うん)		
LI-000081	そう で す ね 。	そうですね。	I think so.
LI-000082	(R うんうんうん)		
SP-000068	やっぱり 体 を あれ し ながら 、(P)自分 で やれ る こと を 引き続 い て 、 年齢 相応 の ね 、(P)やっぱり(F あのー)働き と 言 う か 、(P)仕事 と い う の ちょっと 大袈裟 で す けど 、(F ま)何 か や り ながら や っ て い け ば で す ね 、(P)少し で も 健康 で(P)(F ま)長生き っ て 言 うんか 、(P)(F あのー)(P)(F ま)(P)ね 、(P)(F あのー)色んな 地域 の 、(P)(F ま)人 の ため に(P)働け る 、 働け る ちゅ うんか 、(F ま)貢献 出来 る と(P)言 う よう に 思 う ん で す けど ね 。	やっぱり体をあれしながら、自分でやれることを引き続いて、年齢相応のね、やっぱり働きと言うか、仕事というのちょっと大袈裟ですけど、何かやりながらやっていけばですね、少しでも健康で長生きって言うんか、ね、色んな地域の、人のために働ける、働けるちゅうんか、貢献出来ると言うように思うんですけどね。	By maintaining our physical strength, it is important to do something suitable for your age. Although it may be an exaggeration to call it work, if you have something to do, you can live a long and healthy life. I think that I can work and contribute to my community.
LI-000083	(R うん)		
LI-000084	(R うん)		
LI-000085	(R うん)		
LI-000086	(R うん)		
LI-000087	(R うん)		
LI-000088	(R うん)		
LI-000089	(R うんうんうん)		
LI-000090	(R はい)		
LI-000091	(R うん)		
LI-000092	(R うんうん)		
LI-000093	そう で す よ ね 。(R うん)	そうですよね。	I think so.
SP-000069	(R えー)		
LI-000094	素晴らし い で す ね 。	素晴らしいですね。	That's great.
SP-000070	いえ いえ いえ いえ 。	いえいえいえいえ。	No, No.
LI-000095	いやいや いや いや 。	いやいやいやいや。	No, that's great.
SP-000071	もう それ し な い と 、 やっぱり(P)足腰 も 老化 し ま す し 、 精神 的 に も 老化 し て い き し ま す し 、(P)(F あのー)やっぱり そう い う 部分 で は 、(P)(F あのー)年齢 に は あ がえ な い ところ あ り ま す けど ね 、 年齢 と 共 に 、 やっぱり 老化 し て い く 事 は 事実 で す けど ね 。	もうそれしないと、やっぱり足腰も老化しますし、精神的にも老化していきしますし、やっぱりそういう部分では、年齢にはあがえないところありますけどね、年齢と共に、やっぱり老化していく事は事実ですけどね。	Otherwise, the lower half of the body and mind will age. And in that sense, it is true to say that you can't fight your age.
LI-000096	(R うん)		
LI-000097	(R うーん)		
LI-000098	(R うーん)		
LI-000099	(R うん)		
LI-000100	(R うーん)		
LI-000101	(R うーんうーん)		
LI-000102	それ は ね 、 やっぱり そん だけ の 年数 使 っ て ま す か ね 。(L ふふふふふ)同じ 部品 使 っ て る ん で す から ね 、 もう 無理 な い で す よ ね 。(R うん)	それはね、やっぱりそんだけの年数使ってますかね。同じ部品使ってるんですからね、もう無理ないですよね。	Because you've been using your body for a considerable number of years. You've been using the same parts for many years.
SP-000072	(R うん)		
SP-000073	?		
SP-000074	そうそう 。(L ふふ)そう で す ね 。(R えー)	そうそう。そうですね。	Yes, I think so.
SP-000075	(R うん)しかし 、 それ を 少し で も ね 、 長引か し て 、(F あの)力 に 、 地域 の 為 に 役立て る よう な 、 地域 と 言 う より も(F ま)地域 も そう で す し 、 色んな グループ と か そう い う もん も 含め て で す ね 、(F ま)もちろん 、(F その)収入 を 得 る と い う の は あ る で しょ う けど 、 収入 は もう 二の次 で す ん で ね 。	しかし、それを少しでもね、長引かして、力に、地域の為に役立てるような、地域と言うよりも地域もそうですし、色んなグループとかそういうもんも含めてですね、もちろん、収入を得るというのはあるでしょうけど、収入はもう二の次ですんでね。	I understand that but you can prolong a little by contributing to the community and various groups. Of course, there is the issue of how much you can earn but income now is a secondary issue.
LI-000103	(R うん)		
LI-000104	(R うん)		
LI-000105	そう で す ね 。	そうですね。	I think so.
LI-000106	(R うん)		
LI-000107	(R うん)		
LI-000108	(R うん)		
LI-000109	(R うん)		
LI-000110	(R うーん)		
LI-000111	(R あー)(R うーんうーん)		
SP-000076	健康 の 維持 と やっぱり 体力 の 維持 と 、(P)そう い う 地域 の 為 に 、 やっぱり(P)色んな(F あの)貢献 出来 れ ば と(P)言 う よう に 思 い ながら や っ て る ん で す ね 。(R はい)	健康の維持とやっぱり体力の維持と、そういう地域の為に、やっぱり色んな貢献出来ればと言うように思いながらやってるんですね。	I'm doing this because I would like to contribute something, to maintain my health and physical strength and also do something for the community.
LI-000112	(R うーん)		
LI-000113	(R はい)		
LI-000114	(R うーん)		
LI-000115	(R うーん)		
LI-000116	(R あー)そ し た ら 色んな 、 なんか(F あの)活動 的 に こう なんか 。	そしたら色んな、なんか活動的にこうなんか。	Are you doing a variety of activities?
SP-000077	活動 と 言 う の は 、 今 一番 やっと たの は 、 この 十 一 月 まで(F あの)(P)民生 委員 って い う の や っ て ま し てん 。	活動と言うのは、今一番やっとたのは、この十一月まで民生委員っていうのやってましてん。	As for activities, I was a welfare commissioner until this November.
LI-000117	(R はい)		
LI-000118	(F あ)(R はいー)		
SP-000078	これ は(F あのー)いわゆる 高齢 者 の ね 、 高齢 者 の(P)(F あの)見守り で す ね 。	これはいわゆる高齢者のね、高齢者の見守りですね。	I did the job of watching the so-called elderly, I was a minder for elderly people.
LI-000119	(R はいはい)大変 な お 仕事 で す よ ね 。	大変なお仕事ですよね。	It is a tough job.
LI-000120	(R うーん)		
SP-000079	ほんで 、 子供 さん 方 の 見守 り 、 小学 生 の 子供 、(P)(F ま)一番 多 い の は やっぱり 高齢 者 で す ね 。	ほんで、子供さん方の見守り、小学生の子供、一番多いのはやっぱり高齢者ですね。	Sometimes I watched children and elementary school students, but the most common was elderly people.
LI-000121	(R うん)		
LI-000122	(R うん)		
LI-000123	(R うーんうん)		
SP-000080	七十 前後 から 八十 位 の 人 。	七十前後から八十位の人。	A person from about 70 years old to about 80 years old.
LI-000124	(R うん)		
LI-000125	(R うーん)		
SP-000081	やっぱり 一人 住ま い 、(P)そう い う 方々 の 見守り って 言 うんか 、(P)(F ま)出来 る だけ ね 、(F あのー)穏やか に 過ご し て いただ く 為 の あれ が やっぱり 、(F ま)(P)あれ は 準 公務 員 な ん で す けど ね 。	やっぱり一人住まい、そういう方々の見守りって言うんか、出来るだけね、穏やかに過ごしていただく為のあれがやっぱり、あれは準公務員なんですけどね。	When I work, I often watch over the people living alone. I want them to lead a peaceful life. This job is a quasi-civil servant.
LI-000126	(R はい)		
LI-000127	(R はい)		
LI-000128	(R うん)		
LI-000129	(R うん)		
LI-000130	(R あー)		
SP-000082	(R はー)		
LI-000131	ね 。	ね。	I agree.
LI-000132	なかなか(F あの)誰 で も なれ る もの じゃ な い で す し ね 。	なかなか誰でもなれるものじゃないですしね。	It is not a job that anyone can do.
SP-000083	そう 、(P)皆 嫌 が り ま す ね 。	そう、皆嫌がりますね。	That's right, everyone dislikes this job.
LI-000133	(R うーん)		
SP-000084	やっぱり 大変 で す から ね 。	やっぱり大変ですからね。	You know, this job is tough.
LI-000134	大変 で す もん ね 、 ほんと に 。(R うーん)	大変ですもんね、ほんとに。	I agree, it's really tough.
SP-000085	(R えー)		
SP-000086	やっぱり 高齢 者 の 場合 は(F あの)(P)特徴 的 な の は 、(P)圧倒 的 に(P)女性 が 多 い で す 。	やっぱり高齢者の場合は特徴的なのは、圧倒的に女性が多いです。	A significant number of elderly people are women.
LI-000135	(R うん)		
LI-000136	(R あー)		
LI-000137	そう で す ね 。(R うーん)	そうですね。	That's right.
SP-000087	(R えー)		
SP-000088	男性 は 長生き が やっぱり(P)平均 年齢 の あれ から み て も 、(P)女性 が(L ふ)(P)八十 数 歳 で(L ふふ)(P)?(F あの)男性 は やっぱり もう ちょっと 、(P)早 く やっぱり 。	男性は長生きがやっぱり平均年齢のあれからみても、女性が八十数歳で男性はやっぱりもうちょっと、早くやっぱり。	The average life expectancy of women is past 80, and men are earlier than that.
LI-000138	(R はい)		
LI-000139	(L うふふふふ)		
LI-000140	そう で す ね 。 そん だけ 頑張 っ て は る ん で す よ ね 、 男 の 方 は ね 。	そうですね。そんだけ頑張ってはるんですよね、男の方はね。	Yes. That's because men are working so hard.
SP-000089	(R えー)		
SP-000090	頑張 っ て 。?(L ふふ)	頑張って。	Working hard?
LI-000141	(R はい)(F あの)世間 の 色んな 波 に 揉 ま れ て ね 。(R はい)	世間の色んな波に揉まれてね。	They have various difficulties.
SP-000091	ね 、 そう で す ね 。	ね、そうですね。	Right, is not it?
SP-000092	(R えー)		
LI-000142	やっぱり 女 の 方 は 守 ら れ て る ん で す よ ね 、 どこ か で 。	やっぱり女の方は守られてるんですよね、どこかで。	Women are being protected.
SP-000093	(F うーん)守 ら れ て る と 言 う より 、 女性 の 方 が 強 い で す わ 。	守られてると言うより、女性の方が強いですわ。	I would rather say that women are stronger, rather than being protected.
LI-000143	いや 、(L ふ)そう で す か 。 あら ま 。	いや、そうですか。あらま。	Oh, is that so?
SP-000094	精神 的 に も 、 結果 肉体 的 に も 、(P)強 い っ す よ 。	精神的にも、結果肉体的にも、強いっすよ。	Women are strong both mentally and physically.
LI-000144	(R あー)		
LI-000145	(R あー)		
SP-000095	したたか で す ね 。	したたかですね。	Women are shrewd.
LI-000146	(L なははははふふふふ)か も しれ ま せ ん ね 。(R うーんうーんうーん)	かもしれませんね。	It may be so.
SP-000096	(R えー)		
SP-000097	(R えー)		
SP-000098	そう い う の を もう 目の 当たり に 見せ て もら い ま し た ね 。	そういうのをもう目の当たりに見せてもらいましたね。	I have witnessed that kind of thing.
LI-000147	(R あー)(R ふーん)		
SP-000099	(R えー)		
LI-000148	声 を かけ て い か れ たり と か ね 。(R うんうんうん)	声をかけていかれたりとかね。	They often call out.
SP-000100	そうそう そう そう 。	そうそうそうそう。	Yes, that's right.
SP-000101	で 、(P)元気 で す ね 。	で、元気ですね。	They are energetic.
LI-000149	(R うーんうーん)		
SP-000102	(R えー)		
SP-000103	それ と 、 色んな 地域 と の 色ん な 交わり の 中 で も 、 女性 は やっぱり(P)まず 活発 で す し ね 。	それと、色んな地域との色んな交わりの中でも、女性はやっぱりまず活発ですしね。	Also in various gatherings, we have among various communities, women are energetic.
LI-000150	(R あー)		
SP-000104	あんまり(F その)家 の 中 へ 引きこも ら な い 、(P)外 へ 出 る 事 に つ い て の 、 もう 非常 に こう 、(F ま)社交 的 と 言 う より も 、(P)そう い う の に つ い て は 女性 は 、(P)(F あの)あれ で す ね 、 したたか に 、 もう ほんと 。	あんまり家の中へ引きこもらない、外へ出る事についての、もう非常にこう、社交的と言うよりも、そういうのについては女性は、あれですね、したたかに、もうほんと。	They do not stay at home. Rather than sociable, I would call the women are very energetic.
LI-000151	(R はーはいはい)		
LI-000152	(R うーん)		
LI-000153	(R うーん)		
LI-000154	(R うーん)		
LI-000155	そう で す ね 。(R うーん)	そうですね。	I agree.
SP-000105	(R えー)		
LI-000156	お 元気 で す よ ね 、 皆 さん ね 。(R はい)	お元気ですよね、皆さんね。	All women are energetic.
SP-000106	(R えー)お 元気 で す ね 。	お元気ですね。	They are.
SP-000107	羨まし い 位 お 元気 で す 。	羨ましい位お元気です。	I envy their energies.
LI-000157	(L あふふ)		
LI-000158	男 の 方 の 方 が(F あの)どっち か って い う と 、 ちょっと あまり(F あの)外 へ 出 ら れ な い 方 が 多 い で す か ね 。	男の方の方がどっちかっていうと、ちょっとあまり外へ出られない方が多いですかね。	Men are more likely to prefer not going out. 
SP-000108	(F うーん)外 へ 出 ら れ な い ちゅう より 、 やっぱり こう(P)(F あー)言葉 悪 い か わか ら な い けど 、 やや かっこ つけ る 所 も あ り ま す し ね 。(R えー)かっこ つけ る って 言葉 の 表現 が 難し い けど も 。	外へ出られないちゅうより、やっぱりこう言葉悪いかわからないけど、ややかっこつける所もありますしね。かっこつけるって言葉の表現が難しいけども。	Not that they don't like going out but they likely to pretend to look tough. This might be a bad way of saying though. I'm not sure if to pretend to look tough is the precise expression. 
LI-000159	(R あー)		
LI-000160	(R うんうんうんうんうんうんうん)		
SP-000109	やっぱり 体裁 を 作 る 部分 が あ る と い う ね 。	やっぱり体裁を作る部分があるというね。	Men care about their appearance.
LI-000161	(R うーんうんうんうんうんうん)		
SP-000110	女性 は ほんと 強 い で す よ 。	女性はほんと強いですよ。	Women are really strong.
LI-000162	(L なははは)そう い う 意味 で ね 。	そういう意味でね。	In that sense, it is true.
SP-000111	(R えー)		
LI-000163	(R はい)(L ふふ)ちょっと サバイバル 精神 に と ん で ま す から ね 、(R はい)女性 。	ちょっとサバイバル精神にとんでますからね、女性。	Women are rich in survival spirit.
SP-000112	とん で ま す ね 。 羨まし い 位 で す ね 。	とんでますね。羨ましい位ですね。	That's right. It is enviable.
LI-000164	(R うんうんうん)そう で す ね 、 男 の 方 の 方 が そう い う(F あの)ちょっと(F あのー)何 て 言 う ん で す か ね 、(F あの)シャイ ね 、 で す よ ね 。	そうですね、男の方の方がそういうちょっと何て言うんですかね、シャイね、ですよね。	Men are shy, are they not?
SP-000113	(R えー)		
SP-000114	そうそう 、 シャイ で す 。 シャイ って 言葉 が い い 、 適当 か どう か 分か り ま せ ん けど 、 や やっぱり(P)弱 い 、 弱 い って 言葉 は 表現 悪 い けど も 、(F ま)そう い う 面 の(P)(F あの)対応 力 って い う の は 、 やっぱり こう 、 ちょっと やや 引っ込 む 感じ で す ね 。	そうそう、シャイです。シャイって言葉がいい、適当かどうか分かりませんけど、ややっぱり弱い、弱いって言葉は表現悪いけども、そういう面の対応力っていうのは、やっぱりこう、ちょっとやや引っ込む感じですね。	That's right, they are shy. I do not know if the word shy is right. Although it may not be nice to say, men are weak and lack sociability.
LI-000165	(F あ)(R はい)		
LI-000166	(R うーん)		
LI-000167	(R うんうんうん)そう で す よ ね 。(R うんうんうん)	そうですよね。	That's right.
LI-000168	だ から 民生 委員 さん で 行 か れ て たり し た ら 、 もう 、 いっぱい お 話 と か 、(P)ね 。(F あの)	だから民生委員さんで行かれてたりしたら、もう、いっぱいお話とか、ね。	So, if you've worked as a welfare commissioner, you must have heard a lot from the elderly.
SP-000115	(F ま)		
SP-000116	(R うん)そう で す ね 。(F あのー)高齢 者 の 方々 の 色んな 話 を 聞 い て 、(P)で 、 色々 参考 に な り ま す ね 。	そうですね。高齢者の方々の色んな話を聞いて、で、色々参考になりますね。	I agree. Listening to the stories of elderly people is a very useful reference.
LI-000169	(R はい)		
LI-000170	(R あー)		
SP-000117	参考 に な る し 、 色々 と 、 こっち も 元気 もら う よう な 感じ で す ね 、 反対 で す けど ね 。(R えー)	参考になるし、色々と、こっちも元気もらうような感じですね、反対ですけどね。	The stories of the elderly become a reference and make me feel good. The roles are the opposite.
LI-000171	(R うーん)		
LI-000172	(R うーんうーんうーんうん)		
LI-000173	で も そう で す ね 、 元気 もら い ま す よ ね 。(R うんうん)	でもそうですね、元気もらいますよね。	Yeah, but sure, they do pick you up.
SP-000118	(R えー)		
SP-000119	(R えー)		
SP-000120	だ から(F ま)我々 、 高齢 者 の 見守り で(P)(F えー)地域 的 に(P)(F えー)(P)五百 世帯 位 あ る の か な 、(P)五百(P)件 、 五百 件 は な い か 、(P)ほんで それ を 二人 で やっと る ん で 、(F ま)三百 件 位 で す ね 。	だから我々、高齢者の見守りで地域的に五百世帯位あるのかな、五百件、五百件はないか、ほんでそれを二人でやっとるんで、三百件位ですね。	There are regionally about 500 elderly households that need watching. Or maybe less than that but there are 2 of us so about 300 households each.
LI-000174	(R ほう)		
LI-000175	(R おー)		
LI-000176	(R あはー)		
SP-000121	(R えー)それ を 見守り を し と る わけ で す よ ね 。	それを見守りをしとるわけですよね。	You are watching 300 households, are you?
LI-000177	(F あ)(R はい)		
LI-000178	すご い で す ね 、 もう 。	すごいですね、もう。	It is truly amazing.
SP-000122	だ けど(F ま)(P)(R えー)(F ま)そう で す けど も 、 そんな か で(F ま)(P)最近 傾向 と し て は 、 一人 住まい が やっぱり(P)増え て 来 ま し た ん で ね 。	だけどそうですけども、そんなかで最近傾向としては、一人住まいがやっぱり増えて来ましたんでね。	However, the number of people living alone has increased recently.
LI-000179	件数 が ね 。	件数がね。	The number of cases is increasing.
LI-000180	(R はい)		
LI-000181	(R うーん)		
LI-000182	(R うーん)		
SP-000123	子供 さん と 同居 する って 、(F あのー)一緒 に 生活 する って い う の も なかなか 、 今 の 世の中 の 傾向 と し て は 、 少な く な っ て き ま し た から ね 。	子供さんと同居するって、一緒に生活するっていうのもなかなか、今の世の中の傾向としては、少なくなってきましたからね。	As a recent trend, those who live with children are also decreasing. I agree.

LI-000183	そう で す ね 。	そうですね。	I think so.
SP-000124	子供 さん は 独立 し て 家持 っ て 、 もう 、 もう お 父 さん お 母 さん は 、 もう(P)一人 に な っ た ら 、 もう 自分 で あ れ し ながら 、(P)(F あのー)(P)?もともと の 家 で 生活 し と る と 、(P)子供 と 同居 は もう 今 の 世の中 は する の は 少な く な っ て き ま し た 。	子供さんは独立して家持って、もう、もうお父さんお母さんは、もう一人になったら、もう自分であれしながら、もともとの家で生活しとると、子供と同居はもう今の世の中はするのは少なくなってきました。	Fathers and mothers live in their own house as children became independent and have their own houses. Fewer parents now live with their children.
LI-000184	(R うーん)		
LI-000185	(R うーんうーん)		
LI-000186	そう で す ね 。(R ふん)	そうですね。	I think so.
LI-000187	そう で す ね 。	そうですね。	Right.
SP-000125	(R えー)		
LI-000188	側 に 住 ま れ る って い う 事 も あんまり 無 い で す もん ね 。	側に住まれるっていう事もあんまり無いですもんね。	Children often do not live near their parents, do they?
SP-000126	それ は ある で しょ う 、(F うん)(F ま)それ は 多少 は あ る で しょ う けど ね 、 そんな に 遠 い とこ へ は 行 か な い で しょ う けど も 。	それはあるでしょう、それは多少はあるでしょうけどね、そんなに遠いとこへは行かないでしょうけども。	I think so. But I think that there are also such people. They will not live in such a distant place.
LI-000189	(R うんうん)		
LI-000190	(R あー)		
LI-000191	で も 、 もう ほんと に 離れ て ね 、(F あの)お 仕事 の 都合 と か で 、 ちょっと 、 かなり 離れ た 所 に 住 ま れ て る 方 も いらっしゃ い ま す もん ね 。(R うーん)	でも、もうほんとに離れてね、お仕事の都合とかで、ちょっと、かなり離れた所に住まれてる方もいらっしゃいますもんね。	Actually, some people live far away from their parent's due to work circumstances.
SP-000127	そうそう そう そう 。(R はい)	そうそうそうそう。	Yes, yes.
SP-000128	(R はい)		
SP-000129	で 、 結婚 する と やっぱり 、 若 い ご 夫婦 は やっぱり ね 、(P)(F あのー)(P)お じい ちゃん お ばあ ちゃんと 一緒 に 住 む と い う の も 、 抵抗 感 も あ る で しょ う し ね 。(R あー)	で、結婚するとやっぱり、若いご夫婦はやっぱりね、おじいちゃんおばあちゃんと一緒に住むというのも、抵抗感もあるでしょうしね。	A young married couple would feel awkward living with grandpa and grandma.
LI-000192	(R うん)		
LI-000193	(R あー)		
LI-000194	なかなか すぐ に は ね 。(R うーん)	なかなかすぐにはね。	It's not easy.
SP-000130	そう い の は(P)(F ま)世 の 流れ の あれ を?(L へへへ)(P)見 さ し て 頂 い て ま す 。	そういのは世の流れのあれを見さして頂いてます。	I have been observing these trends recently in the world. 
LI-000195	(R はい)		
LI-000196	(L うふ)		
LI-000197	(L ははは)		
LI-000198	(R はーい)大変 な お 仕事 を 。(R はい)いえ 。	大変なお仕事を。いえ。	It is hard work.
SP-000131	いえ いえ 、 まあまあ ね 。	いえいえ、まあまあね。	Well, that's right.
LI-000199	ね 。(R うーん)	ね。	Right.
LI-000200	その 、 それ こそ 民生 委員 さん さ れ て た ん で し た ら 、 その 高齢 者 も で す けど 、 その 子供 の あれ で ね 、(F ま)この 歳 に な る と 子供 と は 言え ま せ ん けど 、 あの 相模原 の 、(P)(F あの)(P)やまゆり 園 。	その、それこそ民生委員さんされてたんでしたら、その高齢者もですけど、その子供のあれでね、この歳になると子供とは言えませんけど、あの相模原の、やまゆり園。	So, you were a welfare commissioner, then you will have heard about these elderly people and the children, maybe they are too old to be called children, but all those things concerning children at that Yamayuri-en in Sagamihara City.
SP-000132	(R あー)		
LI-000201	(R はい)		
SP-000133	あれ は(F あのー)あれ で す ね 、(F あの)精神 障害 者 で す ね 。	あれはあれですね、精神障害者ですね。	Oh, the incident with the person with a mental disorder.
LI-000202	そう で す ね 。	そうですね。	That's right.
SP-000134	精神 障害 者 の あれ で す ね 。	精神障害者のあれですね。	It was an incident by a mentally handicapped person.
LI-000203	(R はいはい)		
SP-000135	(F あ)彼 の やっぱり 考え 方 って い う の は 、(P)ある ぶん で(P)(F えー)分か る 、 分か ら ん で も な い けれど も 、(P)命 を 奪 う と い う 事 に つ い て の(F その)(F うーん)(P)自分 に 対 する 責任 に つ い て 、 そう い う ものっ ちゅ う の は 、 どう 考え と る ん かな と 思 う 。	彼のやっぱり考え方っていうのは、あるぶんで分かる、分からんでもないけれども、命を奪うという事についての自分に対する責任について、そういうものっちゅうのは、どう考えとるんかなと思う。	I may understand his way of thinking in a way, but I wonder how he thinks of the responsibility of depriving others of their lives.
LI-000204	(R うーん)		
LI-000205	(R うーん)		
LI-000206	そう で す よ ね 。 ほんと に ね 。	そうですよね。ほんとにね。	That is true.
SP-000136	ね 。	ね。	Right.
SP-000137	(R えー)障害 者 と い え ど も 、 一人 の 一 個 の 人間 で す から ね 。	障害者といえども、一人の一個の人間ですからね。	A person with disabilities is also a human being.
LI-000207	そう で す ね 。	そうですね。	I agree.
SP-000138	で それ で 、?(F あのー)自分 で 一生 懸命 生 き と る わけ で す よ 。(P)ね 、 世間 一般 から 見 た ら 、 やっぱり 障害 者 と い う こと で 、(P)(F ま)言葉 悪 い で す けど 、 やや ね 、 施設 入れ られ て 、 虐げ られ て 、(P)そう い う 生活 を(F ま)(P)し て る 中 で ね 、(P)(F そのー)見守 っ て あげ な い と い か ん 、 その 施設 の 人 が で す ね 、(P)命 を 奪 う と い う の は ね 。	でそれで、自分で一生懸命生きとるわけですよ。ね、世間一般から見たら、やっぱり障害者ということで、言葉悪いですけど、ややね、施設入れられて、虐げられて、そういう生活をしてる中でね、見守ってあげないといかん、その施設の人がですね、命を奪うというのはね。	They are living their own lives. Judging from general standard point of view, the word is bad but they are people with a disability that are put into facilities under oppression and that are how they live. It's terrible that someone who was to watch over them deprived them of their lives.
LI-000208	(R うーん)そう で す 。(R はい)	そうです。	Right.
LI-000209	そう で す ね 。	そうですね。	That's right.
LI-000210	(R うん)		
LI-000211	(R うん)		
LI-000212	(R うん)		
LI-000213	(R うん)		
LI-000214	(R うん)		
LI-000215	(R はい)		
LI-000216	(R うーん)		
SP-000139	何 と も 言え な い で す ね 。	何とも言えないですね。	I have no words.
LI-000217	そう で す ね 。	そうですね。	I think so.
SP-000140	(R えー)		
LI-000218	何 を どう 考え たら そんな 事 が 出来 る の か って 、(P)ね 。	何をどう考えたらそんな事が出来るのかって、ね。	In what way did he think that he would do such a thing?
SP-000141	(R うん)ね 。	ね。	Truly.
SP-000142	ある 部分 で 精神 的 に 、 我々 と は 全く(F その)(P)感 じ 方 考え 方 が 違 う んか な と(P)(F え)相当 違 う って 言 う た ら ちょっと 言葉 が 、 表現 が 難し い けど も 、(P)どう 考え て 、 ああ し て 命 を 奪 っ て や ろ う と 、 奪 う って い う の は 、 彼 自身 は それ は 正論 化 し て る ん で す ね 。	ある部分で精神的に、我々とは全く感じ方考え方が違うんかなと相当違うって言うたらちょっと言葉が、表現が難しいけども、どう考えて、ああして命を奪ってやろうと、奪うっていうのは、彼自身はそれは正論化してるんですね。	Mentally his experiences are totally different from ours, it's difficult to express but I don’t know what he had in mind to deprive others of their lives but in the end, he justified the motive.
LI-000219	(R あー)		
LI-000220	(R うん)		
LI-000221	(R うん)そう で す ね 。	そうですね。	Right.
SP-000143	あの 後 の 記者 会見 で も そう い う の を ね 。	あの後の記者会見でもそういうのをね。	There was such an announcement also at a press conference.
LI-000222	(R はい)		
LI-000223	(R はい)		
SP-000144	もう 生 き とっ て も 仕方な い から 、 もう 要 は し た と い う 事 で す けど も 、 殺 し て や っ た と い う 事 や けど も 、(P)そう い う?(F あの)何 ちゅ う ん で す か な 、(F あのー)組み立て を し と る 、 考え の 組み立て を する と い う 事 自体 が 、(P)もう ほんと あれ 、 何 と も よう 言 わ ん で す ね 。	もう生きとっても仕方ないから、もう要はしたという事ですけども、殺してやったという事やけども、そういう何ちゅうんですかな、組み立てをしとる、考えの組み立てをするという事自体が、もうほんとあれ、何ともよう言わんですね。	He thought they had no reason to be alive and so finally he killed them. How can I say but the whole idea is really something beyond expression.
LI-000224	(R はい)		
LI-000225	(R うんうん)		
LI-000226	(R うん)		
LI-000227	そう で す ね 。 理解 出来 な い で す よ 。 ね 。	そうですね。理解出来ないですよ。ね。	Yes. His idea is beyond comprehension.
SP-000145	(R えー)		
SP-000146	理解 出来 な い で す ね 。(R えー)	理解出来ないですね。	I agree with you.
LI-000228	本当 に 。	本当に。	That's true.
SP-000147	我々 も(F そのー)(F あのー)(P)毎日 じゃ な い で す けど 、 週 の うち 三 日 ぐらい ずつ 、(P)子供 さん 、 小学 生 の 方々 の で す ね 、(P)登下校 の 見守り を(P)やっと る わけ で す ね 。	我々も毎日じゃないですけど、週のうち三日ぐらいずつ、子供さん、小学生の方々のですね、登下校の見守りをやっとるわけですね。	We also watch over kids, particularly elementary school students, on way to and from school although not every day but around three times a week.
LI-000229	(R はい)		
LI-000230	(R はい)		
LI-000231	(R あー)(R はいはい)		
LI-000232	(R はい)		
SP-000148	やっぱり 小 学校 の 一 年 二 年 三 年 位 まで は ね 、 ほんと に(F あの)(P)(F あの)あれ で す ね 、(P)(F あのー)(P)(F ま)皆 元気 で す し ね 。	やっぱり小学校の一年二年三年位まではね、ほんとにあれですね、皆元気ですしね。	Kids from first grade to third grade are really peppy.
LI-000233	(R うん)		
LI-000234	(R うん)		
SP-000149	だ から それ ちゃんと 見守 っ て あげ な い と 、(P)特に(F あのー)信号 と か 交通 、 交通 事故 の 問題 が あ り ま す から 、 そう い う 所 できちっと ね 、(P)守 っ て あげ な い と い か ん わけ で す ね 。	だからそれちゃんと見守ってあげないと、特に信号とか交通、交通事故の問題がありますから、そういう所できちっとね、守ってあげないといかんわけですね。	Therefore, it is important to watch properly because of signals, traffic, and the possibility of traffic accidents. They should be watched carefully in such places so that they can be protected.
LI-000235	(R うん)		
LI-000236	そう で す ね 。	そうですね。	That's right.
LI-000237	(R うーん)		
LI-000238	(R うーん)		
LI-000239	最近 ほんと に(F その)歩道 に 突っ込 ん で くる と か って い う 事 も あ り ま す もの ね 。(R うーん)	最近ほんとに歩道に突っ込んでくるとかっていう事もありますものね。	Recently there have been many accidents where cars drive up onto the sidewalk.
SP-000150	あれ ね 。	あれね。	I've heard of such accidents.
SP-000151	?		
LI-000240	何 ら こう 否 が 無 い で す よ ね 、 その 、(P)その 通行 人 の 方 に 全く 否 が 無 い ところ で ね 、(P)巻き込 ま れ る 事 は よく あ り ま す よ ね 。(R うーん)	何らこう否が無いですよね、その、その通行人の方に全く否が無いところでね、巻き込まれる事はよくありますよね。	Pedestrians are totally innocent victims in such cases. I mean, they get involved in accidents where they have no faults.
SP-000152	な い 、 な い で す ね 。(R えー)	ない、ないですね。	No, they have no faults.
SP-000153	(R えー)ね 。	ね。	Right.
SP-000154	特に(F あのー)(P)通行 量 の 多 い 所 で 、 四 つ 角 で 、(P)(F そのー)死角 に な る 所 が あ る ん で す ね 、 信号 の 。	特に通行量の多い所で、四つ角で、死角になる所があるんですね、信号の。	There are blind spots where the signals stand, particularly in a congested place, at crossroads.
LI-000241	(R うーん)		
LI-000242	(R はい)		
LI-000243	(R あー)		
LI-000244	(R はいはい)		
SP-000155	曲が っ て き て 近く に(P)こう 車 は こう 曲が っ て くる 、 人 は こう 歩 い て くる から 、(P)この 車 は 左目 の 部分 の 所 を 、(P)人 が 歩 い て くる わけ で す ね 。 で 、 人 は 、(F うん)右目 で み ながら こう 渡 る わけ で す けど も 、 死角 に な る よう な 所 が(P)あ り ま す から 。	曲がってきて近くにこう車はこう曲がってくる、人はこう歩いてくるから、この車は左目の部分の所を、人が歩いてくるわけですね。で、人は、右目でみながらこう渡るわけですけども、死角になるような所がありますから。	Making a turn, the car makes a turn this way while pedestrians walk this way, pedestrians walk the left side of the car, they cross the road as they watch the signals on the right side, but blind spots can be found.
LI-000245	(R はい)		
LI-000246	(R はい)		
LI-000247	(R はい)		
LI-000248	(R あー)(R はい)		
LI-000249	(R はい)		
LI-000250	(R はい)		
SP-000156	だ から 、 特に 子供 さん 方 は(P)ね 、 元気 い い から 、 ぱあっと 走 っ て 渡 り ま す けど 、(P)ああ い う の は やっぱり 見 て あげ な い と 、 危な い で す から ね 。	だから、特に子供さん方はね、元気いいから、ぱあっと走って渡りますけど、ああいうのはやっぱり見てあげないと、危ないですからね。	Particularly kids who are active ran across the road abruptly, but we must watch over such kids since it's dangerous.
LI-000251	(R はい)		
LI-000252	(R うーん)		
LI-000253	そう で す ね 。(R うーん)	そうですね。	I think so.
LI-000254	そう で す ね 。(R うーんうん)	そうですね。	Right.
LI-000255	やっぱり そこ に 誰 か が こう い て くれ る って い う だけ で 、 安心 で す もん ね 。(R うんうんうんうん)	やっぱりそこに誰かがこういてくれるっていうだけで、安心ですもんね。	It is safer if someone else is there to watch over. 
SP-000157	違 い ま す ね 。 そら 違 い ま す 。	違いますね。そら違います。	It is completely different.
SP-000158	で 、 お って 、 我々 も 行 っ たら 必ず 道 の 真ん中位 まで 出 て 、 信号 が 青 の 時 に 、 必ず(F その)(P)(F あのー)旗 を 持 っ て で す ね 、 こう 道 を ふさ い で 、?そう する と やっぱり 、 運転 手 の 方 も 、 多少 死角 に な っ て も 、 四 つ 角 で 死角 に な っ て も 、(F ま)ある 程度(F ま)ちょっと じゃあ(F あの)寸前 に は 分か る と 思 う ん で ね 。	で、おって、我々も行ったら必ず道の真ん中位まで出て、信号が青の時に、必ず旗を持ってですね、こう道をふさいで、そうするとやっぱり、運転手の方も、多少死角になっても、四つ角で死角になっても、ある程度ちょっとじゃあ寸前には分かると思うんでね。	And then we go to the middle of the street and hold the flag when the signal is green to block the street. In such cases the driver, despite entering the blind spot in the crosswalk, will be aware of you immediately beforehand.
LI-000256	(R うん)		
LI-000257	(R はい)		
LI-000258	(R はい)		
LI-000259	そう で す ね 。	そうですね。	That's true.
LI-000260	(R はい)そう で す ね 。 子供 は やっぱり 身長 の 問題 も あ り ま す し ね 。 大人 が 前 に こう 、 どんと 立 っ て る と ね 、 分か り 易 い で す もの ね 。(R うーん)	そうですね。子供はやっぱり身長の問題もありますしね。大人が前にこう、どんと立ってるとね、分かり易いですものね。	After all, kids are short. The adults' big presence on the road would be a good warning sign for drivers.
SP-000159	(R えー)		
SP-000160	あ る ん で す ね 。(R えー)	あるんですね。	That's right.
SP-000161	(R えー)		
SP-000162	分か り 易 い ね 。	分かり易いね。	A good warning sign.
LI-000261	そう で す か 。	そうですか。	Is that so?
SP-000163	やっぱり(P)子供 さん 方 も そう し て あげ な い と 、 もう(P)むしろ 止ま っ て くれ て 当たり前 や と 思 う よう な ところ が あ る から 、(P)運転 する 人 は また 逆 に いや 、 やや こう 、 散漫 な ところ で 、(P)ね 、 精神 的 に 散漫 で 、(F うーん)当たり前 みたい に すっ と まわ っ て くる と 、 ほんだ ら 子供 は すっ と 渡 っ て くる と 、 そこ で やっぱり 衝突 と い う 問題 が 出 ま す から ね 。(R はー)	やっぱり子供さん方もそうしてあげないと、もうむしろ止まってくれて当たり前やと思うようなところがあるから、運転する人はまた逆にいや、ややこう、散漫なところで、ね、精神的に散漫で、当たり前みたいにすっとまわってくると、ほんだら子供はすっと渡ってくると、そこでやっぱり衝突という問題が出ますからね。	Because children tend to think that cars will always stop when they cross. On the contrary drivers tend to be kind of distracted, I mean they are mentally distracted when they come around the corner while children are crossing and the result is that they collide. 
LI-000262	(R うん)		
LI-000263	(R あー)		
LI-000264	そう で す 。	そうです。	Yes.
LI-000265	(R うーん)		
LI-000266	そう で す 。	そうです。	I think so.
LI-000267	(R うーん)		
LI-000268	(R うーん)		
LI-000269	(R うーん)		
LI-000270	そう で す ね 。	そうですね。	Truly.
LI-000271	お 互い に ね 、 ちょっと し た 注意 、 ちょっと し た 譲り合 い な ん で しょ う けど ね 。	お互いにね、ちょっとした注意、ちょっとした譲り合いなんでしょうけどね。	It is important to pay attention to each other. Also, to be considerate of each other.
SP-000164	(R えー)		
SP-000165	で す ね 。 ほんと そう で す ね 。	ですね。ほんとそうですね。	That's right.
LI-000272	(R うんうん)		
LI-000273	それ が(F う)どっち も どっち も っ て こう(P)(F あの)車 と バイク と か ね 、 ああ い う の も そう で す けど ね 。(R うーん)	それがどっちもどっちもってこう車とバイクとかね、ああいうのもそうですけどね。	Both are to blame in the case of cars and motorcycles.
SP-000166	(R うん)		
SP-000167	そうそう そう そう そう 。	そうそうそうそうそう。	Yes, yes.
SP-000168	(R えー)バイク は 特に 危な い で す ね 。	バイクは特に危ないですね。	Motorcycles are particularly dangerous.
LI-000274	(R うーん)怖 い で す ね 。(R はい)	怖いですね。	I'm scared of motorcycles.
SP-000169	バイク 怖 い で す ね 。	バイク怖いですね。	Yes, they are scary.
LI-000275	最近 で は 自転 車 も 結構 怖 い で す ね 。(R うーん)	最近では自転車も結構怖いですね。	Recently bicycles have also become quite dangerous.
SP-000170	いや 怖 い で す ね 。	いや怖いですね。	It is frightening.
SP-000171	自転 車 は さ 、(F あのー)(P)道路 交通 法 上 は あれ は(P)(F その)(P)車道 を 走 ら な あ か ん わけ で す ね 、(P)ね 、 らし い で す ね 。	自転車はさ、道路交通法上はあれは車道を走らなあかんわけですね、ね、らしいですね。	The bicycle seems to run in the roadway on the road traffic law.
LI-000276	そう で す よ ね 。(R はい)	そうですよね。	Yes.
SP-000172	ところ が 大阪 の 本町 あたり 行 き ま す と 、(P)ビジネス 街 行 く と もう 、(F まー)(P)大半歩道 を 走 り ま す けど ね 。	ところが大阪の本町あたり行きますと、ビジネス街行くともう、大半歩道を走りますけどね。	Anyway, in around Honcho, Osaka, if you go to business district, most of the bicycles ride on the sidewalk.
LI-000277	(R うーん)		
LI-000278	(R はい)		
SP-000173	そう する と 、 歩 い て る 人 の 間 を く わあっ と こう?あれ を 見 て る と 怖 い で す ね 。	そうすると、歩いてる人の間をくわあっとこうあれを見てると怖いですね。	I am afraid to see the bicycle go past the pedestrian.
LI-000279	そう な ん で す よ 。	そうなんですよ。	That's right.
LI-000280	怖 い で す ね 、 あれ ね 。	怖いですね、あれね。	That is scary, is not it?
SP-000174	(R えー)		
LI-000281	(F あのー)なん だ かん だ 言 っ て 、 今 ひと つ こう 、 自転 車 の(P)規制 と い う か 、 交通 ルール が 、 全く こう 守 る と い う 事 に 改善 が な さ れ て な い で す ね 。(L へへ)	なんだかんだ言って、今ひとつこう、自転車の規制というか、交通ルールが、全くこう守るという事に改善がなされてないですね。	After all, the traffic rules, or regulation on bicycles are not being improved effectively to be observed.
SP-000175	無 い で す ね 。 割 と 、 で 、 しかも あの 自転 車 って い う の は 、(P)(F あのー)車 も そう で す けど 、 やっぱり(P)当て られ る と ね 、(P)場合 に よ っ て は 怖 い で す から ね 。	無いですね。割と、で、しかもあの自転車っていうのは、車もそうですけど、やっぱり当てられるとね、場合によっては怖いですからね。	I think so. Of course, cars are also scary, but bicycle accidents are also frightening.
LI-000282	(R はい)		
LI-000283	(R うん)		
LI-000284	(R うーん)		
LI-000285	そう で す 。	そうです。	Truly.
SP-000176	後ろ から ドーン と あて る 、 或いは(P)やや スピード が 出 て ま し た ら で す ね 、(P)(F えー)ちょっと 高齢 者 で あ っ た ら 、(F あの)骨折 と か そう い う の に 繋が り ま す から ね 。	後ろからドーンとあてる、或いはややスピードが出てましたらですね、ちょっと高齢者であったら、骨折とかそういうのに繋がりますからね。	If you collide from the back, or if the speed is fast, sometimes the elderly may break a bone.
LI-000286	(R はい)		
LI-000287	(R はいはい)		
LI-000288	そう で す 、 そう で す 。(R はい)	そうです、そうです。	Yes, yes.
SP-000177	(R えー)		
SP-000178	ただ 単に あて る だけ じゃ なし に 、 怪我 に な り ま す ん で ね 。(R えー)	ただ単にあてるだけじゃなしに、怪我になりますんでね。	Not only does the bicycle run into pedestrian but it leads to injuries.
LI-000289	そう で す ね 。	そうですね。	I think so.
LI-000290	で また 、 その 骨折 が(F あの)次 の 何 か 病気 に ね 、 繋が っ たり と か(F あの)高齢 者 の 場合 、 そう い う の も あ り ま す から ね 。	でまた、その骨折が次の何か病気にね、繋がったりとか高齢者の場合、そういうのもありますからね。	In elderly people, fractures may also lead to other problems.
SP-000179	そうそう そう そう そう 。	そうそうそうそうそう。	Yes, yes.
SP-000180	そう で す ね 。 高齢 者 の 場合 、 一 回 骨折 する と 、(P)今度 は 治 る の が 時間 かか る し 、 完全 に 治 る か どう か も 別 や し 。	そうですね。高齢者の場合、一回骨折すると、今度は治るのが時間かかるし、完全に治るかどうかも別やし。	That's right. Once an elderly person breaks a bone, it takes time to heal, and it is difficult to completely heal.
LI-000291	そう で す ね 。(R うん)	そうですね。	Truly.
LI-000292	そう で す ね 。(R うーん)	そうですね。	Right.
SP-000181	(R えー)		
SP-000182	だ から 半身 不随 の 感じ で(P)ね 、(P)それ が 元 で ね 、(P)歩 き 辛 く な る と 。	だから半身不随の感じでね、それが元でね、歩き辛くなると。	Elderly people may become paralyzed due to accidents.
LI-000293	そう で す よ ね 。(R うんうん)	そうですよね。	That's right.
LI-000294	そう な ん で す 。	そうなんです。	Right.
LI-000295	(R はい)色んな 意味 で ね 、 こう(F あの)生活 が 全く 変わ っ て しま う って い う ね 、 ふう に な り ま す し ね 。	色んな意味でね、こう生活が全く変わってしまうっていうね、ふうになりますしね。	An accident can completely change someone's life. 
SP-000183	(F あ)そう で す ね 。	そうですね。	Truly.
SP-000184	変わ り ま す ね 。	変わりますね。	It does change.
LI-000296	やっぱり ほんと に もう 、 毎日 怖 い で す 、 あの 自転 車 。	やっぱりほんとにもう、毎日怖いです、あの自転車。	I am really scared of bicycles every day.
SP-000185	怖 い で す し 、 自転 車 は 以外 に 怖 い で す よ 。	怖いですし、自転車は以外に怖いですよ。	The bicycle is unexpectedly scary.
LI-000297	怖 い で す 。	怖いです。	I'm scared.
SP-000186	車 は 皆 さんこう 、(F うん)(F まー)車道 で あ れ で す から 、(F まー)皆 さん 注意 し て あれ する し 、 あれ で しょ う けど も 、(P)自転 車 は 歩道 走 っ て や ら れ る と ね 、(P)やっぱり(P)思 わ ぬ とこ で れ や ら れ ま す ん で ね 。	車は皆さんこう、車道であれですから、皆さん注意してあれするし、あれでしょうけども、自転車は歩道走ってやられるとね、やっぱり思わぬとこでれやられますんでね。	Since the car is running on the roadway, pedestrians are also paying attention. However, when the bicycle runs on the sidewalk, unexpected accidents may occur.
LI-000298	そう で す ね 。	そうですね。	That's right.
LI-000299	(R うーん)		
LI-000300	(R はい)		
LI-000301	(R はい)		
LI-000302	(R うーん)		
SP-000187	で 、 しかも これ 、 や ら れ る の は 大半 高齢 者 で す から ね 。	で、しかもこれ、やられるのは大半高齢者ですからね。	Most of the victims of such accidents are elderly people.
LI-000303	(R うーん)そう で す 。	そうです。	Truly.
SP-000188	若 い 人 は もう さっさと こう(F あのー)身 を かわ す の は 上手 で しょ う けど 、 お 年寄り は かわせ な い で す から ね 。	若い人はもうさっさとこう身をかわすのは上手でしょうけど、お年寄りはかわせないですからね。	Young people avoid bicycles well, but the elderly cannot.
LI-000304	そう で す 。	そうです。	Right.
LI-000305	(R うーんうーん)		
LI-000306	(R うーん)		
SP-000189	それ と(F あのー)(P)耳 が と か 、 目 も 悪 い し 、 耳 が 聞こえ づら い と 、 後ろ から チリンチリン 鳴ら し て も 分か り 辛 い 、(P)だ から 、 そう い う の で 事故 の 起こ る 原因 に も(P)な っ て る よう な 気 し ま す ね 。	それと耳がとか、目も悪いし、耳が聞こえづらいと、後ろからチリンチリン鳴らしても分かり辛い、だから、そういうので事故の起こる原因にもなってるような気しますね。	Besides they are hard of hearing and also have bad eyesight and when it’s difficult to hear they can hardly notice bike bell tinkled from behind. I feel that this can be the one of reasons when accident occurs.
LI-000307	ね 。	ね。	I think so.
LI-000308	(R あー)		
LI-000309	(R はいはい)		
LI-000310	(R うーん)		
LI-000311	そう で す ね 。 そう で す ね 。(R うん)	そうですね。そうですね。	Yes, I think so.
SP-000190	(R えー)		