LI-000001	お 願 い し ま す 。	お願いします。	Nice to meet you.
LI-000002	改め ま し て 、(P)ワダ と 申 し ま す 。	改めまして、ワダと申します。	Allow me to introduce myself again. I am Wada.
SP-000001	(F あ)私 、 シルバー で(P)(F あのー)在籍 を し て お り ま し た 、 キノシタ で す 。	私、シルバーで在籍をしておりました、キノシタです。	I am Kinoshita. I had employment with Silver Citizens Work Placement.
LI-000003	よろしく お 願 い いた し ま す 。(L あはははは)	よろしくお願いいたします。	Nice to meet you.
SP-000002	お 手柔らか に お 願 い いた し ま す 。(L うふふふ)	お手柔らかにお願いいたします。	Go easy on me.
LI-000004	あの ね 、 今日 は ね 、(F あの)お 話 を 、(P)お 話 を する だけ な ん で す 。(R はい)	あのね、今日はね、お話を、お話をするだけなんです。	Well, today, we're here to have a conversation.
SP-000003	(R はい)		
SP-000004	(R はい)		
SP-000005	(R はい)		
LI-000005	で 、(F ま)(F あの)どんな お 話 で も い い ん で す けど 、(F あの)二 つ 、(F あのー)(P)何 て 言 う ん で す か ね 、 お 話 の(P)(F あの)(P)お 題 が ござ い ま し て ね 、 一 つ は ね 、(P)去年 の 十 二 月 の ノーベル 賞 で す 。	で、どんなお話でもいいんですけど、二つ、何て言うんですかね、お話のお題がございましてね、一つはね、去年の十二月のノーベル賞です。	All right. Any topics are fine, but we have, let's see, two topics for you. One of them is the Nobel Prize in December last year.
SP-000006	(R はい)		
SP-000007	(R はい)		
SP-000008	(R うん)		
SP-000009	(R はい)		
SP-000010	(R はい)		
SP-000011	(R はい)		
LI-000006	(R はい)		
SP-000012	(R はい)		
LI-000007	オオスミ さん が と ら れ ま し た 、(P)(F えー)医学 生 理 学 賞 で す か 。(R はい)	オオスミさんがとられました、医学生理学賞ですか。	Dr. Ohsumi won the Nobel Prize in Physiology or Medicine. Is this correct?
SP-000013	(R はい)		
SP-000014	そう で す 。(R はい)	そうです。	Yes.
LI-000008	七十 一 歳 。	七十一歳。	He was 71 years old.
SP-000015	(R はい)		
LI-000009	すご い で す ね 。	すごいですね。	That's amazing.
SP-000016	そう で す ね 。(R はい)	そうですね。	Yes, indeed.
LI-000010	(R うん)		
LI-000011	見 られ ま し た 、 この 時 の 。	見られました、この時の。	Did you see this?
SP-000017	(R うん)ニュース を ね 。	ニュースをね。	I saw the news.
LI-000012	(R はい)		
LI-000013	(F あのー)(P)七十 一 歳 って 言 う(P)(F あのー)お 歳 も そう で す けれど も 、 それ だけ 長 い 間(F こー)ね 、(P)研究 を さ れ て 。	七十一歳って言うお歳もそうですけれども、それだけ長い間ね、研究をされて。	71 years old is pretty surprising, but continuing research for such a long period of time.
SP-000018	そう で す ね 。 確か に(F ま)頭下が り ま す ね 。	そうですね。確かに頭下がりますね。	Indeed. Hats off to him.
LI-000014	(R はい)		
LI-000015	そう で す ね 。	そうですね。	Yes, indeed.
SP-000019	なかなか ね 、 ずっと それ 一 手 に ね 、 集中 し て 出来 る の は なかなか ね 、 根気 が い り ま す ん で ね 、 すぐ(F あのー)(F あの)成果 が ね 、 出来 な い ん で ね 。	なかなかね、ずっとそれ一手にね、集中して出来るのはなかなかね、根気がいりますんでね、すぐ成果がね、出来ないんでね。	Well, it takes a lot of patience to stay focused on it. You know, results don't come out right away.
LI-000016	そう 。	そう。	Yes.
LI-000017	そう で す ね 。	そうですね。	Yes, indeed.
LI-000018	そう で す 。	そうです。	Yes.
LI-000019	(R はい)		
LI-000020	そう で す よ ね 。	そうですよね。	Right.
SP-000020	もう 相当 の 根気 が(P)要 り ま す よ 。(R うん)	もう相当の根気が要りますよ。	It takes tenacious commitment.
LI-000021	そう で す よ ね 。(R うーん)	そうですよね。	Right.
LI-000022	出 る か 出 な い か 分か ら な い って い う とこ あ り ま す もの ね 、 確か に ね 。	出るか出ないか分からないっていうとこありますものね、確かにね。	Surely, no one knows what comes next.
SP-000021	そうそうそう 、 そうそう そう 。	そうそうそう、そうそうそう。	Oh, yes, yes. That's right.
SP-000022	また 結果 が ね 、(P)実際 そう い う 研究 し て ね 、 はっきり 結果 が 出 る と は(P)保障 無 い ん や から ね 。	また結果がね、実際そういう研究してね、はっきり結果が出るとは保障無いんやからね。	Well, achievements are not guaranteed no matter how hard you do your research.
LI-000023	そう 。	そう。	Yes.
LI-000024	(R うん)		
LI-000025	(F あ)(R はーい)そう で す よ ね 。	そうですよね。	Isn't it!?
SP-000023	目先 の 見え な い の を 、 研究 し た ん だ から ね 。	目先の見えないのを、研究したんだからね。	He continued his studies, not knowing what's to come. 
LI-000026	そう で す よ ね 。	そうですよね。	Isn't it!?
SP-000024	まだ 目 に ね 、 見え る もん や っ た ら まだ い い ん や けど ね 、 何に も もう(P)真っ暗 の 中 から ね 、 それ に 光り を 当て て 、 もう 進め?尊敬 し ま す ね 。	まだ目にね、見えるもんやったらまだいいんやけどね、何にももう真っ暗の中からね、それに光りを当てて、もう進め尊敬しますね。	If you can see it, it's okay, but when you can't see it in the dark, it takes a lot of work to get light on it. It's worth a lot of respect.
LI-000027	そう で す 。	そうです。	Yes.
LI-000028	(R はい)		
LI-000029	(R はい)		
LI-000030	そう で す ね 。 素晴らし い で す よ ね 。 最近 多 い で す よ ね 。(F あの)	そうですね。素晴らしいですよね。最近多いですよね。	Yes, indeed. That's wonderful. There are many of them like that nowadays.
SP-000025	そう 、 そう 、 日本 人 も ね 、 結構 沢山 いらっしゃ い ま す もん ね 、(P)次 から 次 と ね 。	そう、そう、日本人もね、結構沢山いらっしゃいますもんね、次から次とね。	Oh, yes, yes. There are more Japanese people like that as well these days. One after another.
LI-000031	(R はい)		
LI-000032	ね 。 ほんと に 。	ね。ほんとに。	Yes, true.
LI-000033	そう で す ね 。	そうですね。	Yes, indeed.
LI-000034	で 、(F あの)(F なんか)ちょっと し た 、(F あの)ちょっと 聞 い た ところ に よ る と 、 こう い う やっぱり(F あの)ノーベル 賞 と か を と ら れ る って い う こと で ね 、(F あのー)そう い う こと が(F あの)次 の 研究 の 為 の ね 、 支援 って い う もの に も 繋が る って い う ふう に 聞 い た ん で す けど ね 。(R うんうん)	で、ちょっとした、ちょっと聞いたところによると、こういうやっぱりノーベル賞とかをとられるっていうことでね、そういうことが次の研究の為のね、支援っていうものにも繋がるっていうふうに聞いたんですけどね。	Well, I heard from someone that winning a Nobel Prize helps them to get even more support for subsequent research.
SP-000026	(R うん)		
SP-000027	そう で す ね 。	そうですね。	Yes, indeed.
SP-000028	そうそう そう そう 。	そうそうそうそう。	Oh, yes, yes.
SP-000029	そう で す ね 。	そうですね。	Yes, indeed.
SP-000030	また 若 い 人 に も ね 、 希望 を 与え る で しょ う 。	また若い人にもね、希望を与えるでしょう。	Well, that's very encouraging to young people.
LI-000035	そう で す よ ね 。	そうですよね。	Isn't that so?
SP-000031	(R うん)それ が 一番 大事 で す わ 。	それが一番大事ですわ。	That's most important.
LI-000036	そう で す ね 。(R うんうん)	そうですね。	Yes, indeed.
SP-000032	(R うん)		
SP-000033	だ から こう い う ふう に ね 、 し て や っ た ら 、 若 い 人 が ね 、 そ し た ら 後 に 続 く 人 が ね 、 出 て 来る で しょ 。	だからこういうふうにね、してやったら、若い人がね、そしたら後に続く人がね、出て来るでしょ。	Well, this way, young people get motivated to follow suit.
LI-000037	(R はい)		
LI-000038	(R うんはい)		
LI-000039	ね 。	ね。	Right.
LI-000040	で 、 やっぱり そう や っ て 結果 が 出せ る 事 で ね 、(F あの)次 に そう や っ て つなげ て いけ て 、(P)また 。	で、やっぱりそうやって結果が出せる事でね、次にそうやってつなげていけて、また。	Well, when you get results, you can pass them onto the next generation.
SP-000034	そうそう 。	そうそう。	Oh, yes.
SP-000035	そうそう 、 また 人類 の ね 、 もう 役 に 立 っ て ま す し ね 。	そうそう、また人類のね、もう役に立ってますしね。	Oh, yes. Already helpful to humanity.
LI-000041	そう で す ね 。(R うーん)	そうですね。	Yes, indeed.
LI-000042	い い お 話 で す よ ね 。	いいお話ですよね。	That's great to hear.
LI-000043	これ も で も ね 、(F あの)(P)元々 は お 兄 さん が 、(F あの)理学 系 へ 進 む よう に(P)言 わ れ て た ん だ そう で す 、 お 父 さん から ね 。	これもでもね、元々はお兄さんが、理学系へ進むように言われてたんだそうです、お父さんからね。	Well, actually, his father kept telling his elder brother to go into science.
SP-000036	(R えー)		
SP-000037	なるほど ね 。	なるほどね。	I see.
SP-000038	(R はい)		
SP-000039	(R はい)		
LI-000044	で も 、 お 兄 さん 、 歴史 の 方 に 進 み たく っ て 、(P)弟 に それ を 託 し た と 。(R はい)	でも、お兄さん、歴史の方に進みたくって、弟にそれを託したと。	Well, but his elder brother wanted to study history so he passed the baton to his younger brother.
SP-000040	(F あ)(R はいはい)		
SP-000041	(R うん)		
SP-000042	(R はい)		
LI-000045	だ から 、 お 兄 さん も(F あの)また そう い う(P)事 が あ っ た から 、 より(F その)(P)(R はい)弟 の 、 よく や っ て くれ た って い う 思い が ね 。	だから、お兄さんもまたそういう事があったから、より弟の、よくやってくれたっていう思いがね。	I see. I can imagine his elder brother said to himself about his younger brother, that's my boy. 
SP-000043	か も わか り ま せ ん ね 。	かもわかりませんね。	Maybe you're right.
SP-000044	そうそう そう そうそう 、 ある で しょ う ね 。	そうそうそうそうそう、あるでしょうね。	Oh, yes, yes. That's very likely.
LI-000046	(R うーん)		
LI-000047	強 い みたい で す ね 。(R うーん)	強いみたいですね。	Looks like that.
SP-000045	(F ま)これ から も ね 、 次 から 次 に ね 、 そんな 方 が 出 て 来 られ た ら ね 。	これからもね、次から次にね、そんな方が出て来られたらね。	From now on, I hope people like Dr. Ohsumi will come under the spotlight one after another.
LI-000048	(R うん)		
LI-000049	そう で す ね 。	そうですね。	That's wonderful.
LI-000050	い い で す よ ね 。(R うん)	いいですよね。	Isn't it!?
SP-000046	い い で す ね 。	いいですね。	I agree.
LI-000051	一 つ の 事 を ずうっと さ れ る タイプ で す か ？	一つの事をずうっとされるタイプですか？	Are you the kind of person who can stay focused on one thing?
SP-000047	そう 、 そうそう そう 。	そう、そうそうそう。	Oh, yes, yes.
SP-000048	どう か ね 。	どうかね。	I'm not sure.
LI-000052	(L あふふふふふふふ)		
SP-000049	(L へへへへへ)自分 から は ちょっと 言 い 難 い で す わ 。	自分からはちょっと言い難いですわ。	I'm not sure I can say that for myself.
LI-000053	(F あ)そう で す か 。(R うん)	そうですか。	Is that so?
SP-000050	それ は ね 、 人 が ね 、 やっぱり 判断 し て いただ か な い と 。	それはね、人がね、やっぱり判断していただかないと。	I'll let other people judge me instead.
LI-000054	(R うん)		
LI-000055	(R あー)で も(F あの)ほら 、 趣味 と か で ね 、 例えば(F あの)好奇 心 が 旺盛 な 方 って 、 あれ も これ も っ て(F こー)結構 さ れ る じゃ な い で す か 、 で 、 そん 中 で やっぱり 一 つ 、 これ って い う 方 も いらっしゃ る し 。	でもほら、趣味とかでね、例えば好奇心が旺盛な方って、あれもこれもって結構されるじゃないですか、で、そん中でやっぱり一つ、これっていう方もいらっしゃるし。	Well, like hobbies. For example, curious people keep trying out one after another. Some people finally discover their calling through many attempts.
SP-000051	(R うん)		
SP-000052	(R はい)		
SP-000053	(R はいはい)		
SP-000054			
LI-000056	どっち で す か 、 ちょっと 色々 や っ て み た い 方 で す か ？	どっちですか、ちょっと色々やってみたい方ですか？	Are you also the kind of person who wants to have a finger in every pie?
SP-000055	いや 、 今 まで も ね 、 色々(F あのー)し て 来 た ん で す けど ね 、(P)で も 全部 が 全部 やっぱり ね 、 無理 で す 。	いや、今までもね、色々して来たんですけどね、でも全部が全部やっぱりね、無理です。	Well, I have done many things, but it's difficult to stick to everything.
LI-000057	(R はい)		
LI-000058	(F あ)(R はい)		
LI-000059	(F あ)そら そう で す ね 。(R うんうーん)	そらそうですね。	You're absolutely right.
SP-000056	(R うん)とても じゃ な い わ 。	とてもじゃないわ。	Not in the slightest.
LI-000060	また 合 う 合わん も あ る で しょ う し ね 。(R うん)	また合う合わんもあるでしょうしね。	Some things fit you, and some don't, right?
SP-000057	そうそう そう そう そう そう 。	そうそうそうそうそうそう。	Oh, yes, yes, yes. That is right.
LI-000061	興味 が 持て る もの と 。(R うんうん)	興味が持てるものと。	You just can't keep enthusiastic about everything. 
SP-000058	そうそう そう 。 あの ね 、 興味 が 持て な かっ た ら ね 、(F あのー)ほんま の ね 、(P)自分 が ただ もう 漠然 と し た ね 、 無し に ね 、 やっぱり これ と い っ た そう い う 目的 が ね 、 あ っ て する ん や っ た ら い い ん や けど ね 、 それ が 無 かっ た ら やっぱり 続 き ま せ ん ね 。	そうそうそう。あのね、興味が持てなかったらね、ほんまのね、自分がただもう漠然としたね、無しにね、やっぱりこれといったそういう目的がね、あってするんやったらいいんやけどね、それが無かったらやっぱり続きませんね。	Oh, yes, yes. Let me tell you, you can't keep enthusiastic unless you have a clear vision. If you have a specific goal to achieve, you can keep working on it. Otherwise, you'll lose your enthusiasm and give up.
LI-000062	(R うん)		
LI-000063	(R はい)		
LI-000064	(R うんうんうんうん)		
LI-000065	そう で す ね 。	そうですね。	That's right.
SP-000059	(R ええ)目的 が あ っ た ら 続け られ る けど 、(P)もう 目的 が な かっ た ら すぐ 頓挫(P)し ま す ね 。	目的があったら続けられるけど、もう目的がなかったらすぐ頓挫しますね。	If you have a goal to achieve, you can keep your focus on it. But it's easy to give it up unless you have a goal.
LI-000066	(R うーん)		
LI-000067	そう で す よ ね 。 やっぱり ね 。(R うんうん)それ は あ り ま す よ ね 。	そうですよね。やっぱりね。それはありますよね。	Yes, that's right. Totally understandable. It happens.
SP-000060	(R はい)		
LI-000068	目標 が 無 い と ね 。	目標が無いとね。	You need a goal.
SP-000061	そう 、(F ま)人 それぞれ や から ね 。	そう、人それぞれやからね。	Different people have different strengths.
LI-000069	(R うんうーん)		
SP-000062	一概 に 言 わ れ へん から ね 。	一概に言われへんからね。	Nothing fits all.
LI-000070	(R はい)		
LI-000071	何 か さ れ て る 事 あ る ん で す か ？	何かされてる事あるんですか？	Are you working on something special?
SP-000063	勉学 で は もう 、 もう パス し た から ね 、 せ や から もう 遊び 。	勉学ではもう、もうパスしたからね、せやからもう遊び。	I've already gave up academic issues, so I'm now into what amuses me.
LI-000072	勉学 ？(L うふふふふ)遊 び 、(L ふふ)遊び も 勉強 の 一 つ で す 。(R はい)	勉学？遊び、遊びも勉強の一つです。	In academics? You can learn what amuses you.
SP-000064	遊び で 。	遊びで。	Amusing myself.
SP-000065	ね 。	ね。	Yes.
LI-000073	歌 と か 、 スポーツ の 方 で ？	歌とか、スポーツの方で？	You mean singing or enjoying sports?
SP-000066	いや 、 もう 釣り 。	いや、もう釣り。	Well, definitely fishing.
LI-000074	(R あー)		
LI-000075	フィッシング で す ね 。(R うーん)	フィッシングですね。	Fishing!? I see.
SP-000067	そう 。	そう。	Yes.
SP-000068	釣り は もう ちっさ い 時 から ずうっと 今 で も 。	釣りはもうちっさい時からずうっと今でも。	I have been a fisherman since I was a kid.
LI-000076	(F あ)そう で す か 。(R へー)じゃあ ちょっと 遠 い とこと か も 行 か れ たり する 。	そうですか。じゃあちょっと遠いとことかも行かれたりする。	Oh, really? Do you go far to fish?
SP-000069	(R はい)		
SP-000070	和歌山 と か ね 。	和歌山とかね。	Like Wakayama.
LI-000077	(R はい)		
SP-000071	ほとんど 和歌山 方面 で す ね 。	ほとんど和歌山方面ですね。	I usually go to the Wakayama region.
LI-000078	(F あ)そう で す か 。	そうですか。	Oh, is that so?
SP-000072	(R はい)船 に 乗 っ て 。	船に乗って。	Board on a ship
LI-000079	(R うん)		
LI-000080	磯釣り って やつ で す か ？	磯釣りってやつですか？	Is that surf fishing?
SP-000073	いえ 、 船釣り 。	いえ、船釣り。	No, it's boat fishing.
LI-000081	船釣り 。(R はーん)(F あ)そう か 。 船釣り って 言 う ん で す ね 。 磯釣り は 、(F あの)岸 から 釣 る の を 磯釣り って 言 う ん で す か 。(R ほーん)	船釣り。そうか。船釣りって言うんですね。磯釣りは、岸から釣るのを磯釣りって言うんですか。	Boat fishing. I see. It's called boat fishing. Is surf fishing off the shore?
SP-000074	船 で 。	船で。	Fishing from a boat.
SP-000075	(R はい)		
SP-000076	そう 、 船 で 。	そう、船で。	Yes, fishing from a boat.
SP-000077	(F あの)岸 から 。	岸から。	Off the shore.
SP-000078	(R はい)		
SP-000079	(R はいはい)		
LI-000082	私 、 釣り は し た こと が な い ん で す けれど 。(R うん)	私、釣りはしたことがないんですけれど。	I've never fished before.
SP-000080	(F あ)そう で す か 。	そうですか。	Is that so?
SP-000081	だ から ね 、(F あの)船釣り 行 く で しょ 、 そ し た ら(F あの)スポーツ 新聞?で しょ 、 スポーツ 新聞 の 中 に ね 、 釣り の 欄 が あ る で しょ 、 釣り 情報 。	だからね、船釣り行くでしょ、そしたらスポーツ新聞でしょ、スポーツ新聞の中にね、釣りの欄があるでしょ、釣り情報。	Well, you go boat fishing and read sports newspapers. You find the fishing columns in the sports newspapers. Fishing news.
LI-000083	(R はい)		
LI-000084	(R はい)		
LI-000085	(R はい)		
LI-000086	(R はい)		
LI-000087	釣り 情報 。(R うん)	釣り情報。	Fishing news.
SP-000082	それ で ね 、 大概ね 、 私 行 く で しょ 、(P)し て?の あれ が みな 、 出 し て も う と る わけ で す わ 。	それでね、大概ね、私行くでしょ、してのあれがみな、出してもうとるわけですわ。	You know, when I go, they all write about it in the newspapers.
LI-000088	(R はい)		
LI-000089	(F あ)そう な ん で す か 。(F え)何 ？	そうなんですか。何？	Oh, really? What is it?
SP-000083	(R はい)私 の 名前 が 。	私の名前が。	My name.
LI-000090	何 が 出 る ん で す ？(F あの)釣 っ た 大き さ ？	何が出るんです？釣った大きさ？	What's in the newspaper? The size of the fish you catch?
SP-000084	(F あの)(P)大き さ と か ね 、 そう い う 何 匹 釣 っ た と か 、 そんな ん 。	大きさとかね、そういう何匹釣ったとか、そんなん。	The size of the fish and how many fish I catch. Something like that.
LI-000091	(R はい)		
LI-000092	(R はー)		
LI-000093	(R へー)		
SP-000085	もう だいぶん 新聞 の し て も う て ま す よ 、 生駒 の キノシタ 氏 っ て 。	もうだいぶん新聞のしてもうてますよ、生駒のキノシタ氏って。	They have written a lot about it in the newspapers. You know, like Kinoshita from Ikoma.
LI-000094	(F あ)		
LI-000095	(R へー)そう な ん で す か 。 生駒 の キノシタ さん って 言 っ た ら もう 、 釣り の 名人 な ん で す ね 。	そうなんですか。生駒のキノシタさんって言ったらもう、釣りの名人なんですね。	Oh, is that so? Kinoshita from Ikoma is a famous fisherman, is he?
SP-000086	(R はい)(L うふ)		
SP-000087	(R はい)		
SP-000088	もう(P)(F あの)釣り の 好き な 人 や っ た ら 知 っ て は り ま す わ 。	もう釣りの好きな人やったら知ってはりますわ。	People who love fishing know his name.
LI-000096	(R へー)		
SP-000089	新聞 に 出 と る から 、 スポーツ 新聞 に 全部 。	新聞に出とるから、スポーツ新聞に全部。	It's in newspapers. It's in all sports newspapers.
LI-000097	(R あー)		
LI-000098	大きな もの って どんな 物釣 ら れ た ？	大きなものってどんな物釣られた？	What kind of big fish have you ever caught?
SP-000090	私 は ね 、 イサギ 。	私はね、イサギ。	I have caught chicken grunt.
LI-000099	イサギ 。	イサギ。	Chicken grunt.
SP-000091	イサギ 主に 。	イサギ主に。	Mostly chicken grunt.
LI-000100	イサギ って どれ ぐらい の ？	イサギってどれぐらいの？	How big are chicken grunt you fish?
SP-000092	大き さ 四十 センチ 位 。	大きさ四十センチ位。	About 40 centimeters in length.
LI-000101	(R へー)		
LI-000102	それ は(F あの)す い ま せ ん 、 素人 は すぐ 食べ る 話 を し ま す 、 食べ られ る 魚 で す か ？(R へー)	それはすいません、素人はすぐ食べる話をします、食べられる魚ですか？	Oh, excuse me. You know, non-fishers just connect fishes to food, but are the chicken grunts edible?
SP-000093	(R はい)		
SP-000094	(R はい)		
SP-000095	そう で す 。	そうです。	Yes.
SP-000096	やっぱり ね 、 魚 は ね 、(P)食べ て 初めて ね 、 魚 が 成仏 する わけ で す わ 。	やっぱりね、魚はね、食べて初めてね、魚が成仏するわけですわ。	After all, fishes depart in peace only when they are eaten.
LI-000103	(R うん)		
LI-000104	(R うん)		
LI-000105	(R あー)		
SP-000097	釣 っ て ね 、 そこ に?ぽんと ね 、(P)ほっと く の は あ か ん わけ で す わ 。 やっぱり 食べ て あげ て ね 、 魚 も 、(P)それ で 初めて(P)(F あのー)魚 自体 も 成仏 する わけ で す わ 。	釣ってね、そこにぽんとね、ほっとくのはあかんわけですわ。やっぱり食べてあげてね、魚も、それで初めて魚自体も成仏するわけですわ。	It's no good to leave fish alone after you fish them. They depart in peace once you eat them.
LI-000106	(R うん)		
LI-000107	(R うん)		
LI-000108	(R あー)		
LI-000109	(R うんうん)		
LI-000110	(R うーんうーん)		
LI-000111	ありがとう って い う 、 釣 っ た 方 も 。(R うん)	ありがとうっていう、釣った方も。	Thank you, I say as a fisher.
SP-000098	そうそうそう 、 やっぱり あの ね 、 感謝 も ね 、 やっぱり 大事 で す わ 。	そうそうそう、やっぱりあのね、感謝もね、やっぱり大事ですわ。	Oh, yes, yes. You know, it's important to be thankful after all
LI-000112	(F あ)(R はい)		
LI-000113	そう で す ね 。	そうですね。	Yes, indeed.
SP-000099	魚 に 対 し て も 、 何事 に 対 し て も 。	魚に対しても、何事に対しても。	Being thankful to fish and everything.
LI-000114	(R うーん)		
LI-000115	そう で す ね 。(R うーん)	そうですね。	Yes, indeed.
SP-000100	(R うん)		
LI-000116	ありがとう 。	ありがとう。	Thank you.
SP-000101	なん や 、 魚 や い う 無し に ね 。	なんや、魚やいう無しにね。	Being thankful I mean is not just to fish.
LI-000117	(R はーい)		
LI-000118	そう で す ね 。	そうですね。	Yes, indeed.
SP-000102	それ も こっち も 命 を それ で 頂 い て ま す ん で ね 。	それもこっちも命をそれで頂いてますんでね。	What you eat lets us live.
LI-000119	そう で す ね 。	そうですね。	Yes, indeed.
SP-000103	魚 を 食べ て 。	魚を食べて。	We eat fish.
LI-000120	(R うーん)		
SP-000104	健康 に いか さ れ て ま す ん で ね 。	健康にいかされてますんでね。	You know, what you eat lets you lead a healthy life.
LI-000121	(R うんうーん)		
SP-000105	やっぱ 感謝 も 、 やっぱり 忘れ た ら あ か ん わけ で す わ 。	やっぱ感謝も、やっぱり忘れたらあかんわけですわ。	So, you should never forget the attitude of gratitude.
LI-000122	(R うーん)		
LI-000123	その(F あの)魚 の 神 様 が 付 い て は る ん で しょ う ね 、 だ から 、 その 感謝 が 通 じ て 。	その魚の神様が付いてはるんでしょうね、だから、その感謝が通じて。	I guess the god of the fish is with them. So, when we are thankful, our gratitude is received.
SP-000106	いや 、 それ 分か り ま せ ん 、 それ 分か り ま せ ん 。	いや、それ分かりません、それ分かりません。	I don't know. I don't know about that.
SP-000107	分か り ま せ ん 、 それ は 。	分かりません、それは。	I don't know about it.
LI-000124	いやいやいや 、 だ から そう や っ て 。	いやいやいや、だからそうやって。	Oh, no, no. I mean it's so.
SP-000108	ただ その 気持ち だけ は 忘れ ん よう に ね 、(P)し て ま す 。	ただその気持ちだけは忘れんようにね、してます。	I just try to keep it in mind anyway.
LI-000125	(R うん)		
LI-000126	(R うん)。		
LI-000127	四十 センチ 位 が 一番 大き い ん で す か 、 イサギ っ て 。	四十センチ位が一番大きいんですか、イサギって。	Is about 40 centimeters the biggest size ever for chicken grunt?
SP-000109	そう で す ね 、 四十 数 センチ 位 で す ね 。	そうですね、四十数センチ位ですね。	Yes, it's about 40 centimeters.
LI-000128	(R へー)		
LI-000129	で も 、 それ で も なかなか 捕れ な い ん で しょ う ね 。	でも、それでもなかなか捕れないんでしょうね。	Well, aren't they hard to catch?
SP-000110	沢山 捕れ る 時期 あ る ん で す よ 。	沢山捕れる時期あるんですよ。	There is a season where you can catch a lot of them.
LI-000130	(R へー)		
LI-000131	いつ の 時期 の お 魚 な ん で す か ？	いつの時期のお魚なんですか？	When is the peak of the fish?
SP-000111	あの ね 、 春先 。	あのね、春先。	Well, early spring.
LI-000132	(R はー)		
SP-000112	麦わら い う て ね 、 麦わら イサギ い う て ね 、 ちょうど ね 、 梅雨 時分 の 魚 。	麦わらいうてね、麦わらイサギいうてね、ちょうどね、梅雨時分の魚。	Well, wheat straw, they are called wheat straw chicken grunt. They are in season during the rainy season.
LI-000133	(F あ)(R はい)		
LI-000134	(R へーはいはい)		
SP-000113	旬 が 。	旬が。	In season, you know.
SP-000114	だ から 、 そう い う 時分 だっ た ら やっぱり 沢山 人 が(P)(F あの)来 られ ま す わ 、 釣り に 。 皆 、 皆 さん 分か っ て ま す ん で ね 、 美味し い 時期 が 、(P)みな 魚 に よ っ て(F あのー)美味し い 時期 が あ り ま す ん で ね 、 だ からみな(F あのー)いっ ちばん 美味し い 時期 に ね 、 沢山 やっぱり 来 られ ま す わ 。	だから、そういう時分だったらやっぱり沢山人が来られますわ、釣りに。皆、皆さん分かってますんでね、美味しい時期が、みな魚によって美味しい時期がありますんでね、だからみないっちばん美味しい時期にね、沢山やっぱり来られますわ。	So, you know, a lot of people come to fish in the season. They know when the fish taste best. When they taste best is different depending on the species. So, a lot of people come to catch the fish at their best.
LI-000135	(R あー)		
LI-000136	(R はい)		
LI-000137	(R はい)		
LI-000138	(R うんうん)		
LI-000139	(R うん)		
LI-000140	(R あー)		
SP-000115	だ から いっぱい で す よ 、 その 時期 な っ た ら 。	だからいっぱいですよ、その時期なったら。	So, there are a lot of people when the season comes.
LI-000141	(R へー)		
LI-000142	皆 さん その 魚 を 目当て に 来 られ 。(R うーん)	皆さんその魚を目当てに来られ。	They come to for the fish.
SP-000116	そうそう そう そう そう そう 。	そうそうそうそうそうそう。	Oh, yes, yes, yes.
SP-000117	中 に は ね 、 女性 の 方 も ね 、 女性 の 方 も 来 て お ら れ ま す よ 。	中にはね、女性の方もね、女性の方も来ておられますよ。	There are women fishers among them, too.
LI-000143			
LI-000144	(R はい)		
LI-000145	(F あ)そう で す か 。	そうですか。	Is that so?
SP-000118	(R はい)		
SP-000119	奥 さん 同伴 で 。	奥さん同伴で。	With their wives.
LI-000146	(R うーん)		
LI-000147	最近 やっぱり 多 い で す か 、 女 の 方 、 さ れ る 方 。	最近やっぱり多いですか、女の方、される方。	So, nowadays, are there more women fishers than before?
SP-000120	いや 、 今 は ね 、 やっぱり ね 、(F あのー)高齢 化 が 進 ん で ね 、 やっぱり 減 っ て 来 て ま す 。	いや、今はね、やっぱりね、高齢化が進んでね、やっぱり減って来てます。	Well, you know, the ageing population has impact on the fisher population.
LI-000148	(R はい)		
LI-000149	(F あ)そう で す か 。	そうですか。	Is that so?
SP-000121	(R はい)やっぱり 、 そっち の 方 も やっぱり 高齢 化 が ね 、 影響 し て ま す ね	やっぱり、そっちの方もやっぱり高齢化がね、影響してますね	Well, you know, population ageing affects that too.
LI-000150	(R うんうーん)		
SP-000122	(F あのー)船頭 さん に 聞 い た ら 、 やっぱり 言 う て は り ま す 。	船頭さんに聞いたら、やっぱり言うてはります。	Boatmen say that too.
LI-000151	(R ふーん)		
SP-000123	皆 さん もう 歳 と っ て ね 、 もう(P)やっぱ 客 が 少な く な っ た 言 う て 。	皆さんもう歳とってね、もうやっぱ客が少なくなった言うて。	People are getting old, and there are less customers now, they say. 
LI-000152	(R うん)		
LI-000153	(R へー)		
LI-000154	全体 的 に 釣 り 、 釣り さ れ る 方 が 減 っ て る ん で す か ね ？	全体的に釣り、釣りされる方が減ってるんですかね？	You mean there are less fishers in general?
SP-000124	そう で す ね 。	そうですね。	Yes, indeed.
LI-000155	(R あー)		
SP-000125	減 っ て る ん ちゃ い ま す か ね 、 昔 に 比べ た ら ね 、 以前 から 比べ た ら 。	減ってるんちゃいますかね、昔に比べたらね、以前から比べたら。	I guess there are less than before, compared to the old times.
LI-000156	(R うんうん)		
LI-000157	(R うーんうーん)		
LI-000158	最近 の 若 い 人 達 、 そう い う(F あの)(P)趣味 って い う の が なかなか 。	最近の若い人達、そういう趣味っていうのがなかなか。	Today's younger generation doesn't seem to appreciate fishing as a hobby.
SP-000126	また 別 の 、 また 今 最近 は 趣味 が 色々 あ る で しょ 、 色んな 事 が 。	また別の、また今最近は趣味が色々あるでしょ、色んな事が。	They have other hobbies, many different ones, you know.
LI-000159	(R うーん)が ね 。(R うん)	がね。	All in all.
SP-000127	(R ええ)		
SP-000128	昔 や っ たら そんな に ね 、 今 みたい に(P)無 かっ た で しょ 、 色んな 、 だ から 昔 なんか ちょっと しか 無 かっ た から ね 。	昔やったらそんなにね、今みたいに無かったでしょ、色んな、だから昔なんかちょっとしか無かったからね。	You know, back in those days, there was hardly anything to do. So, there were less things to amuse us.
LI-000160	(R うんうん)		
LI-000161	(R うんうん)		
SP-000129	元々 海 育ち や から ね 。	元々海育ちやからね。	I grew up by the sea, you know.
LI-000162	(F あ)そう な ん で す か 。	そうなんですか。	Oh, is that so?
SP-000130	(R はい)		
LI-000163	ゴシュッチン じゃ な い 、 ご 出身 が 。(L あは)(R はい)	ゴシュッチンじゃない、ご出身が。	Not goshucchin, goshusshin.
SP-000131	(R はい)		
SP-000132	そうそう そうそう 、(R はい)海 の 近く や から ね 、 どう し て も そう い う ふう に(P)な っ て い き ま す ね 。	そうそうそうそう、海の近くやからね、どうしてもそういうふうになっていきますね。	Oh, yes, yes. By the sea. It's very natural for us.  
LI-000164	(R あー)		
LI-000165	(R はいはい)		
LI-000166	(R うんうんうんうん)		
LI-000167	じゃ もう(F あの)あれ で す よ ね 、(P)小さ い とき から 、 もう 、(R うん)魚 も 沢山(F こー)見 て 、 食べ て ね 、(P)海 も 色々 知 っ て 育 っ て られ て 。(R うーん)	じゃもうあれですよね、小さいときから、もう、魚も沢山見て、食べてね、海も色々知って育ってられて。	Well, then, as a child, you've been seeing and eating plenty of fish, and raised with a deep knowledge of the sea.
SP-000133	そうそう そう そう 。	そうそうそうそう。	Yes, yes.
SP-000134	そうそう そう そう 。	そうそうそうそう。	Right.
SP-000135	そう で す ね 。(R はい)	そうですね。	Hmm.
SP-000136	そう で す 。	そうです。	That's right.
LI-000168	じゃまた 暖か く な っ た ら 楽しみ で す ね 。	じゃまた暖かくなったら楽しみですね。	Well, then, you’re looking forward to fishing again when it gets warmer, aren’t you?
SP-000137	そうそう 、 それ まで は ね 、 ちょっと 今 しばらく 冬眠 中 で す 。(L あはははふふ)冬眠 さ し て も う て ま す 。(L あははは)	そうそう、それまではね、ちょっと今しばらく冬眠中です。冬眠さしてもうてます。	Oh, yes. Until then, I hibernate for a while. I am hibernating now.
LI-000169	(R うん)		
LI-000170	冬眠 中 で す ね 、 確か に 。(L ひ)	冬眠中ですね、確かに。	You’re hibernating? Okay, I see. An interesting expression.
LI-000171	(L あはははは)只今 冬眠 中 で 、(R はい)(F あの)せっせと 磨 い たり し ながら 。	只今冬眠中で、せっせと磨いたりしながら。	You are hibernating now, and in the meantime, are busy with polishing your fishing equipment.
SP-000138	そう で す 。	そうです。	Yeah.
SP-000139	いや 、 もう 道具 は ね 、 もう(P)私 は(P)竿釣り ちゃ う から ね 、 手釣り い き ま す ん で ね 、(P)竿 無し で 。	いや、もう道具はね、もう私は竿釣りちゃうからね、手釣りいきますんでね、竿無しで。	Ah, actually no. I don’t use any equipment for fishing. I don’t do rod fishing. I do handlining. I do not use a rod.
LI-000172	(R はい)		
LI-000173	(R はい)		
LI-000174	(R はー)		
LI-000175	(F あ)そう な ん で す か 。	そうなんですか。	I see.
SP-000140	(R はい)		
LI-000176	(R へー)(R はい)		
SP-000141	手釣り で す 。	手釣りです。	Yes, I do handline fishing.
LI-000177	手釣り って 、 糸 を 手 、(P)何 を 手 で 持 つ 。	手釣りって、糸を手、何を手で持つ。	Handline fishing means…, do you hold a line by hand? Or what do you hold in your hand?
SP-000142	いえ いえ 、(F あのー)(F あの)糸 あ る で しょ 、(P)?ね 、 それ を ずうっと 海 に 流 し て 、 それ で ね 、 引っかか っ た 、 かか っ た ら 分か り ま す から ね 、 それ また 手 、 こう し て また 引き上げ て 、(P)竿 は 一切 使 わ な い 、(P)?だけ 。	いえいえ、糸あるでしょ、ね、それをずうっと海に流して、それでね、引っかかった、かかったら分かりますからね、それまた手、こうしてまた引き上げて、竿は一切使わない、だけ。	I hang a line long into the sea and hook fish on it. When I can feel fish is hooked, then I pull the line up by hand like this. I never use a rod. I only use a line.
LI-000178	(R はい)		
LI-000179	(R はいはい)		
LI-000180	(R はいはい)		
LI-000181	(R はいはい)		
LI-000182	(R へー)		
SP-000143	その 方 が 直接 ね 、 指先 に ね 、 魚 の(F あのー)乗 っ た 感覚 が(P)手 に 、 指先 に 伝わ る わけ で す わ 、(P)くくっ と 。	その方が直接ね、指先にね、魚の乗った感覚が手に、指先に伝わるわけですわ、くくっと。	It can convey the feeling directly to my finger. The feeling that the fish is hooked on the line. Yes, I can feel it with my hand, or more precisely with my fingertips. I can feel the jerk.
LI-000183	(R はい)		
LI-000184	(R はい)		
LI-000185	(R はい)		
LI-000186	それ も また 、(R あー)なるほど ね 。	それもまた、なるほどね。	Aha. Of course.
SP-000144	それ が 面白 い ねん 。	それが面白いねん。	That’s the most interesting moment for fishing.
LI-000187	で も 、 難し い で しょ 。	でも、難しいでしょ。	I see. Well, but it must be difficult, isn’t it?
SP-000145	何 の あれ や っ た ら 、 もう あれ 、(P)わか り ま す よ 、 それ が ね 、(P)(F あのー)分か る から ね 、(P)もう 竿 は 一切 、 竿 は ただし な る だけ で しょ 、(P)直接 指先 に ね 、(P)わか り ま す から ね 、 体感 出来 る わけ で す わ 、 直接 体 に 。	何のあれやったら、もうあれ、わかりますよ、それがね、分かるからね、もう竿は一切、竿はただしなるだけでしょ、直接指先にね、わかりますからね、体感出来るわけですわ、直接体に。	Well, you can feel hooking fish more easily with a handline. I like the direct feeling at the hand when handlining, so that I never use a rod. If you do rod fishing and when fish is hooked, you only see the rod bows. However, when handlining, you can feel the feeling of hooked fish directly getting up to your fingertips. So, you can have the experience with your body straightforwardly.
LI-000188	(R へー)		
LI-000189	(R はい)		
LI-000190	(R はい)		
LI-000191	(R ふん)		
LI-000192	(R うん)		
LI-000193	(R うーん)		
LI-000194	(R うん)		
SP-000146	それ が 好き で す ね 。	それが好きですね。	I like the feeling.
SP-000147	(F その)(P)魚 の 当た っ た 瞬間 が 。	魚の当たった瞬間が。	The moment the fish is hooked.
LI-000195	で も あれ(F その)結構 引き上げ る 時 って 重た い で しょ 、 割と 小さな 魚 で も なんか 重た い で す よ ね 。	でもあれ結構引き上げる時って重たいでしょ、割と小さな魚でもなんか重たいですよね。	Okay. But isn’t it quite heavy when pulling up fish by hand? I think even a small fish would be rather heavy.
SP-000148			
SP-000149	そう で す よ 。 おっき い の が 釣れ た ら 結構 重た い で す よ 。	そうですよ。おっきいのが釣れたら結構重たいですよ。	Aha. If you hook big fish, it can be pretty heavy.
LI-000196	ね 、 かなり 重た い で す よ ね 、 抵抗 が あ る から 。(R はい)	ね、かなり重たいですよね、抵抗があるから。	I can imagine that. It’s pretty heavy. There might be a resistance.
SP-000150	(R はい)		
SP-000151	そうそう そう 。	そうそうそう。	Yes.
SP-000152	中 に は 四 匹 いっぺん に 釣れ た 時 あ り ま す ん で ね 。	中には四匹いっぺんに釣れた時ありますんでね。	I have hooked four fish at once.
LI-000197	(R はー)(F あ)その 糸 に 針 が 。	その糸に針が。	Four fish at once? It means there are several hooks on a line?
SP-000153	糸 に 針 が 四 つ つ い て る 、 普通 は 。	糸に針が四つついてる、普通は。	Usually four hooks are attached to a line.
LI-000198	(R あー)		
LI-000199	(R はいはい)		
SP-000154	釣れ る 時 は もう 四 つ と も ね 、(P)(F あのー)かか り ま す ん で ね 、 やっぱり 引き上げ る ね 、 楽しみ が あ る わけ で す よ 。	釣れる時はもう四つともね、かかりますんでね、やっぱり引き上げるね、楽しみがあるわけですよ。	If I have good luck, all the four hooks could catch fish. When that happens, I get excited pulling up the line.
LI-000200	(F あ)(R はい)		
LI-000201	(R はーい)		
LI-000202	(R うん)		
LI-000203	(R あー)		
SP-000155	どんな 大き さ が ね 、(P)き て る か と か ね 。	どんな大きさがね、きてるかとかね。	Wondering how big the fish is coming on.
LI-000204	(R あー)		
LI-000205	(R はい)		
LI-000206	いく つ 付 い て る か と か 。(R はー)	いくつ付いてるかとか。	Or how many fish could be on the line.
SP-000156	そうそう そう そう 。 それ が 楽しみ で す 、 それ も 一 つ の 。	そうそうそうそう。それが楽しみです、それも一つの。	Exactly. That's the fun, one of the pleasures of handlining.
LI-000207	(R はー)		
LI-000208	(R へー)		
SP-000157	たまに ね 、 他 の 魚 も き ま す けど ね 、 鯛 と か ね 、(P)それ も 楽しみ で す よ 。	たまにね、他の魚もきますけどね、鯛とかね、それも楽しみですよ。	From time to time, I catch different fishes, such as porgy. That's one of the pleasures.
LI-000209	(R はい)		
LI-000210	(R はい)		
LI-000211	(R へー)		
LI-000212	そう で す よ ね 。 あら 、 鯛 まで き ま す 、 あら 。	そうですよね。あら、鯛まできます、あら。	Really? Can porgy be hooked? Oh, my!
SP-000158	(R はい)		
SP-000159	き ま す 、(P)場合 に よ っ た ら 。	きます、場合によったら。	Yeah, sometimes.
LI-000213	(R へー)		
LI-000214	その 同じ お 船 で も 、(F あの)竿 使 わ れ る 方 と 、 そう や っ て 手 。	その同じお船でも、竿使われる方と、そうやって手。	Are there people who do rod fishing on the same boat with the people who do handlining?
SP-000160	いや 、 ほとんど もう 手釣り 、(P)そこ は 、(P)私 が 行 っ て る ね 、(F あのー)ほとんど もう 手 で 釣り は り ま す わ 。	いや、ほとんどもう手釣り、そこは、私が行ってるね、ほとんどもう手で釣りはりますわ。	No, almost all people do handlining. When I usually go, almost everyone is doing handlining.
LI-000215	もう 、 そこ は 手釣り 。	もう、そこは手釣り。	So, people are only fishing with handlines.
LI-000216	(R はい)		
LI-000217	(R へー)		
SP-000161	たまに ね 、 竿 ね 、(F あの)使 い はる 人 お る けど 、 ほとんど もう 皆 手釣り さ れ ま す ね 。	たまにね、竿ね、使いはる人おるけど、ほとんどもう皆手釣りされますね。	Of course, sometimes there are people with rods, but most fishers use handlines.
LI-000218	(R うん)		
LI-000219	(R うん)		
LI-000220	(R あー)そう で す か 。(R ふーん)	そうですか。	Okay.
LI-000221	もう お なじみ の 方 、 顔 なじみ と か で す か ？	もうおなじみの方、顔なじみとかですか？	So, there are familiar figures on the boat, right?
SP-000162	あ り ま す ね 。	ありますね。	Uh huh.
LI-000222	ね 。	ね。	Okay.
LI-000223	皆(F あの)同じ その や り 方 で 、 同じ もの を 狙 っ て っ て 、 い い で す ね 、 その 。	皆同じそのやり方で、同じものを狙ってって、いいですね、その。	It is good that all the people fish in the same way, aiming at the same targets.
SP-000163	そうそう そう 。	そうそうそう。	Um.
SP-000164	そうそう そう 。	そうそうそう。	That's right.
SP-000165	あの ね 、 同じ ね 、 仕掛け じゃ な かっ た ら ね 、 下 で ね 、 糸 が 絡 み ま す ん で ね 。	あのね、同じね、仕掛けじゃなかったらね、下でね、糸が絡みますんでね。	Well, if people would fish in different ways, lines might get tangled up under the sea.
LI-000224	(F あ)(R はい)		
LI-000225	(R はー)		
SP-000166	糸 の 深 さ と 、(F あの)糸 の 太 さ と かね 、 に も 影響 あ り ま す から ね 。	糸の深さと、糸の太さとかね、にも影響ありますからね。	The way of fishing influences the length and thickness of the lines.
LI-000226	(R はい)		
LI-000227	(F あ)(R はい)		
LI-000228	(R はい)		
SP-000167	片 一方 は 糸 の 太 い の と 、(P)細 い の や っ た ら 、 同じ 降ろ し て も 、 こっち に 流れ が 早 い わけ で しょ 、 そこ で 絡 ん で しま う で しょ 。	片一方は糸の太いのと、細いのやったら、同じ降ろしても、こっちに流れが早いわけでしょ、そこで絡んでしまうでしょ。	If one uses a thick line and the other uses a thin line, their lines may tangle with each other when there is swift current, even though the fishers will hang down their lines in similar ways.
LI-000229	(F あ)(R はい)		
LI-000230	(F あ)(R はい)		
LI-000231	(R あー)		
LI-000232	(R はいはいはい)		
SP-000168	だ から 皆 もう 統一 し て ま す 、 道具 は 。	だから皆もう統一してます、道具は。	So, everyone uses the same kind of line.
LI-000233	(F あ)そう 。(R へー)	そう。	Do they?
LI-000234	ある 意味 ちょっと(F あの)お 互い に 、 きちんと その 辺 の ルール を 守 っ て 。(R はい)	ある意味ちょっとお互いに、きちんとその辺のルールを守って。	So that means everyone follows the rules carefully in a sense, right?
SP-000169	そうそう そう そう そう そう 。	そうそうそうそうそうそう。	Yeah, right.
LI-000235	で 、 楽し む って い う 、 ね 。(R うーん)	で、楽しむっていう、ね。	So that they can enjoy themselves.
SP-000170	そうそう そう そう 。	そうそうそうそう。	Yes, yes.
SP-000171	お 互い に 楽しみ あ っ て ね 、(F あの)楽し ま な い と ね 、 片 一方 が し て 、 片 一方 あ か ん かっ た ら ね 、(P)やっぱり 、 お 互い やっぱり 協力 仕合い や から ね 。	お互いに楽しみあってね、楽しまないとね、片一方がして、片一方あかんかったらね、やっぱり、お互いやっぱり協力仕合いやからね。	You should care for others to enjoy yourselves. It is not good if only one side can enjoy and the other cannot. If you want to enjoy yourselves, you should follow the rules and cooperate with each other.
LI-000236	そう で す ね 。	そうですね。	Okay.
LI-000237	(R うーん)		
LI-000238	そう で す ね 。(R へー)	そうですね。	Of course.
SP-000172	もう 自己 流 や だめ で す ね 、 やっぱり 周り の 人 も ね 、 気配り も し な い と 。	もう自己流やだめですね、やっぱり周りの人もね、気配りもしないと。	It’s bad manners to act selfishly. You must be aware of people around you.
LI-000239	(F あ)		
LI-000240	(R はい)		
LI-000241	(F あ)そう で す か 。(R へー)	そうですか。	I see.
SP-000173	(R はい)		
SP-000174	やっぱり 、 それぞれ やっぱり ルール が あ り ま す ん で ね 。	やっぱり、それぞれやっぱりルールがありますんでね。	After all, there are rules to be followed.
LI-000242	(R うーん)		
LI-000243	いや 、(F なんか)(F あの)初めて の 、 初めて 知 り ま し た 。(L あははははふふふふ)	いや、初めての、初めて知りました。	I've just known it. For the first time,
SP-000175	いえ いえ 。(L ははは)	いえいえ。	Hmm.
LI-000244	(F あ)そ し た ら 、 船 で の 釣り って い う の の 方 が 、 逆 に こう 、 皆 、 お 互い に こう ね 、 気 を 付け て って い う 。	そしたら、船での釣りっていうのの方が、逆にこう、皆、お互いにこうね、気を付けてっていう。	You mean, when boat-fishing everyone cares more about each other.
SP-000176	そうそう そうそう 、 そうそう 、 そう 、 結局 もう?一 つ の 団体 な る で しょ 、 行 く の は 個人 で 行 く けど 、(P)着 い た ら もう 団体 で す わ 、 団体 行動 で す わ 。	そうそうそうそう、そうそう、そう、結局もう一つの団体なるでしょ、行くのは個人で行くけど、着いたらもう団体ですわ、団体行動ですわ。	Yeah, that's right, that's right. In a sense, we will be one unified group on a boat. People go fishing by themselves, but when boarding, they will build a unit and act as a party.
LI-000245	(R あー)		
LI-000246	(R うん)		
LI-000247	(R うーん)		
LI-000248	(R はい)		
LI-000249	だ から 、 その 磯釣り みたい に(F こー)や っ て は る の 、 あれ 、 あっち の 方 が 個人 プレー で す ね 。(R うーん)	だから、その磯釣りみたいにやってはるの、あれ、あっちの方が個人プレーですね。	So, compared with that, the surf-fishing is more like an individual sport.
SP-000177	個人 プレー と ちゃ う から ね 。	個人プレーとちゃうからね。	Aha. Boat-fishing is not an individual sport.
SP-000178	そうそう そう そう 。	そうそうそうそう。	Yes.
SP-000179	船 の 上 は やっぱり 団体 競技 に な る わけ で す わ 。 団体 で 行動 し な い と 、 自分 さえ よ かっ た ら い い は 駄目 で す ん で ね 。	船の上はやっぱり団体競技になるわけですわ。団体で行動しないと、自分さえよかったらいいは駄目ですんでね。	Boat-fishing is like a team sport. It won’t go well unless everyone acts as a party. Selfish fishers cannot enjoy boat-fishing.
LI-000250	(F あ)そう 。	そう。	I see.
LI-000251	(R ふーん)		
LI-000252	(R あー)		
SP-000180	やっぱり 周り に も ね 、?協力 し ながら ね 、(P)し な い?自分 だけ よ かっ た ら い う 事 で は あ か ん わけ で す わ 。	やっぱり周りにもね、協力しながらね、しない自分だけよかったらいう事ではあかんわけですわ。	After all, fishing is something to be enjoyed cooperating with others. Don't you agree? Selfishness must not be tolerated.
LI-000253	(R はい)		
LI-000254	(R うん)		
LI-000255	(R あー)		
LI-000256	(R へー)		
LI-000257	初めて 聞 き ま し た 。(F あ)い い お 話 を ありがとう ござ い ま す 。(L ふふ)いえ いえ いえ 、 是非 ほんと は 釣れ た 魚 が 頂 き た い ところ で す けど ね 。	初めて聞きました。いいお話をありがとうございます。いえいえいえ、是非ほんとは釣れた魚が頂きたいところですけどね。	This is new information for me. Thank you very much for the valuable talk. To be honest, I would really like to eat the fish you catch.
SP-000181	いえ いえ 。	いえいえ。	Not at all.
SP-000182	いえ いえ 。 いえ いえ 、 何 を おっしゃ い ま す 。	いえいえ。いえいえ、何をおっしゃいます。	Oh, no. Give me a break.
SP-000183	(L うふふ)?住所 と 名前 、(L えへ)聞 い て お い た ら 送 り ま す よ 。	住所と名前、聞いておいたら送りますよ。	I’ll send fish if you give me your name and address.
LI-000258	(F あ)(R はい)		
LI-000259	(L あはははははふふふ)ね 、 その 時期 に ね 、(R はい)今年 も また 沢山 捕れ ま す よう に 。	ね、その時期にね、今年もまた沢山捕れますように。	I hope you will catch lots of fish during the season this year again.
SP-000184	ありがとう ござ い ま す 。 頑張 り ま す 。	ありがとうございます。頑張ります。	Thank you. I’ll do my best.
LI-000260	ね 。(R はい)だ から そう い う 楽しみ を(F ま)(F あのー)年齢 に 関係 な く ね 、 やっぱり 持 っ て られ る と ね 、(F あのー)も 一 つ 、 ある こう い う 事 に は な ら な い ん じゃ な い か と 思 う ん で す けど ね 、 相模原 の 、(F あの)津久井 やまゆり 園 で す 。	ね。だからそういう楽しみを年齢に関係なくね、やっぱり持ってられるとね、も一つ、あるこういう事にはならないんじゃないかと思うんですけどね、相模原の、津久井やまゆり園です。	I don't think that guy would not have committed that terrible crime if he had had such pleasure in his life, even if he's not old. The one that happened at Tsukui Yamayuri-en in Sagamihara City, I mean.
SP-000185	(R はい)		
SP-000186	(R はい)		
SP-000187	(R はい)		
SP-000188	(R はい)		
SP-000189	(F あ)例 の ね 、(P)あれ は 相当 問題 な り ま す よ ね 。	例のね、あれは相当問題なりますよね。	Ah, that horrible one. That’s becoming a very big issue.
LI-000261	(R はーい)		
LI-000262	ね 。	ね。	Definitely.
LI-000263	なん で あんな 事 が 起こ る ん だ ろ う って い う 。	なんであんな事が起こるんだろうっていう。	I wonder why that sort of crime was committed?
SP-000190	最初 は ね 、(F あのー)情報 で は ちっさ い 時 は そう な かっ た の に ね 、 急 に あんな ん ね 、 人間 の 性格 変わ る から 、 びっくり し ま す ね 。	最初はね、情報ではちっさい時はそうなかったのにね、急にあんなんね、人間の性格変わるから、びっくりしますね。	I heard from the news that the criminal wasn’t such a person when he was a kid. I was surprised to know that one could change his personality suddenly.
LI-000264	(R うん)		
LI-000265	(R うん)		
LI-000266	そう で す ね 。	そうですね。	Yes.
LI-000267	どこ で どう な っ て しま っ た の って い う 。	どこでどうなってしまったのっていう。	I wonder what had happened to him.
SP-000191	そう 。	そう。	Yeah.
LI-000268	ね 。	ね。	Hmm.
LI-000269	だ から 。	だから。	So.
SP-000192	どんな 生い立ち で ね 、(P)な っ て き た か ね 、(F そのー)ちっさ い 時 から それ まで の ね 、 性格 から 関係 、 色んな(F あのー)(P)人 と の 繋がり と か(P)あれ も あ り ま す ん で ね 。	どんな生い立ちでね、なってきたかね、ちっさい時からそれまでのね、性格から関係、色んな人との繋がりとかあれもありますんでね。	I wonder what made him such a person. I assume many aspects like personal history from childhood, personality, relationships with many people affect an individual.
LI-000270	そう で す ね 。	そうですね。	Hmm.
LI-000271	(R うん)		
LI-000272	(R はい)		
LI-000273	あ り ま す よ ね 。	ありますよね。	I see your point.
SP-000193	(F え)色々 あ る で しょ う ね 、 本人 さん しか 分か ら な い よう な 。	色々あるでしょうね、本人さんしか分からないような。	Yes. Probably, there are other circumstances we couldn’t understand as well.
LI-000274			
LI-000275	(R うーん)		
LI-000276	で す よ ね 。 やっぱり(F その)その 本人 を 取り巻 く 環境 って い う の は(P)大き い で しょ う ね 。(R うーん)	ですよね。やっぱりその本人を取り巻く環境っていうのは大きいでしょうね。	I’m sure that the surrounding environment should have had a big influence on him.
SP-000194	そうそう 。 大き い で しょ う ね 。(R はい)	そうそう。大きいでしょうね。	Yes. It sure was big.
SP-000195	だ から もっと ね 、(F あのー)その 人 に 対 し て も ね 、 周り の 人 が ね 、(P)(F あのー)もっと 暖か い ね 、(F あのー)目 で 見 て た ら ね 、(P)どう か な っ ちゃ う か なん て 、 やっぱり 孤独 い う かたち に な る で しょ 、 あんな もん 、(P)自分 さえ?ね 。	だからもっとね、その人に対してもね、周りの人がね、もっと暖かいね、目で見てたらね、どうかなっちゃうかなんて、やっぱり孤独いうかたちになるでしょ、あんなもん、自分さえね。	So, if the people around him had seen him with warm eyes, it could have brought a different result. He committed such a thing because he felt lonely, I guess. 
LI-000277			
LI-000278	(R うん)		
LI-000279	(R うん)		
LI-000280	(R はい)		
LI-000281	(R はい)		
LI-000282	(R あー)		
LI-000283	(R うーん)そう で す ね 。 自分 の(F こー)世界 に(P)閉じこも っ て しま う みたい な 、 そこ で 勝手 な 考え が こう 。	そうですね。自分の世界に閉じこもってしまうみたいな、そこで勝手な考えがこう。	I agree with you. He may have shut himself up in his own world and have had selfish thoughts there.
SP-000196	(R うん)		
SP-000197	そうそう そう そうそう 、 そうそう そう 。	そうそうそうそうそう、そうそうそう。	Yeah, I think so.
SP-000198	そうそう そう そう そう 。	そうそうそうそうそう。	That may be true.
LI-000284	ね 。	ね。	Hmm.
SP-000199	だ から 相談 する 相手(P)なんか あ っ た ら ね 、(P)まだ い い わけ で す わ 。	だから相談する相手なんかあったらね、まだいいわけですわ。	If he had someone he could ask for advice, that would be better.
LI-000285	(R あー)		
LI-000286	(R うーん)		
LI-000287	(R うーん)		
SP-000200	私 は こう 思っ と る ん や けど 、 どう や 、 言 う て ね 。	私はこう思っとるんやけど、どうや、言うてね。	I think of it in this way, and I want you to tell me what you see it.
LI-000288	(R うーん)		
SP-000201	そ し た ら 向こう も ね 、 アドバイス と か(P)そんな ん いただけ る で しょ 。	そしたら向こうもね、アドバイスとかそんなんいただけるでしょ。	If so, his companions could have given him advice or such with him.
LI-000289	(R はい)		
LI-000290	(R うーん)		
LI-000291	(R はーい)		
SP-000202	やっぱ 本人 さん も 、 やっぱり そう い う ふう な ね 、 事 も やっぱり 問いかけ な あ か んわ ね 、(P)他 の 人 に も 、 私 は こう 思っ と ん や けど 、 君 は どう 思 っ て る か と か ね 、 どんな 考え 方 が あ る か ちょっと 教え て と か ね 。	やっぱ本人さんも、やっぱりそういうふうなね、事もやっぱり問いかけなあかんわね、他の人にも、私はこう思っとんやけど、君はどう思ってるかとかね、どんな考え方があるかちょっと教えてとかね。	The criminal should have done such things. He had to ask I think of it like this. What do you think about it?, Let me know how you see this.
LI-000292	(R うーん)		
LI-000293	(R うーん)そう で す 。	そうです。	Yes, yes.
LI-000294	(F ま)そう で す ね 。	そうですね。	That's important.
LI-000295	(R うんうん)		
LI-000296	(R うーん)		
LI-000297	そう で す ね 。	そうですね。	Right.
SP-000203	そ し た ら ね 、 ある 程度 、(F あ)(P)(F あのー)やっぱり 人間 や から ね 、 やっぱり 考え ま す から ね 、(P)あ 、 そう か 、 そっち の 方 が い い ん か な と か 。	そしたらね、ある程度、やっぱり人間やからね、やっぱり考えますからね、あ、そうか、そっちの方がいいんかなとか。	Well, he is human, he might have changed his mind to some extent, like Oh, that might be better.
LI-000298	(R うーん)		
LI-000299	(R うんうんうん)		
SP-000204	そんな ん が あ っ た ら あんな ね 、 事件 も ね 、(P)おこ ら な かっ た と 思 う ん や けど 、 それ は 本人 さん しか わか ら へん から ね 、 ただ はた から 見 て ね 、 客観 的 に 見 て 、 それ 話 する だけ や から 。	そんなんがあったらあんなね、事件もね、おこらなかったと思うんやけど、それは本人さんしかわからへんからね、ただはたから見てね、客観的に見て、それ話するだけやから。	I think the incident wouldn't have occurred if he was not lonely, but, after all only he knows the truth. We're just observers talking about the incident objectively without knowing the truth.
LI-000300	(R うーん)		
LI-000301	(R うーん)		
LI-000302	(R うーん)		
LI-000303	(R うーん)		
LI-000304	そう で す ね 。	そうですね。	Yes.
LI-000305	ほんと に(F あの)本人 の(F ま)(F あの)(P)何 て 言 う ん で す か 、 身内 も そう で す けど 、 亡くな ら れ た 方 の 身内 も って い う と ね 、 ものすご い 数 の 人 に(P)影響 を 与え る 事 だ と い う 認識 が あ る ん で す か ね 。	ほんとに本人の何て言うんですか、身内もそうですけど、亡くなられた方の身内もっていうとね、ものすごい数の人に影響を与える事だという認識があるんですかね。	I wonder if he is aware that he committed something that affects quite a lot of people including the victim's family as well as his own family.
SP-000205	そう 、 そうそう そう そう 。	そう、そうそうそうそう。	Yes, yes. 
SP-000206	そうそう 。	そうそう。	I agree with you.
SP-000207	あ り ま す 、 さあ 、 どう で しょ う ね 。	あります、さあ、どうでしょうね。	I completely doubt he does.
LI-000306	(L あはは)		
SP-000208	あ っ た ら こんなん し な い で しょ う 。	あったらこんなんしないでしょう。	If he had, he wouldn’t have committed that.
LI-000307	で す よ ね 。(R うーん)	ですよね。	Right.
SP-000209	(R はい)		
SP-000210	はっきり 言 う て もう 弱者 で しょ う 、(F あのー)(F あのー)中 の 被害 者 は 。	はっきり言うてもう弱者でしょう、中の被害者は。	To say it bluntly, they were disadvantaged, the victims were.
LI-000308	(R うん)		
LI-000309	そう で す ね 。(R うん)	そうですね。	Yes.
SP-000211	一番 もう 特に ね 、 まだ 健康 な 人 と か ね 、 い い けど 、 もう 寝 た きり で ね 、 もう 何 も 抵抗 も ね 、(P)もう 赤子 の よう な ね 、(P)(F あのー)い う よう な 人 を ね 、(P)(R うん)被害 者 で しょ 、 みな 。	一番もう特にね、まだ健康な人とかね、いいけど、もう寝たきりでね、もう何も抵抗もね、もう赤子のようなね、いうような人をね、被害者でしょ、みな。	The first thing I would like to say is that, all the victims were people who were bedridden, who could not resist at all like babies. If they were at least healthy.
LI-000310	(R うん)		
LI-000311	(R うん)		
LI-000312	(R うん)		
LI-000313	(R うんうん)		
LI-000314	(R うんうん)		
LI-000315	そう で す よ ね 。	そうですよね。	Well.
LI-000316	(R うーん)		
LI-000317	そう で す よ ね 。 応戦 する 事 が 出来 な かっ た ん で す もん ね 。(R うんうん)	そうですよね。応戦する事が出来なかったんですもんね。	I see your point. The victims were not able to fight back.
SP-000212	そう 、 出来 ひん もん 。 そうそう そう そう そう そう 。	そう、出来ひんもん。そうそうそうそうそうそう。	They weren’t. It was entirely impossible to resist.
LI-000318	ほんと に(P)もう 最近 そう い う 話 が ちょこちょこ 起こ り ま す よ ね 、 こう 。	ほんとにもう最近そういう話がちょこちょこ起こりますよね、こう。	Actually, such kinds of incidents sometimes have been happening these days.
SP-000213	もう ちょこちょこ どころ か 、 多 い で す よ 。	もうちょこちょこどころか、多いですよ。	Not sometimes. Often, I think.
LI-000319	(R うーん)		
SP-000214	(F あの)例 の ね 、(F あのー)ちっちゃ い 子 と ね 、(F あのー)奈良 の(F あの)(F あの)県境 の 方 に(P)埋め られ と っ た で しょ 、 あの ちっちゃ い 子 。	例のね、ちっちゃい子とね、奈良の県境の方に埋められとったでしょ、あのちっちゃい子。	That reminds me of which a little kid was buried in around the border of Nara Prefecture. That little child.
LI-000320	(R はい)		
LI-000321	(R はい)		
LI-000322	(R はい)		
LI-000323	(F あ)(R はいはいはいうん)		
SP-000215	あんな ん も そう で しょ う 。	あんなんもそうでしょう。	That was one of those, I thought.
SP-000216	もう 何 も 抵抗 出来 な い ね 、 ほんま に ちっちゃ い 子 を ね 、 あんな 残酷 な ね 。	もう何も抵抗出来ないね、ほんまにちっちゃい子をね、あんな残酷なね。	The victim was a little kid who couldn’t fight back. How on earth could they do such a horrible thing?
LI-000324	(R うーん)		
LI-000325	(R うーん)		
LI-000326	そう で す よ ね 。	そうですよね。	Hmm.
SP-000217	普通 だっ た ら 考え られ な い わけ で す わ 、 あんな ん 。	普通だったら考えられないわけですわ、あんなん。	We, ordinary people, cannot fathom such things.
LI-000327	そう で す よ ね 。	そうですよね。	Well, yes
SP-000218	その 本人 さん が ね 、 どう い う ふう な 気持ち で し た か はね 、 定か で な い けど 、 普通 み たら あんな 事 を ね 。	その本人さんがね、どういうふうな気持ちでしたかはね、定かでないけど、普通みたらあんな事をね。	I cannot imagine the mental state of the criminal. I cannot do such a thing myself.
LI-000328	(R ふん)		
LI-000329	(R はい)		
LI-000330	そう で す 。	そうです。	Yes.
LI-000331	ね 。	ね。	Right.
SP-000219	ちょっと 多 すぎ ま す 、 確か に 。	ちょっと多すぎます、確かに。	Too many crimes have happened recently.
LI-000332	で す ね 。	ですね。	I think so, too.
SP-000220	もう 今年 に な っ て から も 結構 あ り ま す やん 。	もう今年になってからも結構ありますやん。	Quite a few of incidents have already occurred this year.
LI-000333	で す ね 、 本当 に 、 もう ひと つ 、 そう 、 だ から 、 大変 な 事 が 、 忘れ て ね 、 忘れ て は いけ な い よう な 事 も 、 忘れ て しま う 位 に 、 次 から 次 へ と 、 あ り ま す よ ね 、 もう どれ が どれ やら って い う 位 に 。	ですね、本当に、もうひとつ、そう、だから、大変な事が、忘れてね、忘れてはいけないような事も、忘れてしまう位に、次から次へと、ありますよね、もうどれがどれやらっていう位に。	Yes. There happened quite a lot one after another, so that we cannot remember every one of incidents, though we shouldn’t forget. I cannot tell one from the other.
SP-000221	(R えー)		
SP-000222	次 から 次 と 。	次から次と。	One after another.
SP-000223	そうそう そう そう そう 。	そうそうそうそうそう。	Yes, yes.
SP-000224	そうそう そう 。	そうそうそう。	Yes.
SP-000225	もう 、 そうそう そう そう 。	もう、そうそうそうそう。	You’re right.
LI-000334	ね 。	ね。	Yeah.
LI-000335	ほんと に 大事 な(F あの)小さな 命 も 沢山 ね 。	ほんとに大事な小さな命も沢山ね。	Too many precious small lives have been claimed.
SP-000226	そうそう そう そう 。	そうそうそうそう。	Yes, yes.
LI-000336	(R うーん)		
SP-000227	昨日 か 今日 で も あれ で しょ 、 ちっちゃ い 子 、(F あのー)ね 、 二 歳 、 あれ 何 歳 か な 、 ちっちゃ い 子 ね 、(P)(F あのー)(P)亡く し て しま っ た で しょ 。	昨日か今日でもあれでしょ、ちっちゃい子、ね、二歳、あれ何歳かな、ちっちゃい子ね、亡くしてしまったでしょ。	Well, an incident in which a little kid around 2 years old died today or yesterday.
LI-000337	(R はい)		
LI-000338	(R はい)		
LI-000339	(R はい)		
SP-000228	手 に かけ た で しょ 。	手にかけたでしょ。	The child was killed.
LI-000340	(F あ)(P)(R はいはい)		
SP-000229	(R はい)		
SP-000230	最近 も あ っ た で しょ 、 そんな ん 。	最近もあったでしょ、そんなん。	It happened quite recently, such.
LI-000341	(R ふーん)		
SP-000231	なんせ ね 、 もう 、 ちっちゃ い 、 寝屋川 も そう で しょ 、 寝屋川 の 子供 も ね 、 あんな もん 、 なん せ ちっさ い 子供 が ね 、 やっぱり 犠牲 な る と い う 事 が ね 、 残念 で す よ 。	なんせね、もう、ちっちゃい、寝屋川もそうでしょ、寝屋川の子供もね、あんなもん、なんせちっさい子供がね、やっぱり犠牲なるという事がね、残念ですよ。	Anyway, crimes involving small children, like the incidents happened in Neyagawa City, are really regrettable.
LI-000342	(R うん)		
LI-000343	(R はーいうん)		
LI-000344	そう で す ね 。	そうですね。	Ah, yes.
SP-000232	これ から の ね 、 もっと 成長 し て 行 っ て ね 、 場合 に よ っ て は ひょっと し た ら ね 、 その 子 が ね 、(P)わか ら ん けど 、 ノーベル 賞 と る か も わか ら ん 。	これからのね、もっと成長して行ってね、場合によってはひょっとしたらね、その子がね、わからんけど、ノーベル賞とるかもわからん。	They could have grown up to win the Nobel Prize. It might have happened. Nobody can tell.
LI-000345	(R うん)		
LI-000346	そう 。	そう。	Right.
LI-000347	そう で す よ ね 、 そうそう 。	そうですよね、そうそう。	Yes. You’re right.
SP-000233	将来 は 、(P)これ わか ら な い わけ で す わ 。	将来は、これわからないわけですわ。	But their futures never come.
LI-000348	(R うん)		
LI-000349	(R うん)		
SP-000234	ひょ と し て な る 可能 性 も あ る わけ や 、 可能 性 と し て は ね 。 そんな 子 を ね 、 もう ちっさ い うち に ね 、 芽摘 ん で し も て ね 、 命 た っ て しま う 事 を ね 。	ひょとしてなる可能性もあるわけや、可能性としてはね。そんな子をね、もうちっさいうちにね、芽摘んでしもてね、命たってしまう事をね。	They could have been. Nobody can deny their potential. They robbed such children’s futures, claimed their precious lives.
LI-000350	(R はーい)ね 。	ね。	Well.
LI-000351	(R うん)		
LI-000352	そう で す よ ね 。	そうですよね。	Right.
LI-000353	いっぱい の 可能 性 ね 、 無限 の 可能 性 を 持 っ て い る ん で す もの ね 。	いっぱいの可能性ね、無限の可能性を持っているんですものね。	Children have lots of potential, infinite potential.
SP-000235	そう 、 そうそうそう 、 そうそう 、 これ から の ね 、 日本 ね 、 場合 に よ っ て は 総理 大臣 な る 可能 性 あ る わけ で す わ 。	そう、そうそうそう、そうそう、これからのね、日本ね、場合によっては総理大臣なる可能性あるわけですわ。	Yes, yes, yes. That's right. They could, in some cases, have become a Prime Minister of Japan in the future.
LI-000354	(R うん)		
LI-000355	(R うん)		
SP-000236	ね 、 そう で しょ う 。	ね、そうでしょう。	That could happen.
LI-000356	で す よ ね 。(R うん)	ですよね。	Yeah.
SP-000237	ほんま に 今 おっしゃ っ た よう に 、 日本 ね 、 リード し て い く ね 、 人間 に(P)なれ る 方 も あ る わけ で す わ 、 中 に は 。	ほんまに今おっしゃったように、日本ね、リードしていくね、人間になれる方もあるわけですわ、中には。	As I mentioned, among them, there might have been someone to lead Japan.
LI-000357	(R うん)		
LI-000358	(R うんうん)		
LI-000359	それ を ね 。	それをね。	The buds had been nipped.
SP-000238	そうそう そう 。	そうそうそう。	Yes, yes.
SP-000239	やっぱり 命 を 、 動物 な ん で も そう や けど ね 、(P)命 やっぱり 無駄 に し た ら 駄目 で す ね 。	やっぱり命を、動物なんでもそうやけどね、命やっぱり無駄にしたら駄目ですね。	We mustn’t waste human lives, and those of course of animals as well.
LI-000360	(R うん)		
LI-000361	そう で す よ ね 。	そうですよね。	Right.
LI-000362	そんな(F あの)ほんと に ごくごく 当たり前 と 言 わ れ る よう な 事 が 、 なぜ 、 今 、 当たり前 じゃ な い ん で しょ う ね 。	そんなほんとにごくごく当たり前と言われるような事が、なぜ、今、当たり前じゃないんでしょうね。	Why do people not consider such very obvious things normal now?
SP-000240	それ が 問題 だ ね 。	それが問題だね。	That’s the question.
LI-000363	ね 。	ね。	Yes.
LI-000364	どこ で どう し て しま っ た ん で しょ う ね 。	どこでどうしてしまったんでしょうね。	Where did and how did such happen?
SP-000241	どう い う ふう に ね 、 歯車 が 狂 っ た か ね 。	どういうふうにね、歯車が狂ったかね。	Or, where did we get off track?
LI-000365	そう で す ね 。	そうですね。	Yes.
LI-000366	(F なんか)(P)誰 に 教え て もら っ た わけ じゃ な くっ て も 、 そう い う 事 を 学 ん で き た よう な 気 が する ん で す けど ね 。	誰に教えてもらったわけじゃなくっても、そういう事を学んできたような気がするんですけどね。	I feel that we have learned such things on our own without being told to do so.
SP-000242	(F あの)今 の 教育 の 一環 が どう や ろ う 。	今の教育の一環がどうやろう。	I'm not sure about the current education system.
LI-000367	(R うーん)		
SP-000243	その 先生 の ね 、 教え 方 と か 。	その先生のね、教え方とか。	Let’s say, the way to teach children.
LI-000368	(R うーん)		
LI-000369	(R うーん)		
SP-000244	昔 なんか で 先生 は もう 絶対 的 で しょ 。	昔なんかで先生はもう絶対的でしょ。	In the old days, teachers were absolute.
LI-000370	(R うーん)そう で す よ ね 。 もう 先生 に 言 う よ って 言 わ れ た ら 、?こわ い こわ い こわ い 。(L ふふふふ)	そうですよね。もう先生に言うよって言われたら、こわいこわいこわい。	Right. When someone told me, I'm telling the teacher, that was a dreadful phrase.
SP-000245	そうそう 。	そうそう。	Ah, that's right.
SP-000246	そうそうそう 、 そうそう そう 。	そうそうそう、そうそうそう。	Yes, they were.
SP-000247	一番 怖 かっ た で す もん 。	一番怖かったですもん。	I feared my teacher most.
LI-000371	そう で す よ ね 。(R うーん)先生 と おまわり さん ね 。	そうですよね。先生とおまわりさんね。	Yeah. Teachers and police officers were.
SP-000248	そうそう そう そう そう 。	そうそうそうそうそう。	Aha.
LI-000372	(R うーん)		
SP-000249	(F ま)おまわり さん 今 の 人 、 若 い もん も ね 、 怖 い けど 、 やっぱり 先生 なん か ね 、 もっと 威厳 持 っ て 欲し い 。	おまわりさん今の人、若いもんもね、怖いけど、やっぱり先生なんかね、もっと威厳持って欲しい。	Although the youngsters still fear the cops, I want teachers to behave with more dignity.
LI-000373	(R うん)		
LI-000374	(R うーん)		
SP-000250	らし く 、 先生 らし く し て 欲し い ね 。	らしく、先生らしくして欲しいね。	I want them to act as a teacher.
LI-000375	(R あー)		
SP-000251	あんな の 友達 感覚 や 。	あんなの友達感覚や。	Now, their attitude toward students are like those of friends.
LI-000376	(R うんうん)そう で す ね 。(R うん)	そうですね。	Yeah, right.
SP-000252	生徒 も 。	生徒も。	Also, students.
SP-000253	(R うん)		
SP-000254	やっぱり 先生 い う の は ね 、 ちょっと 一 段 上 の ね 、(P)人 より も?親 も それ を 教え な あ か ん 。	やっぱり先生いうのはね、ちょっと一段上のね、人よりも親もそれを教えなあかん。	Teachers must be at a higher position. Parents have to teach them about that.
LI-000377	そう で す ね 。	そうですね。	Okay.
LI-000378	(R うーん)		
SP-000255	親 も 、(P)先生 は こう い う もん や 言 う て 。	親も、先生はこういうもんや言うて。	Parents should tell them that teachers are such presence.
LI-000379	(R うーん)		
LI-000380	そう で す ね 。	そうですね。	Aha.
SP-000256	(R うん)		
LI-000381			
SP-000257	それ 親 の 教育 も 、 私 も ね 、(P)原因 や っ た と 。	それ親の教育も、私もね、原因やったと。	Thus, I think that parents might be blamed in part.
LI-000382	(R うん)		
LI-000383	(R うーん)		
SP-000258	親 も もう ちょっと ね 、 それ 夜中 ね 、 深夜 ね 、(F あの)徘徊 と か ね 、 子供 ら も あんな ん 。	親ももうちょっとね、それ夜中ね、深夜ね、徘徊とかね、子供らもあんなん。	Parents shouldn’t allow their kids to wander at night, at midnight.
LI-000384	(R うん)		
LI-000385	(R うん)		
LI-000386	(R はいはい)		
LI-000387	そう で す よ ね 。	そうですよね。	Aha.
SP-000259	(R うん)絶対 あんな んさ し た ら あ か ん 、 親 。	絶対あんなんさしたらあかん、親。	Parents must not let them do such things.
LI-000388	(R うーん)		
SP-000260	寝屋川 か っ て あれ ね 、 子供 を ね 、 あんな 夜 遅 う まで ね 、 外 に ね 、 遊ば し と る から あ か ん 。	寝屋川かってあれね、子供をね、あんな夜遅うまでね、外にね、遊ばしとるからあかん。	As for Neyagawa incident, the parent should be blamed for letting her kid play outside till so late at night.
LI-000389	(R うんうん)		
LI-000390	(R うん)		
SP-000261	もっと 親 の しつけ も ね 、 やっぱり 大事 。	もっと親のしつけもね、やっぱり大事。	Parental discipline is important, after all.
LI-000391	(R うん)		
SP-000262	(R うん)		
LI-000392	そう で す よ ね 。	そうですよね。	I agree.
SP-000263	(R うん)		
LI-000393	そんな 時間 に そこ に い な かっ た ら ね 、(P)普通 は い な い で す から ね 。(L ふふ)(R うんうん)	そんな時間にそこにいなかったらね、普通はいないですからね。	Unless she would not be at such a time. There should usually be no child there.
SP-000264	そうそう そう そう そう 。	そうそうそうそうそう。	Yeah, right.
SP-000265	普通 は あ り え へん 、 あんな とこ 、 時間 に ね 、 とこ で あんな ちっちゃ 子 が ね 、 特に 女の子?。	普通はありえへん、あんなとこ、時間にね、とこであんなちっちゃ子がね、特に女の子。	Normally, there shouldn’t be a little kid at such a place at that late at night, especially a girl.
LI-000394	そうそう そう 。(R うーん)そうそう そう そう 。 ね 。	そうそうそう。そうそうそうそう。ね。	Yes, yes, yes, yes.
SP-000266	男の子 は まだ ね 、?特に 女の子 も ね 、 あんな ん し た ら あ か ん 。	男の子はまだね、特に女の子もね、あんなんしたらあかん。	If the kid were a boy, but she was a girl. She should not have acted like that.
LI-000395	(R うーん)		
LI-000396	(R うんうーん)		
SP-000267	(R うん)		
SP-000268	もっと 親 も やっぱり 責任 が あ る 。	もっと親もやっぱり責任がある。	The parents must have more responsibilities.
LI-000397	(R うーん)そら そう で す よ ね 。	そらそうですよね。	Sure thing.
SP-000269	今 の 社会 。(R うん)	今の社会。	In this society.