LI-000001	お 願 い し ま す 。	お願いします。	I'm excited to have a talk with you.
LI-000002	改め ま し て ワダ と 申 し ま す 。	改めましてワダと申します。	Once again, my name is Wada.
SP-000001	(R はい)		
LI-000003	(R はい)よろしく お 願 い いた し ま す 。(L ふふふ)	よろしくお願いいたします。	Nice to meet you.
SP-000002	こちら こそ よろしく 。(R はい)	こちらこそよろしく。	Nice to meet you too.
LI-000004	外 、 今 、 寒 い で す か ？	外、今、寒いですか？	Is it cold outside?
SP-000003	寒 い で す よ 。	寒いですよ。	Yes, it is.
LI-000005	(F あ)そう で す か 。 なん か ここ から 見 て る(F なんか)向こう側 も くら く な っ て くる から 。	そうですか。なんかここから見てる向こう側もくらくなってくるから。	Really. From where I am, I see it's getting dark over there.
SP-000004	(R ええ)		
SP-000005	(R ええ)今日(F あの)風 が 冷た い で す 。(R はい)冷た い で す 。	今日風が冷たいです。冷たいです。	The wind is cold today. Cold.
LI-000006	ね 。	ね。	I agree.
LI-000007	お 昼間 は 割と 日差し が よ かっ た ん で す けど 。	お昼間は割と日差しがよかったんですけど。	It was quite sunny during daytime.
SP-000006	そうそう 、 午前 中 は ね 、(F ま)割と 温か っ た で す けど ね 。	そうそう、午前中はね、割と温かったですけどね。	Yes, it was relatively warm in the morning.
LI-000008	ね 。 もう 雲 が 出 て き ま し た ？(R はい)	ね。もう雲が出てきました？	I see. Is it already becoming cloudy?
SP-000007	(R ええ)寒 く な り ま し た ね 。	寒くなりましたね。	It's getting colder.
LI-000009	ね 。 この 辺り も(P)寒 い ん で しょ う ね 、 冷え る と 。	ね。この辺りも寒いんでしょうね、冷えると。	Yes. I guess it's chilly around here when it gets cold.
SP-000008	大体 、 大体 生駒 寒 い 。	大体、大体生駒寒い。	Generally, it's cold in Ikoma.
LI-000010	生駒 は 寒 い で す よ ね 。(R はい)	生駒は寒いですよね。	Yes, Ikoma is a cold place.
SP-000009	寒 い な 、 寒 い で す 。(P)(F ま)私 は 大阪 で し た から ね 、(R うん)十 年 位 前 は ね 。	寒いな、寒いです。私は大阪でしたからね、十年位前はね。	Cold, so cold. I used to live in Osaka about ten years ago.
LI-000011	(R はい)		
LI-000012	(R あー)		
SP-000010	ほんま に 寒 い 。(L いいふ)	ほんまに寒い。	So cold.
LI-000013	(R うーん)こっち 来 られ て 。	こっち来られて。	Since you came here?
SP-000011	ただ 、 夏 は ええ で す よ ね 。	ただ、夏はええですよね。	But, summer is pleasant.
LI-000014	(R あー)		
SP-000012	夏 は ほんと に(P)ほとんど(F あのー)夜 で も クーラー かけ ま せん もん ね 。	夏はほんとにほとんど夜でもクーラーかけませんもんね。	You hardly need an air conditioner even in the night during summer.
LI-000015	涼し い 。	涼しい。	So it's cool out there.
LI-000016	(F あ)そう で す か 。 やっぱり(F その)風通し が 良 い ん で しょ う ね 。	そうですか。やっぱり風通しが良いんでしょうね。	I see. I guess the air circulation is good in the area.
SP-000013	(R えーえー)		
SP-000014	風通し と 言 う ん で す か ね 、 なんか(P)やっぱり ちょっと(F あのー)あれ も 高 い ん で す わ ね 。(R うんうーん)	風通しと言うんですかね、なんかやっぱりちょっとあれも高いんですわね。	Not so much of air circulation but perhaps that's just higher.
LI-000017	気温 自体 も(F こー)(P)低 い ん で す か ね 。	気温自体も低いんですかね。	Is the temperature itself low?
LI-000018	(R うんうんうん)(F あの)土地 の 高 さ が あ る から 。	土地の高さがあるから。	Because of the high altitude?
SP-000015	ちょっと 生駒 山 の ちょっと 高 い ん か な 、 だ から ちょっと 、 一 度 か 二 度 は 、 二 度 位 違 う ん で しょ う か ね 。	ちょっと生駒山のちょっと高いんかな、だからちょっと、一度か二度は、二度位違うんでしょうかね。	I think Mount Ikoma is a bit higher, and that makes the place cooler, about one or two, maybe two degrees Celsius lower.
LI-000019	(F あ)(R はい)		
LI-000020	(R うーんうん)		
LI-000021	(R あー)自然 の 風 で(F こー)過ごせ る て い う の は 一番 で す ね 。	自然の風で過ごせるていうのは一番ですね。	Nothing is more pleasant than enjoying the natural wind.
SP-000016	そう で す ね 、 夏 は 快適 で す よ ね 。(R ええ)	そうですね、夏は快適ですよね。	Yes, Ikoma's summer is pleasant.
LI-000022	(R はー)そう で す か 。	そうですか。	Really. 
LI-000023	夏 は 住 み た い とこ 。	夏は住みたいとこ。	So it's a place where you'd like to spend your summer.
SP-000017	え ？ いやいや 、 もう 冬 で も え え で しょ う けど 、(L ふふ)暖房 も あ り ま す し ね 。(R えーえーえーえー)	え？いやいや、もう冬でもええでしょうけど、暖房もありますしね。	Eh? No, it would be nice in winter too, we have air conditioner.
LI-000024	(L あははは)夏 は 住 み た い 、(P)(L あはははは)そう で す 。	夏は住みたい、そうです。	Of course it's a place you'd like to spend your summer.
LI-000025	(R あーあ)そう で す ね 。(R はい)	そうですね。	I see.
LI-000026	あの ね 、 今日 は(F あのー)ちょっと 二 つ の お 話 に つ い て 、(F あの)何 か 思 わ れ る 事 を お 聞 き 出来 た ら って い う 事 な ん で す けど 、 一 つ は 、 昨年 の 十 二 月 に(F あの)ノーベル 賞 を(P)オオスミ さん が と ら れ ま し た 。	あのね、今日はちょっと二つのお話について、何か思われる事をお聞き出来たらっていう事なんですけど、一つは、昨年の十二月にノーベル賞をオオスミさんがとられました。	Well, I thought it would be nice to ask you if you have any notion on two topics today. One is about Mr. Ohsumi, who was awarded Nobel Prize last December.
SP-000018	(R はい)		
SP-000019	(R はい)		
SP-000020	(R はい)		
SP-000021	(R はい)貰 わ れ ま し た ね 。	貰われましたね。	He was awarded a prize.
LI-000027	(R はいはい)		
LI-000028	その 事 な ん で す けれど も ね 、(F あの)医学 生 理 学 賞 受賞 さ れ ま し た 。	その事なんですけれどもね、医学生理学賞受賞されました。	It's about that, he won the Nobel Prize in Physiology or Medicine.
SP-000022	(R うん)		
SP-000023	(R うん)		
LI-000029	七十 一 歳 で す 、 オオスミ さん 。(R はい)	七十一歳です、オオスミさん。	Mr. Ohsumi is 71 years old.
SP-000024	そう で す よ ね 。(R うん)	そうですよね。	Right.
LI-000030	(F ま)(F あのー)何 て 言 う ん で す か 、 研究 って い う の は 本当 に(P)どこ まで 続 く やら って い う 位 、(P)ね 、 先 が 見え る よう で 、 目的 は あ っ て も 、 見え な い とこ が あ る か も しれ な かっ たり 、 ほんと に それ を 一筋 に さ れ て き た(P)て い う とこ で の 、 今回 受賞 で す し ね 。(R うーんはーい)	何て言うんですか、研究っていうのは本当にどこまで続くやらっていう位、ね、先が見えるようで、目的はあっても、見えないとこがあるかもしれなかったり、ほんとにそれを一筋にされてきたていうとこでの、今回受賞ですしね。	I'm not sure if I can articulate it, but academic research takes forever. It always seems the exit is just out of reach. Or even if there's an objective, you might overlook something, and he became the laureate just in the middle of the journey.
SP-000025	(R うんうーん)		
SP-000026	(R うん)		
SP-000027	(R うんうんうん)そう で す よ ね 。(R うーん)	そうですよね。	Right.
LI-000031	同じ 位 の 世代 で いらっしゃ い ま す か ？	同じ位の世代でいらっしゃいますか？	Is he contemporary with you?
SP-000028	いえ いえ 、 僕 の 方 が だいぶ 上 で す よ ね 。	いえいえ、僕の方がだいぶ上ですよね。	No, I'm much older than him.
LI-000032	(F あ)オオスミ さん 。	オオスミさん。	Than Mr. Ohsumi?
SP-000029	私 、 昭和 十 三 年 で す の で 。(R えーえーえー)	私、昭和十三年ですので。	I was born in Showa 13.
LI-000033	十 三 年 。(R はい)	十三年。	Thirteen.
LI-000034	十 三 年 っ て お いく つ で す か ？	十三年っておいくつですか？	Showa 13, then how old are you?
SP-000030	え ？	え？	Huh?
LI-000035	十 三 年 て い う と 。	十三年ていうと。	By 13 you mean.
LI-000036	昭和 十 三 年 で す よ ね 。	昭和十三年ですよね。	Showa 13, right?
SP-000031	もちろん もちろん 。(R はい)	もちろんもちろん。	Of course.
LI-000037	(R はい)まだ お 若 い で す よ ね 。	まだお若いですよね。	You're still young, aren't you?
SP-000032	ほんな 事 は 無 い 、 もう 七十 八 に な り ま し た から 。	ほんな事は無い、もう七十八になりましたから。	Oh no, I'm already 78.
LI-000038	(F あ)そう で す か 。	そうですか。	Really.
SP-000033	そう で す よ 、 昭和 十 三 年 生まれ や っ た ら(P)七十 八 で す よ ね 。(R えーえーえー)	そうですよ、昭和十三年生まれやったら七十八ですよね。	Yes, born in Showa 13 means I'm 78.
LI-000039	七十 八 。	七十八。	Seventy-eight.
LI-000040	(F あ)そう で す か 。 全然 そんな 見え ま せ ん ね 、 いやいや 、 同じ 位 かな って 思 っ た ん で す 。	そうですか。全然そんな見えませんね、いやいや、同じ位かなって思ったんです。	Really. You don't look that old at all. I thought you were around the same age as Mr. Ohsumi.
SP-000034	いやいや いやいや 、 もう 。	いやいやいやいや、もう。	No, no, come on.
SP-000035	え ？	え？	Huh?
LI-000041	同じ 位 かな っ て 。	同じ位かなって。	Around the same age as Mr. Ohsumi.
SP-000036	いや 、 とんでも な い 、 とんでも な い で す 。	いや、とんでもない、とんでもないです。	No, no way.
LI-000042	だ から 七十 一 って い う と 、 七 つ 八 つ 下 に な る ん で す ね 。	だから七十一っていうと、七つ八つ下になるんですね。	Then 71 is seven or eight years younger than you.
SP-000037	いやいや 。(L ふふ)	いやいや。	Well, well.
SP-000038	いや 、 私 は もう 若 い 時 から ね 、 もう 白髪 で し て ね 。	いや、私はもう若い時からね、もう白髪でしてね。	Well, my hair has been white since I was young.
LI-000043	(R はい)		
LI-000044	(F あ)そう で す か 。	そうですか。	Really.
SP-000039	もう(F あのー)ほんと に(P)(F あのー)阪神 淡路 大 震災 の 時 に ね 、(P)ボランティア で 行 っ と っ た ら ね 、(F ま)あの 時 は いく つ 位 か や っ た か な 、 もう 二十 年 程 前 で す から ね 、 五十 代 や っ た けど も 、 ボランティア で 行 っ て 、 たまたま ね 、(P)足(F あのー)捻挫 し ま し て ね 、 ほんで 杖 ついと っ た もん や から ね 、(P)ある(L ふふ)(F あの)お ばあ ちゃん が 、(F あの)声 は 割と 若 かっ た みたい で ね 、 不思議 に 思 わ れ た ん で しょ う ね 、(P)あん さん お いく つ で す か って 言 わ れ て ね 、 ほな これ 反対 に ね 、(P)(F あの)いく つ に 見え ま す か 言 う た ら ね 、 八十 言 わ れ た 。(L ふふふふふ)	もうほんとに阪神淡路大震災の時にね、ボランティアで行っとったらね、あの時はいくつ位かやったかな、もう二十年程前ですからね、五十代やったけども、ボランティアで行って、たまたまね、足捻挫しましてね、ほんで杖ついとったもんやからね、あるおばあちゃんが、声は割と若かったみたいでね、不思議に思われたんでしょうね、あんさんおいくつですかって言われてね、ほなこれ反対にね、いくつに見えますか言うたらね、八十言われた。	Yeah, when I went to volunteer after Hanshin Awaji Earthquake disaster, which was almost 20 years ago...how old was I...I was in my 50s. While working as a volunteer, I sprained my leg and was walking with a stick. Then a granny who thought my voice was quite young quizzically asked my age. So I countered her with a question, How old do I look?, and she answered 80s.


LI-000045	(R はいはい)		
LI-000046	(R はい)		
LI-000047	そう で す ね 。(R はいはい)	そうですね。	Yep.
LI-000048	(R はい)		
LI-000049	(R はい)		
LI-000050	(R はい)		
LI-000051	(R はい)		
LI-000052	(L あふふ)		
LI-000053	(L ふっふ)		
LI-000054	(R はい)(L ふ)		
LI-000055	(L ふふ)(R はいはいはい)		
LI-000056	(R はい)		
LI-000057	(R はい)		
LI-000058	(R はい)		
LI-000059	(R はい)		
LI-000060	(R はい)		
LI-000061	(F あ)(R はい)		
LI-000062	(L うへへへふふふはは)		
SP-000040	五十 代 の 時 に 八十 言 わ れ て ね 、(P)がっくり し ま し た けど ね 、 もう もう 、 今 は もう 、(P)年 相応 に 見 られ る よう に な り ま し た けど ね 。(R えー)	五十代の時に八十言われてね、がっくりしましたけどね、もうもう、今はもう、年相応に見られるようになりましたけどね。	It was so disheartening, being labeled as 80 in my 50s. Well, now I look my age though.
LI-000063	(R はー)		
LI-000064	(F あ)そう で す か 。	そうですか。	Really.
LI-000065	(R うーん)		
LI-000066	(R あー)いやいやいや 、 歳 より 多分 若 く 見 られ る ん じゃ な い か と 思 い ま す ね 。	いやいやいや、歳より多分若く見られるんじゃないかと思いますね。	No, I think you look young for your age.
SP-000041	いや 、 いや 、 そんな 事 言 う て くれ はん の は(L は)初めて 。(L ふふふふ)大体 は(F あの)(P)年寄り に 見 られ ま す 。	いや、いや、そんな事言うてくれはんのは初めて。大体は年寄りに見られます。	Oh no, you're the first one who has told me so. Most of the time they see me as elderly.
LI-000067	そう で す か 、(F あ)そう で す か 。(R あー)	そうですか、そうですか。	Is that so?
LI-000068	(R あー)		
LI-000069	ね 、 だ から(F ま)少し じゃあ 下 に な り ま す けれど も 、(F あのー)(P)それ ぐらい の 、 で も 、 そ し た ら 十 三 年 って い う の は 、 戦争 の また(P)(F あの)ややこし い 年(P)で す か ？	ね、だから少しじゃあ下になりますけれども、それぐらいの、でも、そしたら十三年っていうのは、戦争のまたややこしい年ですか？	Well, that makes him younger, but around that generation, being born in Showa 13, that would mean you spent a tough wartime?
SP-000042	そう で す ね 、(F あのー)終戦 の 時 に 一 年 生 や っ た んか な 、 小 学校 一 年 生 で す ね 、(P)疎開 し て ま し た から ね 。	そうですね、終戦の時に一年生やったんかな、小学校一年生ですね、疎開してましたからね。	Yes, I was in first grade when the war ended. First grade, a wartime evacuee.
LI-000070	(R はい)		
LI-000071	(R あー)そう で す よ ね 。	そうですよね。	I see.
LI-000072	(R はい)		
LI-000073	(R はい)		
LI-000074	(R はいはい)		
LI-000075	そう 、 だ から(F あの)(P)ご 兄弟 で も 離れ て られ たり と か 、 それ ぐらい の 歳 の 方 って(F こー)(F あのー)(P)お 聞 き し た 事 が あ る ん で す けど 、 その 疎開 と か の 事 で ね 、 別々 に(F こー)住 ん で られ たり 。	そう、だからご兄弟でも離れてられたりとか、それぐらいの歳の方ってお聞きした事があるんですけど、その疎開とかの事でね、別々に住んでられたり。	Yes, and I heard about people of this generation who had to live apart from their brothers and sisters. You know, because of the evacuation, had to be separated.
SP-000043	(R うんうん)		
SP-000044	(R うーん)		
SP-000045	そうそう 、 私 も(P)(F あの)弟 が 、 四 人 兄弟 で す けど 、 一人 の 弟 が 別 の とこ で(P)(F あの)(R はい)お り ま し て ね 。(R はいー)	そうそう、私も弟が、四人兄弟ですけど、一人の弟が別のとこでおりましてね。	Yes, I have three brothers, but one of them lived in another place.
LI-000076	(F あ)(R はい)		
LI-000077	(F あ)そう で す か 。	そうですか。	Really.
LI-000078	(R はい)		
SP-000046	だ から 、 大阪 で 一緒 に(P)(F あの)兄弟 で(F ええ)楽し かっ た ちゅ う か 、 もう 、 嬉し かっ た 事覚え て ま す わ 。(R えーえーえーえーえー)	だから、大阪で一緒に兄弟で楽しかったちゅうか、もう、嬉しかった事覚えてますわ。	So I recall living happy in Osaka, together with my brothers.
LI-000079	(R はい)		
LI-000080	(R あー)		
LI-000081	だ から 終戦 に な っ て から 、 また 皆 さん ご 一緒 に な ら れ た 。	だから終戦になってから、また皆さんご一緒になられた。	So you all reunited after the war.
SP-000047	いや 、 弟 が(F あの)一人 だけ 、 四 人 兄弟 で 、 私 、 長男 で 、 次男 坊 が ちょっと(P)(F ま)(F あのー)そっち の 方 が え え 言 う て 、 そっち は その 子 だけ が そこ へ 預け られ て 。(R えーえー)	いや、弟が一人だけ、四人兄弟で、私、長男で、次男坊がちょっとそっちの方がええ言うて、そっちはその子だけがそこへ預けられて。	No, one of the siblings, you know, I'm the first son in the family, but the second son preferred the family he was with during the war, so he left us.
LI-000082	(R はい)		
LI-000083	(R はい)		
LI-000084	(R はい)		
LI-000085	(R あーはいはいはい)		
SP-000048	ほん で 一番 下 は 戦後 の 生まれ で す から 。(R えー)	ほんで一番下は戦後の生まれですから。	And, the youngest sibling was born after the war.
LI-000086	(R はーい)		
LI-000087	(F あ)そう で す か 。	そうですか。	Really.
SP-000049	三 番 目 は まだ 小さ い で す から 、 母親 の とこ に お っ た ん で しょ う ね 。	三番目はまだ小さいですから、母親のとこにおったんでしょうね。	The third sibling was still young then, so I guess he was with our mother.
LI-000088	(R うーんうーん)		
LI-000089	(R うーんうーんうーんうーんうーん)		
LI-000090	ね 。	ね。	I see.
SP-000050	そう で す ね 。	そうですね。	Right.
LI-000091	男の子 ばっかり で す か ？	男の子ばっかりですか？	No sisters?
SP-000051	男 四 人 。	男四人。	Four brothers.
LI-000092	(R あー)(L はは)		
SP-000052	男 四 人 。	男四人。	Four brothers.
LI-000093	(R えー)		
LI-000094	で も(F あの)それ ぐらい の 時代 だっ た から 良 かっ た で す ね 、 男の子 四 人 だっ た ら 、 もう ちょっと 、 皆 さん が 早く に 生まれ て られ た ら 、(P)戦争 に 行 か な い と いけ な く(P)ね 、(P)な っ て た ら 。	でもそれぐらいの時代だったから良かったですね、男の子四人だったら、もうちょっと、皆さんが早くに生まれてられたら、戦争に行かないといけなくね、なってたら。	Yet, it was fortunate you were born in that era, because if all of you boys were born a bit earlier, people would have told you to go to the front.
SP-000053	そう で す よ ね 、(P)そう で す よ ね 、 ね 、 もう 、 もう 、 で す から 私 なんか の 場合 は 割と ね 、(P)そんな 戦後 で も そんな に(P)(F あのー)不 自由 し た こと あ り ま せ ん もん ね 。(R えー)案外 ああ い う 時代 で も 。	そうですよね、そうですよね、ね、もう、もう、ですから私なんかの場合は割とね、そんな戦後でもそんなに不自由したことありませんもんね。案外ああいう時代でも。	I agree, yes, so true, I was relatively free from privations even during that post-war era. Surprisingly, in such a period.
LI-000095	(R はい)		
LI-000096	そう で す ね 。(R はい)	そうですね。	I see.
LI-000097	そう で しょ う ね 。(R うんうん)	そうでしょうね。	I suppose so.
SP-000054	(R うーん)(F ま)(F あの)幸せ や な と 思 い ま す よ ね 。(R うーん)	幸せやなと思いますよね。	I think I was lucky.
LI-000098	(R はー)		
LI-000099	(R はい)		
LI-000100	もう ちょっと の 違い で ほんと に(F あの)人生 が 全然 違 う って い う 年 で し た から ね 。	もうちょっとの違いでほんとに人生が全然違うっていう年でしたからね。	A minor time-lag had a big impact on people's lives those days.
SP-000055	そう で す 、 だ から ほんと に そう い う ん で は 、(P)私 なんか で は もう 七十 八 で す けれど も 、(P)(F あのー)恵まれ て る 方 で しょ う ね 、 喜 ば な あ か ん と 思 て ま す 。(R はいはい)	そうです、だからほんとにそういうんでは、私なんかではもう七十八ですけれども、恵まれてる方でしょうね、喜ばなあかんと思てます。	Yes, so in that sense, I should say I'm blessed to have made it to this age, 78. I must be grateful about it.
LI-000101	(R はい)		
LI-000102	(R あー)		
LI-000103	(R はい)		
LI-000104	そう で す ね 。(R うーん)	そうですね。	I see.
LI-000105	ご 兄弟 は 今 も ご 健在 で す か ？	ご兄弟は今もご健在ですか？	Are your brothers doing well?
SP-000056	いえ いえ 、 もう 、 両親 で す か ？	いえいえ、もう、両親ですか？	Oh no, are you talking about my parents?
LI-000106	ご 兄弟 。	ご兄弟。	Your brothers.
SP-000057	(F あ)兄弟 は 皆 、 健在 、 健在 、(L ふ)(P)皆 、 健在 で す 。(R はい)(F あのー)全部 、 嫁 さん も 皆 、(P)健在 で す から ね 。(R うーん)?	兄弟は皆、健在、健在、皆、健在です。全部、嫁さんも皆、健在ですからね。	My brothers are well, all doing well. All of them, including their wives.
LI-000107	(R あーあーあー)(L ふふ)		
LI-000108	(R はい)		
LI-000109	(R あー)よろし い で す ね 。 何 より で す ね 。(R うーん)	よろしいですね。何よりですね。	That's nice. Glad to hear that.
LI-000110	で 、 また(F あの)こう い う 、 この 方 も で す けれど も ね 、(F その)(P)ここ に き て 花 が 咲 い た みたい な ね 、(F その)(P)この オオスミ さん ね 。	で、またこういう、この方もですけれどもね、ここにきて花が咲いたみたいなね、このオオスミさんね。	OK, then this guy, a researcher, his talent has blossomed after all these years.
SP-000058	は い ？	はい？	Huh?
SP-000059	(R はいはい)		
LI-000111	(R はい)		
LI-000112	(F あの)若 い 頃 は 多分 も う 、 その 研究 研究 ずっと ずっと で ね 、(P)で 、(F あのー)ある 程度 の 年齢 に な っ て やっぱり すこし それ を(F こー)また 、 ゆっくり み る よう な 事 が 出来 る よう に な る 年齢 に な っ て って い う 、(P)そこ で の(F あの)(F ま)受賞 。	若い頃は多分もう、その研究研究ずっとずっとでね、で、ある程度の年齢になってやっぱりすこしそれをまた、ゆっくりみるような事が出来るようになる年齢になってっていう、そこでの受賞。	He has devoted himself to his research since his youth, and when he reached a certain age, when he was able to begin analyzing the topic thoroughly again, he was awarded the Prize.
SP-000060	(R うん)		
SP-000061	(R うん)		
SP-000062	(R うん)		
SP-000063	(R うん)		
LI-000113	(R うーん)		
LI-000114	で 、(P)何 より だ な と は 思 う ん で す けど ね 。(R はい)	で、何よりだなとは思うんですけどね。	I thought that was nice.
SP-000064	そう で す ね い 。 ああ い う 方 が 貰 わ れ る ちゅ う の は 、 そら(P)(F あの)ほんと に 我々 、 我々 も 嬉 し な り ま す ね 。(R えーえーえー)	そうですねい。ああいう方が貰われるちゅうのは、そらほんとに我々、我々も嬉しなりますね。	Right. Such a person being awarded makes us so happy, too.
LI-000115	そう で す ね 。(R うーん)	そうですね。	Right.
SP-000065	ちょうど(F あの)娘 が おんなじ 、(F あの)この 方 は 神奈川 県 の 大磯 と い う とこ で ね 、(P)住まい?私 と この 娘 も(P)(F あのー)結婚 し て 、 今 、 大磯 に お る ん で 、 そんな ん で ちょっと(P)(F あ)おんなじ とこ に 住 ん で は ん ねん な っ て 言 う て き て 、 ほん で 娘 、 娘 に 電話 し て 知 っ て る か 言 う た ら 、 全然 知 ら ん 言 う て ま し た 。	ちょうど娘がおんなじ、この方は神奈川県の大磯というとこでね、住まい私とこの娘も結婚して、今、大磯におるんで、そんなんでちょっとおんなじとこに住んではんねんなって言うてきて、ほんで娘、娘に電話して知ってるか言うたら、全然知らん言うてました。	This man lives in Oiso in Kanagawa prefecture just like my married daughter who is living in Oiso now. I thought he lives in the same town as my daughter does, so I called my daughter if she knew him, but she said she had no idea who he was.
LI-000116	(R はい)		
LI-000117	(R あーはい)		
LI-000118	(R はい)		
LI-000119	(F あ)そう な ん で す か 。(R はい)	そうなんですか。	Really.
LI-000120	(R あー)そう で し た 。	そうでした。	Aha.
LI-000121	(L あははははふふふ)そう で す か 。(R へー)	そうですか。	I see.
SP-000066	(R えーえーえー)そんな ん で ちょっと 印象 に 残 っ て?。	そんなんでちょっと印象に残って。	Because of the incident, he left quite an impression on me.
LI-000122	(R あー)(F あの)残 っ て られ る ん で す ね 。(R ふーん)	残ってられるんですね。	He left an impression.
SP-000067	(R えー)		
LI-000123	(F あの)オオスミ さん も 四 人 兄弟 みたい で す よ 。	オオスミさんも四人兄弟みたいですよ。	I heard Mr. Ohsumi also has three brothers.
SP-000068	(R あー)そう な ん で す か ね 。	そうなんですかね。	Is that so?
LI-000124	(R はい)の 末っ子 さん だ そう で す よ 。	の末っ子さんだそうですよ。	He's the youngest.
SP-000069	(R あー)そう な ん で す か 。(R へー)	そうなんですか。	Really.
LI-000125	(R はい)		
SP-000070	ええ 奥 さん で す よ 。	ええ奥さんですよ。	His wife is such a nice person.
LI-000126	(R あー)ね 、(F あ)そう で す ね 、 ほんと に ね 。	ね、そうですね、ほんとにね。	Yes, I agree, really.
SP-000071	ね 、 いや 、 テレビ で み た 。(R うんうんうん)	ね、いや、テレビでみた。	Yes, well, I saw her on TV.
SP-000072	で す ね 。(R うん)	ですね。	Aha.
LI-000127	(F こう)お 二人 とも が 、 こう 、 なん て 言 う ん で しょ う 、(F あの)素朴 な 方 で 。	お二人ともが、こう、なんて言うんでしょう、素朴な方で。	Both of them are, like, down-to-earth.
SP-000073	(R ええ)(F ああのー)そんな 感じ で す ね 、 もう 全然 えら ば る ちゅ う こと 無し に ね 。(R うん)	そんな感じですね、もう全然えらばるちゅうこと無しにね。	I see them that way too, they never act arrogantly.
LI-000128	ね 。	ね。	Right.
LI-000129	そうそう そうそう 、 ね 。	そうそうそうそう、ね。	Yes, yes, I know.
LI-000130	ほんと に(F こー)(F あの)人間 味 の あ る(F こー)そう い う 方 で ね 。	ほんとに人間味のあるそういう方でね。	Really, they are so humane.
SP-000074	(R えーうんうん)そう で す ね 。 全然 、 そう い う 点 で は ほんと の ええ 研究 者 で ね 。	そうですね。全然、そういう点ではほんとのええ研究者でね。	Right. In that sense, he's a superb scholar.
LI-000131	(R うーんうん)		
LI-000132			
LI-000133	そう で す ね 。	そうですね。	Right.
SP-000075	ほんで コツコツ や ら れ て 、 ほい で そう い う 報 わ れ る っ ちゅ う の は 、 すご い 事 で す よ ね 。(R えーうん)	ほんでコツコツやられて、ほいでそういう報われるっちゅうのは、すごい事ですよね。	It's amazing, studying diligently and then getting paid off.
LI-000134	(R はーい)		
LI-000135	(R うん)		
LI-000136	ね 。(R ふーん)	ね。	Right.
SP-000076	と 思 い ま す ね 。(R うーん)	と思いますね。	I think so.
LI-000137	ね 、 また そう い う 事 が また 次 、 次 の 世代 へ ね 、(F こー)(P)(F あのー)の 目標 に も な っ て(P)い く ん じゃ な い か な て い う 。	ね、またそういう事がまた次、次の世代へね、の目標にもなっていくんじゃないかなていう。	Such an event will become a guiding light for the next generation.
SP-000077	(R うん)		
SP-000078	(F あ)そら そう で す よ ね 。 そう い う ふう に な っ て い か な い と ね 、(P)(F あのー)繋が り ま せ ん し ね 。(R うーん)ね 。	そらそうですよね。そういうふうになっていかないとね、繋がりませんしね。ね。	Of course. That's the way it should be, passing on to the future.
LI-000138	(R うーん)		
LI-000139	(R うーん)		
LI-000140	そう で す ね 。	そうですね。	I agree.
SP-000079	だ から ほんと に(P)い い 、(F まー)い い 、(P)コツコツ や ら れ て そう?って い っ て(F あの)幸せ や な と 思 わ れ て る で しょ う ね 。(R うーんうーん)	だからほんとにいい、いい、コツコツやられてそうっていって幸せやなと思われてるでしょうね。	So, it's a really good thing, working diligently and getting rewarded. I guess he's happy.
LI-000141	(F あ)(R はい)		
LI-000142	(R はい)		
LI-000143	そう で す ね 。(R うん)良 かっ た で す よ ね 。	そうですね。良かったですよね。	Right. Good for him.
SP-000080	そんな 派手 な(F あのー)仕事 で は あ り ま せ ん もん ね 。(R うん)ね 、 オオスミ 。	そんな派手な仕事ではありませんもんね。ね、オオスミ。	His job is not a flashy one. Mr. Ohsumi's job, isn't it?
LI-000144	そう で す ね 。(R うん)	そうですね。	I agree.
LI-000145	そう で す 、 ほんと に ね 、 そう い う 事 が な けれ ば 、(F こー)に 出 て くる よう な(P)ね 。	そうです、ほんとにね、そういう事がなければ、に出てくるようなね。	I agree, really. If there was no such a thing, they wouldn't have noticed.
SP-000081	ね 。	ね。	Right.
SP-000082	まあまあまあ 、 我々 は 絶対 知 る って い う 事 の 無 い 、 で しょ う ね 。	まあまあまあ、我々は絶対知るっていう事の無い、でしょうね。	Well, it might have been something we would have never known.
LI-000146	で す よ ね 、 全く 知 ら な い 所 で(F こー)進め られ る よう な 事 で す もの ね 。	ですよね、全く知らない所で進められるような事ですものね。	I agree, it's something that's being tackled in a place we'll never know.
SP-000083	(R うんうん)ね 。(R うん)	ね。	Right.
LI-000147	(R うーんうーん)		
LI-000148	ね 。 だ から よほど 。	ね。だからよほど。	That is definitely right.
SP-000084	ヤマナカ 先生 は ここ に お ら れ た 、(L ふふ)ね 。(L ふふ)	ヤマナカ先生はここにおられた、ね。	Dr. Yamanaka was here.
LI-000149	(R あー)ヤマナカ 先生 ね 。(R はい)(L ふふ)	ヤマナカ先生ね。	Dr. Yamanaka.
SP-000085	ね 。	ね。	Right.
LI-000150	ヤマナカ 先生 も 、 もう ちょっと お 若 い で す から 、 それ は それ で また ね 、 あの 方 は あの 方 で 、 ほんと に(F こー)身近 に もっと 感 じ られ る 、(F その)若 い 世代 の 方 が 多 い ん じゃ な い か と 思 う ん で す けど ね 。(R うーん)	ヤマナカ先生も、もうちょっとお若いですから、それはそれでまたね、あの方はあの方で、ほんとに身近にもっと感じられる、若い世代の方が多いんじゃないかと思うんですけどね。	Dr. Yamanaka is a bit younger, so I believe young people feel more familiar with him.
SP-000086	そう で す ね 、 そう で す ね 。	そうですね、そうですね。	Yes.
SP-000087	あの 人 と は 、 ほん で あの 先生 は ほんと に(F あの)(P)(F あのー)えら ば る って こと 、 偉 そう に する って い う 事 な い で す し ね 。	あの人とは、ほんであの先生はほんとにえらばるってこと、偉そうにするっていう事ないですしね。	He is never arrogant, never looking down on people.
LI-000151	(R うーん)		
SP-000088	皆 の おかげ や っ て い う て は って 、 ね 、 大した もん で す ね 。(R うーん)	皆のおかげやっていうてはって、ね、大したもんですね。	He's really swell, thanking everybody when he won the Nobel Prize.
LI-000152	(R うーん)		
LI-000153	そう で す ね 。	そうですね。	Aha.
LI-000154	そう で す ね 。	そうですね。	Aha.
SP-000089	せ や から 、 ああ い う 先生 が ちょっと で も ここ に お ら れ た って い う の は 、 我々 生駒 市民 と し て は ものすご く 。	せやから、ああいう先生がちょっとでもここにおられたっていうのは、我々生駒市民としてはものすごく。	So, he really makes our Ikoma community proud. Having such a scholar in here.
LI-000155	(F あ)生駒 に お ら れ た ん で す か ？	生駒におられたんですか？	Was he living in Ikoma?
SP-000090	いえ いえ 、 ここ へ お ら れ た ん で しょ 。	いえいえ、ここへおられたんでしょ。	Well, he was here, right?
LI-000156	(F おあ)ここ の 学校 ？	ここの学校？	A school in this area?
SP-000091	先端 技術 大学 の(P)助 教授か な(P)って 、 研究 が 。(R あー)ご 存知 じゃ な かっ た 。(R あー)	先端技術大学の助教授かなって、研究が。ご存知じゃなかった。	I thought he was an Associate Professor of Institute of Science and Technology doing research there. Didn't you know that?
LI-000157	(F あ)そう で し た か 。	そうでしたか。	Is that so?
LI-000158	(R はい)		
LI-000159	私 ご 存知 じゃ な い ん で す よ 。(L うひひはは)(R はい)	私ご存知じゃないんですよ。	No, I didn't know that.
SP-000092	(R あー)そう 、(R あー)そう で す か 。 ここ に お ら れ た ん 。(R えーえー)	そう、そうですか。ここにおられたん。	Ah, really. He was here.
LI-000160	(R あー)そう で す か 。	そうですか。	Really.
LI-000161	(R へー)		
SP-000093	あの 人 は お 医者 、 ね 、 医者 や っ た ん や けれど も 、 研究 が し た い 言 う の で こっち へ 入 ら れ て 、 や ら れ た ん で す よ ね 。	あの人はお医者、ね、医者やったんやけれども、研究がしたい言うのでこっちへ入られて、やられたんですよね。	He was a doctor, see, a doctor, but wanted to do research and that's why he came here.
LI-000162	(R うん)		
LI-000163	(R うん)		
LI-000164	(F あ)(R はー)		
LI-000165	(R うーんうーんうーん)		
SP-000094	ちょっと 位 の 時間 、 あんまり ようけお ら れ な かっ た ん じゃ な い か な と 思 い ま す けど ね 。(R えー)	ちょっと位の時間、あんまりようけおられなかったんじゃないかなと思いますけどね。	He was here temporarily, I don't think he was here for a long time.
LI-000166	やっぱり 。	やっぱり。	Just as I thought.
LI-000167	(R あー)		
SP-000095	言 う た ら 、 テレビ で も 言 う て は り ま し た 。 ここ で(P)(F ま)(F あの)研究 者 と し て 研究 が 始め られ た の が 、(P)一番 最初 、 それ が 研究 の 始め や から 、(P)ありがた かっ た と 言 う て は り ま し た ね 。	言うたら、テレビでも言うてはりました。ここで研究者として研究が始められたのが、一番最初、それが研究の始めやから、ありがたかったと言うてはりましたね。	After all, like he himself said in a TV interview. He began his life as a scholar here, which was the very beginning of research so he said he was grateful for that.
LI-000168	(F あ)(R はい)		
LI-000169	(R はい)		
LI-000170	(R はい)		
LI-000171	(R はーあー)		
LI-000172	(R あーあー)		
LI-000173	ね 。	ね。	Oh.
LI-000174	だ から すご い 方 は(F まー)何 を さ れ て も すご い ん で しょ う けど ね 。	だからすごい方は何をされてもすごいんでしょうけどね。	Well, an amazing person might be amazing in everything he does.
SP-000096	(R うん)		
LI-000175	で も 一 つ の 事 を 貫 く 、 その(P)事 だけ で も すご い で す よ ね 。 なかなか ね 。	でも一つの事を貫く、その事だけでもすごいですよね。なかなかね。	Being able to stick something the whole time, it is just amazing in itself. I mean it's pretty difficult.
SP-000097	そう 。	そう。	Right.
SP-000098	そう で す ね 。	そうですね。	Yep.
LI-000176	色んな 事 が あ る と ね 、(P)ついつい(F こー)(P)(F あの)折れ そう に な る 事 も あ る で しょ う けれど ね 。(R うーん)	色んな事があるとね、ついつい折れそうになる事もあるでしょうけれどね。	Sometimes people tend to feel like giving up when all sorts of things happen.
SP-000099	そう で す ね 、 そう で す ね 。	そうですね、そうですね。	Right. 
LI-000177	ね 。	ね。	I suppose so.
LI-000178	だ から(F あの)最近 そう い う 日本 の(P)方 が 沢山(P)(F あのー)ノーベル 賞 と ら れ たり と か ね 、(P)日本 人 が 世界 へ って い う 、(P)(R はい)事 が 多 く な っ て ね 。	だから最近そういう日本の方が沢山ノーベル賞とられたりとかね、日本人が世界へっていう、事が多くなってね。	Yet recently there are so many Japanese who win a lot of Nobel Prizes, and have global success.
SP-000100	そうそう そう そう そう そうそう 、 ね 。	そうそうそうそうそうそうそう、ね。	Yes, yes, yes, right.
SP-000101	(R うん)そう で す よ ね 。	そうですよね。	True.
SP-000102	(R うーん)		
SP-000103	だ から 、(P)若 い 人 が やっぱり え え 目標 に な っ て 、 また 私 ら も って い う 希望 も あ る し ね 、(P)そら もう 日本 人 と し て ありがた い 事 で す ね 。	だから、若い人がやっぱりええ目標になって、また私らもっていう希望もあるしね、そらもう日本人としてありがたい事ですね。	So, if young people become role models, that encourage us too, sure, so as a Japanese, I am for them.
LI-000179	(R うーん)		
LI-000180	(R うーんうーん)		
LI-000181	(R うーん)そう で す ね 。	そうですね。	I agree.
SP-000104	ね 。	ね。	Right?
LI-000182	で 、 そう い う 若 い 人 達 って い う の を 、 また 、 大事 に し な い と って い う よう な とこ も あ る の に 、 この 相模原 の(F あの)やまゆり 園 の(P)障害 者 施設 で の(P)(F あの)ね 、 とんでも な い 悲惨 な 事件 で す けれど も 。	で、そういう若い人達っていうのを、また、大事にしないとっていうようなとこもあるのに、この相模原のやまゆり園の障害者施設でのね、とんでもない悲惨な事件ですけれども。	While we must respect young people, there was an extremely distressing case, the case of Yamayuri En, an institution for the disabled in Sagamihara.
SP-000105	?ね 。	ね。	Right.
LI-000183	(R はい)		
LI-000184	こう い う 事 が で も 、(P)違 う 所 で は こう い う 事 が 起こ っ て しま う 。	こういう事がでも、違う所ではこういう事が起こってしまう。	In other places, things like that happen.
SP-000106	そう で す よ ね 。 そう で す よ ね 。(R うん)	そうですよね。そうですよね。	I know.
LI-000185	(R はい)		
LI-000186	ね 。	ね。	Yes.
LI-000187	もちろん(F あの)良 い こと ばっかり じゃ な い で す けれど も ね 。(R うーん)	もちろん良いことばっかりじゃないですけれどもね。	No doubt that there always are good things though.
SP-000107	そら もちろん ね 。	そらもちろんね。	Of course. 
SP-000108	そう で す ね 。	そうですね。	Yes, that's right.
LI-000188	で も ちょっと 理解 し がた い 事件 って い う の も 、 最近 多 い で す ね 。	でもちょっと理解しがたい事件っていうのも、最近多いですね。	There have been many incomprehensible cases recently.
SP-000109	そら ほんと に ちょっと 多 い で す ね 。(F あの)ええと 言 う 、 特に(P)(F あの)お 母 さん が 自分 の 子供 を 、(F その)ね 、(P)(F と)(F あのー)命 と る とか ちゅう なん が 多 い で しょ 、 あれ は もう ほんま に 考え られ な い で す よ ね 。(R うーん)	そらほんとにちょっと多いですね。ええと言う、特にお母さんが自分の子供を、ね、命とるとかちゅうなんが多いでしょ、あれはもうほんまに考えられないですよね。	That's rather too many. Yes, especially moms taking away the lives of their own kids. That is just unbelievable.
LI-000189	(R うーん)		
LI-000190	(R うーん)		
LI-000191	(R うん)		
LI-000192	(R うん)		
LI-000193	(R うん)		
LI-000194	考え られ な い で す よ ね 。	考えられないですよね。	Unbelievable.
SP-000110	(F ま)そんな 人 ばっかし や な い で しょ う けど ね 。(R うーん)	そんな人ばっかしやないでしょうけどね。	Of course not all moms are like that.
LI-000195	(R うーん)もちろん そう で す けど 、 で も(F あの)そう い う ほんと に 血 の 繋が っ た 、 血縁 の 中 で の そう い う(F あの)喧嘩 、(P)いざこざ が ね 、(P)もう(F あの)殺人 的 な とこ に 発展 し て しま う って い う 事 は 、 結構 あ り ま す よ ね 。	もちろんそうですけど、でもそういうほんとに血の繋がった、血縁の中でのそういう喧嘩、いざこざがね、もう殺人的なとこに発展してしまうっていう事は、結構ありますよね。	Of course not. However, there have been problems among blood relatives that unfolded into homicide.
SP-000111	(R うん)		
SP-000112	あ り ま す よ ね 。 それ が ほんと に ちょっと 、(P)(F ま)そう い う 報道 を 余計 する から か も しれ ま せ ん けど も 。	ありますよね。それがほんとにちょっと、そういう報道を余計するからかもしれませんけども。	Yes. Maybe because the news coverage of such cases is excessive, you feel there are so many cases. 
LI-000196	(R はい)		
LI-000197	(R あー)		
LI-000198	(R うーん)		
SP-000113	(F ま)そんな 昔 は 無 かっ た よう な 気 が し ま す けど ね 。 ね 。(R うーん)	そんな昔は無かったような気がしますけどね。ね。	I have a feeling there were no such cases in the past. 
LI-000199	そう で す よ ね 。 その 他人 同士 で の(F こー)喧嘩 が そう い う ふう に って い う の は ね 、(P)別 と し て ね 、 家族 の 中 で の(F ま)喧嘩 が 、 そう い う ところ へ 発展 する と い う の は(P)もう(P)普通 は 考え られ な い 。	そうですよね。その他人同士での喧嘩がそういうふうにっていうのはね、別としてね、家族の中での喧嘩が、そういうところへ発展するというのはもう普通は考えられない。	Yes. Trouble among strangers aside, it's unusual for family trouble to turn so ugly.
SP-000114	(R うーんうーん)それ も あ り ま す けど 。 そうそう そう 。	それもありますけど。そうそうそう。	It's true. Yes.
SP-000115	?		
SP-000116	(R うん)まず 考え られ ま せ ん ね 。(R えー)ね 。	まず考えられませんね。ね。	Unbelievable, to begin with.
LI-000200	で す よ ね 。	ですよね。	I agree.
SP-000117	と 思 い ま す ね 。	と思いますね。	That's what I think.
LI-000201	ね 。	ね。	Aha.
LI-000202	で す から 、 そう い う の も ほんと に 多 い で す し 、 この(F あのー)(P)なん で こんな 事 が って い う よう な 、(F こー)なん で って い う よう な 理 不尽 な ね 。	ですから、そういうのもほんとに多いですし、このなんでこんな事がっていうような、なんでっていうような理不尽なね。	Yes, there have been murders among family members and other senseless cases that make us ask Why is this happening?, too.
SP-000118	は い ？	はい？	Huh?
SP-000119	そうそう 、 なん で って 言 う の が 多 い で す よ ね 。(P)なん で って 言 う の が ほんと に 多 い で す よ ね 。(R うーん)	そうそう、なんでって言うのが多いですよね。なんでって言うのがほんとに多いですよね。	Yes, we see many senseless cases. There are just so many senseless cases.
LI-000203	ね 。(R はーい)	ね。	Right.
LI-000204	ね 。	ね。	Right.
LI-000205	(R はーい)		
LI-000206	もう(F あの)聞 く だけ で(F こー)なん と も 、 何 も 言え な く な っ て しま う よう な 、(P)悲惨 な 事 が ね 。(R うーん)	もう聞くだけでなんとも、何も言えなくなってしまうような、悲惨な事がね。	There is distressing news, making us to be at loss for words the moment we hear it.
SP-000120	そう で す よ ね 。 そう で す よ ね 。	そうですよね。そうですよね。	True. 
SP-000121	ほんで 特に 一番 私ら 今 思 い ま す の は 、(P)(F あのー)学校 の 小学 生 中学 生 が いじめ られ て 、(P)また(F そのー)自分 で 命 を 無く す と い う 事 が 多 い もん で す から ね 。	ほんで特に一番私ら今思いますのは、学校の小学生中学生がいじめられて、また自分で命を無くすという事が多いもんですからね。	We are most concerned about the bullied elementary and middle school students who take their own lives. There have been so many of them.
LI-000207	(R はい)		
LI-000208	(R はい)		
LI-000209	(R はい)		
LI-000210	(R うーん)		
LI-000211	(R はーい)		
SP-000122	そう い う 点 も やっぱし 、 せっかく もら っ た 命 や から 、(P)お 父 さん お 母 さん の 気持ち 考え た ら 、 自分 の 命放 す ちゅ う よう な とこ 、(P)考え へん の かい な って い う よう な 事 も 、 考え ま す ね 。(R うーん)ね 。	そういう点もやっぱし、せっかくもらった命やから、お父さんお母さんの気持ち考えたら、自分の命放すちゅうようなとこ、考えへんのかいなっていうような事も、考えますね。ね。	As to that point, I wonder if those students did ever think about their parents--who gave them their lives--before committing suicide, before ending the life. 
LI-000212	(R うーん)		
LI-000213	そう で す よ ね 。	そうですよね。	I see.
LI-000214	そう で す ね 。 そう な ん で す よ ね 。	そうですね。そうなんですよね。	Yes. That's true.
LI-000215	誰 か の 事 を 思 っ たら 出来 な い 事 って 沢山 あ る と 思 う ん で す けど ね 。	誰かの事を思ったら出来ない事って沢山あると思うんですけどね。	I think there are many things that you wouldn't do if you think about others.
SP-000123	そう で す よ ね 。 せっかく ね 、 貰 っ た 命 で す の で ね 。	そうですよね。せっかくね、貰った命ですのでね。	True. We should not spend our lives given by our parents in vain.
LI-000216	(R うん)そう 。	そう。	Right.
LI-000217	(R うーんうんうん)		
SP-000124	なん と か そう い う ね 、(R うーん)困難 を 乗り切 っ て ね 、(F えー)し て 、 し て 欲し い な と 言 う よう な 、 これ は 思 う 。	なんとかそういうね、困難を乗り切ってね、して、して欲しいなと言うような、これは思う。	I really want them to overcome hardship.
LI-000218	そう で す ね 。	そうですね。	Right.
LI-000219	そう で す よ ね 。	そうですよね。	True.
LI-000220	ね 。 ほんと に そう で す ね 。	ね。ほんとにそうですね。	Yes. Seriously.
SP-000125	(R うーん)思 い ま す よ ね 。(R うーん)	思いますよね。	That's what I think.
LI-000221	(R うーんうーんうん)		
LI-000222	誰 で も(F あの)ね 、 長 い 人生 生き て れ ば 、 一 度 や 二 度 、 そう い う 事 あ り ま す もの ね 。	誰でもね、長い人生生きてれば、一度や二度、そういう事ありますものね。	Everyone would face an obstacle once or twice in a long life.
SP-000126	(F あ)それ は ね 、(P)(F あの)おっしゃ る 通り 、(F あのー)そんな え え こと ばっかし じゃ な い で す けれど も 、(P)やっぱし そう い う 事 を ね 、 ただ 、(P)昔 は(F あのー)子供 、 兄弟 なん か も 多 い から 、 そう い う 点 で 揉 ま れ ま す で しょ 。	それはね、おっしゃる通り、そんなええことばっかしじゃないですけれども、やっぱしそういう事をね、ただ、昔は子供、兄弟なんかも多いから、そういう点で揉まれますでしょ。	Like you said, life is not always fun, and everyone should be aware of that. But in the old days, there were many kids in society and siblings at home, so the kids were knocked around and became tough.
LI-000223	(R うん)		
LI-000224	そう で す 、 そう で す 。(R うーん)	そうです、そうです。	Yes.
LI-000225	だ から 。	だから。	So.
LI-000226	ところ を ね 。(R うーん)	ところをね。	As to that point.
LI-000227	(R うーん)		
LI-000228	(R あー)そう で す ね 。	そうですね。	Yes.
SP-000127	今 は やっぱ し 、 そら 、 一人っ子 と か そんな ん で 、?で 、(F ま)そう い う 点 で は(P)(F あの)人 を 思 う と い う 事 が 、 やっぱし あれ かな って い う の は 、 わか り ま せ ん けど 。	今はやっぱし、そら、一人っ子とかそんなんで、で、そういう点では人を思うという事が、やっぱしあれかなっていうのは、わかりませんけど。	Nowadays, maybe having no siblings makes it hard for kids to imagine themselves in another's place, I don't know.
LI-000229	(R うーん)		
LI-000230	(R あー)		
LI-000231	いやいや 、 確か に そう で す ね 。	いやいや、確かにそうですね。	Well, I think that's true.
SP-000128	そんな 感じ は し ま す ね 。(R うん)(F まー)もう 我々 の 時代 なんか 、 親 なんか 、 生き る の ん 精 一杯 で し た から 、(P)我々 そんな 構 っ て もらえ る ちゅ う な 事 、(R うーん)そんな に 今 考え て 、(P)(F あのー)学校 行 く の で も こちら が 選 ん で 、(L ふふふふふ)通 っ たで ちゅ う て 、(L へっへ)言 う て た 方 で す から ね 。(R えー)	そんな感じはしますね。もう我々の時代なんか、親なんか、生きるのん精一杯でしたから、我々そんな構ってもらえるちゅうな事、そんなに今考えて、学校行くのでもこちらが選んで、通ったでちゅうて、言うてた方ですからね。	I feel that way. When we were young, our parents were too busy supporting the households. We weren't cared for that much. We made decisions alone and went to school of our own accord.
LI-000232	そう で す ね 。	そうですね。	I agree.
LI-000233	(R うーんうーんうん)		
LI-000234	(R あー)そう で す よ ね 。 そう で す 、 そう で す 。	そうですよね。そうです、そうです。	I see. I agree.
LI-000235	(R うーんうん)		
LI-000236	(F あ)(R はー)		
LI-000237	そう で す よ ね 。 もっと(F あの)子供 が サバイバル で し た ね 。	そうですよね。もっと子供がサバイバルでしたね。	I see. Kids in those days had a rougher time. 
SP-000129	そう で す よ ね 。 そ や から 。(P)(R うーん)	そうですよね。そやから。	True. That's why.
LI-000238	(F あ)(R はーい)		
LI-000239	もっと(F あの)(F あの)野放し で し た から ね 、 い い 意味 で ね 。	もっと野放しでしたからね、いい意味でね。	They were raised in a hands-off style, in a good way.
SP-000130	(R うーん)もう 、(R うーん)そう い う 意味 で(P)(F あのー)かえって 親 に そう い う 事 無し に 、 自分 で やっぱ ある 程度(P)何 が え え か 悪 い か ちゅう な 事 が 、 自然 に 分か っ た の か な と 思 い ま す けど ね 。(R うーん)	もう、そういう意味でかえって親にそういう事無しに、自分でやっぱある程度何がええか悪いかちゅうな事が、自然に分かったのかなと思いますけどね。	Without the parents interfering, kids in those days were able to grasp to an extent the do's and don'ts naturally.
LI-000240	(R うん)		
LI-000241	(R うーん)		
LI-000242	そう で す ね 。	そうですね。	I see.
LI-000243	(R うーん)		
LI-000244	(R うーん)		
LI-000245	そう で す ね 。	そうですね。	I see.
SP-000131	(F ま)(F あのー)それ が 良 かっ た と も 言 う 。 今 、 そう い う 点 で は 案外 、 過 保護 で 、(P)(R うーん)で(F あのー)ちょっと そう い う 事 は 心配 し ま す ね 。(R うーん)	それが良かったとも言う。今、そういう点では案外、過保護で、でちょっとそういう事は心配しますね。	I think that was a merit. Nowadays, parents are actually overprotective, which makes me worry about their kids' future.
LI-000246	そう で す ね 。	そうですね。	I see.
LI-000247	(R うーん)		
LI-000248	そう で す ね 。 折れ やす い の か も しれ ま せ ん ね 。	そうですね。折れやすいのかもしれませんね。	I see. Now they get easily discouraged.
SP-000132	ちが い ま す か ね 。(R うーん)	ちがいますかね。	I'm not off the mark, right?
LI-000249	(R うーんうーん)		
LI-000250	だ から 、 折れ や す かっ たり 、(F その)ちょっと 、 今 で 言 う 切れ やす い って い う(F その)ね 、(P)どっち か が ちょっと 強 い よう に 思 い ま す ね 。	だから、折れやすかったり、ちょっと、今で言う切れやすいっていうね、どっちかがちょっと強いように思いますね。	So the they either get easily discouraged or in today's expression, easily pissed off. Either of the two aspects seems to show strongly.
SP-000133	(R うんうん)		
SP-000134	(R うん)		
SP-000135	(R うん)そう で す ね 、 だ から 、(P)自分 の 命 も 大事 で す けど 、(P)友達 と か そう い う のんも 皆 、 親 から 貰 っ た 命 で す から 、 そこ に 、 また 大事 に せ な い かん って い う ね 、(P)そう い う 気持ち が ね 、 お 互い に 持て れ ば(P)い い ん で す けど ね 。(R うんうん)と 、 思 い ま す ね 。(R うーん)	そうですね、だから、自分の命も大事ですけど、友達とかそういうのんも皆、親から貰った命ですから、そこに、また大事にせないかんっていうね、そういう気持ちがね、お互いに持てればいいんですけどね。と、思いますね。	Yes. Of course your life, which your parents provided, is priceless. Meanwhile, your friends' lives were all provided by their parents, so you must treat them with respect. I hope such mutual respect to be nurtured.
LI-000251	(R うーん)		
LI-000252	そう で す よ ね 。	そうですよね。	I agree.
LI-000253	(R うーん)		
LI-000254	(R うん)		
LI-000255	(R うーん)		
LI-000256	そう で す ね 。	そうですね。	You're right.
LI-000257	(R うーん)		
LI-000258	なかなか ね 。	なかなかね。	Really deep.
LI-000259	ほんと に 難し い で す けど 、 やっぱり そう い う 大事 な もの を きちんと 伝え て い か な い と 、(P)大変 な 事 に な り ま す ね 。	ほんとに難しいですけど、やっぱりそういう大事なものをきちんと伝えていかないと、大変な事になりますね。	It's really tough, but we must keep on telling such important message. Otherwise, there will be serious consequences.
SP-000136	(R うーん)		
SP-000137	(R うーん)		
SP-000138	そう で す ね 。 おっしゃ る 通り で す ね 。 それ は(P)やっぱり 我々 の 、 今 、 年寄り の 一 つ の また 務め か な と い う こと 、 思 い ま す ね 。(R えー)ね 。	そうですね。おっしゃる通りですね。それはやっぱり我々の、今、年寄りの一つのまた務めかなということ、思いますね。ね。	Right. I agree with you. I think sending such messages is one of us old people's missions. Isn't it?
LI-000260	(R うん)		
LI-000261	(R うーんうん)		
LI-000262	(R うーん)		
LI-000263	そう で す ね 。 ぜひ ぜひ(F なんか)(F こー)ね 、 教え て あげ て ほし い な って 思 い ま す ね 。	そうですね。ぜひぜひね、教えてあげてほしいなって思いますね。	I agree. I truly would like you to pass on the message.
SP-000139	(R うーん)		
SP-000140	そう で す ね 。(R うーんうーん)そう 。	そうですね。そう。	I guess. Yeah.
LI-000264	若 い 人 達 、 子供 達 に ね 。(R うんうん)	若い人達、子供達にね。	To the younger generation, to the kids.
SP-000141	そう で す ね 。	そうですね。	Yeah.
LI-000265	沢山 色んな 経験 ね 、(F あの)さ れ て き て る 方 達 が 、 やっぱり 話 さ れ る 事 と 、(P)は 違 い ま す もの ね 。	沢山色んな経験ね、されてきてる方達が、やっぱり話される事と、は違いますものね。	After all, the words told by people who'd been through so many things mean a lot.
SP-000142	そう で す ね 。(F ま)せ や けど 、 こう い う 時代 で も 、 また そう い う 、 ちゃんと する 子 も あ り ま す し ね 、(P)(F えー)もう 強 い 子 も 、 もっと もっと(P)(F あの)つら い い う 事 が あ っ て も 、(P)(F あのー)頑張 る 子 もようけお る わけ で す から ね 。(R うーん)	そうですね。せやけど、こういう時代でも、またそういう、ちゃんとする子もありますしね、もう強い子も、もっともっとつらいいう事があっても、頑張る子もようけおるわけですからね。	Yeah. However, there are kids who live honestly even in this time and age. There are so many strong kids who strive even when they're in hardships that are harder than the ones we've been through.
LI-000266	(R うーん)		
LI-000267	まあ ね 。	まあね。	You could say that.
LI-000268	(L うふふふ)		
LI-000269	(R うーんうん)		
LI-000270	(R うーん)そう で す ね 。	そうですね。	I see.
LI-000271	なかなか 、 何 か(F あの)(F え)教育 的 な 事 と か を さ れ て たり は し ま し た ？ 教育 に 関わ っ て られ たり と か 。	なかなか、何か教育的な事とかをされてたりはしました？教育に関わってられたりとか。	Your words are full of wisdom. Have you been involved in education? Like, involved in teaching?
SP-000143	え ？	え？	Eh?
SP-000144	(F あの)今(F あのー)そんな ん は 教育 に 関わ っ て 、 今 ね 、(F あ)そう い う 点 で 、(P)(F あのー)学校 の 方 へ ね 、(P)(F あのー)小 学校 、 我々 、(F あの)私 が?守口 市 、 大阪 の 守口 市 で 五十 何 年 お っ て 、(P)ほい で 、(F ま)そこ ら 仲間 が お り ま す の で 、 小学(P)校 の 学校 に ね 、(P)(F あの)そう い う 命 の 絆 って 言 う ね 、(P)(F あのー)親 に 感謝 し ま しょ 、 家族 に 感謝 し ま しょ って い う 作文 を 書 い て もら う と い う(P)の を 今 や っ て ま し て ね 。	今そんなんは教育に関わって、今ね、そういう点で、学校の方へね、小学校、我々、私が守口市、大阪の守口市で五十何年おって、ほいで、そこら仲間がおりますので、小学校の学校にね、そういう命の絆って言うね、親に感謝しましょ、家族に感謝しましょっていう作文を書いてもらうというのを今やってましてね。	Oh, I'm now involved in school education. I had lived in Moriguchi City in Osaka for around 50 years, and I have friends over there. We're now organizing an essay project in elementary schools. We instruct the kids to write an essay on familial bonds, to thank their parents and family.
LI-000272	(R はい)		
LI-000273	(R はい)		
LI-000274	(R はい)		
LI-000275	(R はい)		
LI-000276	(R はい)		
LI-000277	(R はい)		
LI-000278	(R はい)		
LI-000279	(R はい)		
LI-000280	(R はい)		
LI-000281	(R はい)		
LI-000282	(R はい)		
LI-000283	(F あ)そう な ん で す か 。 なんか 、 なん か 違 う な と 思 っ た ん で す よ 。(R はい)なに か 。(R はい)	そうなんですか。なんか、なんか違うなと思ったんですよ。なにか。	I see. No wonder I felt your words were extraordinary.
SP-000145	いえ いえ 、 そう じゃ なし に 、(F あの)そんな ん で 、(P)(F あのー)六千 人(F あの)小学 生 い て る ん で す 、 全校 に(P)あの(P)作文 の 応募 、 応募 用 紙 渡 し ま し て ね 、 もちろん 、(F あの)教育 委員 会(P)が 指導 し て 頂 い て 、 守口 市 も(F あの)応援 し て 頂 い て 、 この 三 月 十 二 日 に(P)(F あのー)その 表彰 会 が あ る ん で す 。(R ええ)	いえいえ、そうじゃなしに、そんなんで、六千人小学生いてるんです、全校にあの作文の応募、応募用紙渡しましてね、もちろん、教育委員会が指導して頂いて、守口市も応援して頂いて、この三月十二日にその表彰会があるんです。	Oh no. Well, so there are 6,000 elementary schoolchildren there. We handed out applications to all schools. The students are instructed by the Board of Education. We also have Moriguchi City's support, and there will be a commendation ceremony on March 12th.
LI-000284	(R はーい)		
LI-000285	(R はい)		
LI-000286	(R はいはい)		
LI-000287	(R はい)		
LI-000288	(R はい)		
LI-000289	(R はい)		
LI-000290	(R うんうん)		
LI-000291	(R はい)		
LI-000292	(F あ)そう な ん で す か 。 もう 集ま っ て(F あの)選考 。	そうなんですか。もう集まって選考。	Really. Then you are now selecting the essays gathered?
SP-000146	いいえ 、 それ が 今度 、(F あの)冬休み の 宿題 と い う こと に(P)(F あのー)教育 委員 会 から さ れ た ら い い で す よ っ と 言 っ て もら っ て 、 それ で?。	いいえ、それが今度、冬休みの宿題ということに教育委員会からされたらいいですよっと言ってもらって、それで。	No, actually the writing is homework for next winter vacation. We had the Board of Education instruct the kids that way.
LI-000293	締め切り 。	締め切り。	So the deadline is drawing near.
LI-000294	(R あー)なるほど 。	なるほど。	I see.
LI-000295	(R うーん)		
LI-000296	(R はーい)		
LI-000297	(R はい)		