LI-000001	す い ま せ ん 。 よろしく お 願 い し ま す 。 す い ま せ ん 、 どう も 。	すいません。よろしくお願いします。すいません、どうも。	Excuse me. It’s a pleasure to meet you. Excuse me, thanks.
SP-000001	(R はい)こちら こそ 、 よろしく お 願 い し ま す 。	こちらこそ、よろしくお願いします。	Nice to meet you, too.
LI-000002	今日(F ですね)(F あのー)(P)とって も 、 新聞 記事 を ちょっと 見 て お り ま し て 。	今日とっても、新聞記事をちょっと見ておりまして。	I was reading a newspaper article today.
SP-000002	(R はい)		
SP-000003	(R はい)		
LI-000003	(R はい)とって も 良 い お 話 が ちょっと あ っ た ん で す けれど も 、 それ を ちょっと お 話 を さ し て も う て よろし い で しょ う か ？	とっても良いお話がちょっとあったんですけれども、それをちょっとお話をさしてもうてよろしいでしょうか？	I read a very good story, so may I talk about that story?
SP-000004	(R はい)		
SP-000005	はい 、 お 願 い し ま す 。	はい、お願いします。	Yes, please.
LI-000004	(R はい)		
LI-000005	(F えーっとですね)がん 細胞 が(P)増殖 する 仕組み を(P)(F えー)(P)ちょっと(F こ)(F あのー)増殖 を 抑え よう と 言 う 薬 が(P)開発 さ れ る か も 分か ら な い と 言 う こと な ん で す 。	がん細胞が増殖する仕組みをちょっと増殖を抑えようと言う薬が開発されるかも分からないと言うことなんです。	They said a new medical drug could be developed which would limit the proliferation of cancer by controlling its mechanism.
SP-000006	(R うん)(R うん)(R うん)(R うん)(R うん)(R うん)		
LI-000006	(R はい)		
LI-000007	(F あのー)(P)ここ に 書 い た の は すご く 難し い ん で ね(L え)、 あれ な ん で す けれど も 。	ここに書いたのはすごく難しいんでね、あれなんですけれども。	The story written in here was very difficult for me.
SP-000007	(R うふーん)(R うん)(R うん)		
LI-000008	(F あの)読 ん で ま す と 、 そう 言 う 感 じ な ん で す けれど も 。	読んでますと、そう言う感じなんですけれども。	So that's the gist of the news.
LI-000009	(F えーっと)		
LI-000010	ストレス 、(F えー)(P)この(P)< ＩＥＲ	ストレス、このIER5	Stress, this IER5
SP-000008	(R はい)		
LI-000011	され た そう な ん で 、(P)(F えー)眼科 と の 関連 は 知 ら れ て い な かっ た そう で す 。	されたそうなんで、眼科との関連は知られていなかったそうです。	It seems that the relationship with ophthalmology was not well known.
SP-000009	(R はい)(R はい)		
SP-000010	(R あー)		
LI-000012	で も この 分析 の 結果 、 大腸 がん 、 胃 がん 、(P)腎臓 がん 、 失礼 し ま す 、 腎臓 がん 、 卵巣 がん など 、 さまざま な 種類 の がん 細胞 で 正常 組織 より 量 が 増え て い た そう で す 。	でもこの分析の結果、大腸がん、胃がん、腎臓がん、失礼します、腎臓がん、卵巣がんなど、さまざまな種類のがん細胞で正常組織より量が増えていたそうです。	However, as a result of this analysis, it seems that cancer cells of various kinds such as colorectal cancer, stomach cancer, kidney cancer, ovarian cancer, etc. increased more than normal tissue.
SP-000011	(R うん)		
SP-000012	(R うん)		
LI-000013	この < ＩＥＲ	このIER5	This IER5
SP-000013	(R うーん)		
LI-000014	この 、(P)これ に よ り ま す と 、 < ＩＥＲ	この、これによりますと、IER5	This, according to this, IER5
SP-000014	(R うん)		
SP-000015	(R うーん)		
SP-000016	(R うん)		
LI-000015	これ から また 薬 が 作 ら れ て い く そう で す けれど も 、(P)(F あの)脳 腫瘍 と か 、 膀胱 がん や 脳 腫瘍 なんか で も 、(P)(F あのー)この < ＩＥＲ 動 い て な い 方 は 、(P)やはり(P)(F あのー)死亡 率 が(P)低 い そう で す 。	これからまた薬が作られていくそうですけれども、脳腫瘍とか、膀胱がんや脳腫瘍なんかでも、このIER5動いてない方は、やはり死亡率が低いそうです。	They say new drugs are to be developed in the future. They also stated that patients suffering from brain cancer and also bladder cancer with inactive cancer cells have low death rate.
SP-000017	(R うん)		
SP-000018	(R うーん)		
SP-000019	(R うーん)(R んー)		
LI-000016	(R はい)		
LI-000017	あんまり(F あの)な ら な い みたい な ん で す けれど も 。	あんまりならないみたいなんですけれども。	It seems not to be so likely.
SP-000020	(R うん)		
LI-000018	(R ねー)こんな 良 い お 話 が あ る ん で す けれど も 。	こんな良いお話があるんですけれども。	So that was our upbeat topic for today.
LI-000019	(R ねー)がん って 怖 い で す もん ね 。	がんって怖いですもんね。	Cancer is scary, is it not?
SP-000021	(R うーん)		
SP-000022	そう や な 。 ほんで そう 言 う 薬 が 、 そう 言 う の が 開発 さ れ た ら ね 、(P)(F あのー)やっぱり 日本 の 人口 、(F なー)だいぶ がん の 、 それ が 早め に 早期 な 、(F あれ)治療 でき る や ろ う し 。(P)そう 言 う の が でき る よう に な れ ば な 、 一般 に も(P)出回 っ て 誰 で も が その 内 あれ でき た ら 、(P)そら もう な 、 これ から の 。	そうやな。ほんでそう言う薬が、そう言うのが開発されたらね、やっぱり日本の人口、だいぶがんの、それが早めに早期な、治療できるやろうし。そう言うのができるようになればな、一般にも出回って誰でもがその内あれできたら、そらもうな、これからの。	Right. If such a drug is developed, a lot of people in Japan will be able to undergo cancer treatment earlier, also it would be great that if this goes on the market and everyone can use it.
LI-000020	(R ねー)		
LI-000021	(R はい)		
LI-000022	(R はい)		
LI-000023	(R えー)		
LI-000024	(R んー)		
LI-000025	(R はい)		
LI-000026	(R ねー)		
SP-000023	で 、 今 がん が ごっつ 大概 何 人 か に 一人 、 四 人 に 一人 ぐらい と か 何 か 言 う で しょ 、 がん の あれ ね 。	で、今がんがごっつ大概何人かに一人、四人に一人ぐらいとか何か言うでしょ、がんのあれね。	Now people say that about one out of four people are having cancer or something.
LI-000027	いらっしゃ い ま す もん ね 。	いらっしゃいますもんね。	There are many patients suffering from cancer.
LI-000028	(R はい)		
SP-000024	だ から 、 そら 、 そう 言 う の が 開発 でき た ら な 。	だから、そら、そう言うのが開発できたらな。	I really hope that such drug will be developed
LI-000029	(R うーん)		
SP-000025	(L わはは)		
LI-000030	本当 に ね 、 嬉し い で す よ ね 。(R うーん)(F もー)	本当にね、嬉しいですよね。	I'd be so happy if such drug is developed.
SP-000026	嬉し い こと や もん ね 。	嬉しいことやもんね。	Me too.
LI-000031	(R ねー)私 の 身内 で も たくさん い ま す し ね 。	私の身内でもたくさんいますしね。	Many in my family are suffering from cancer.
SP-000027	そう や 。	そうや。	Yes.
LI-000032	(F も)悲し い 思い も し て き ま し た し 。	悲しい思いもしてきましたし。	I've been through heartbreaking moments.
SP-000028	いや 、(F あのー)現に 僕 の 家内 が 今 乳がん で す ん や 。 ほん で 治療 し て る ん や けど ね 。	いや、現に僕の家内が今乳がんですんや。ほんで治療してるんやけどね。	My wife is suffering from breast cancer and is undergoing treatment now.
LI-000033	(R はい)		
LI-000034	(R うん)		
LI-000035	(F あ)そう な ん で いらっしゃ い ま す か 。	そうなんでいらっしゃいますか。	Is that so?
LI-000036	(R うーん)		
SP-000029	やっぱり 抗がん 剤 、(F あのー)(P)手術 は ちょっと あれ だっ た から(P)抗がん 剤 で 、 診察 を 受け た 時 は もう ステージ 四 ぐらい と 言 わ れ た ん や けど ね 。	やっぱり抗がん剤、手術はちょっとあれだったから抗がん剤で、診察を受けた時はもうステージ四ぐらいと言われたんやけどね。	She wanted to avoid surgery, so she is on an anticancer drug treatment. When my wife got a consultation, her doctor told me that cancer is Stage 4.
LI-000037	(R はい)		
LI-000038	(R あー)そう で す か 。	そうですか。	Is that so?
SP-000030	ほんで 、 抗がん 剤 し だ し て から(P)その(P)抗がん 剤 が よう 効 い て ね 。 ほんで 、 だいぶ(P)効 い て 、 効 い て ね 。	ほんで、抗がん剤しだしてからその抗がん剤がよう効いてね。ほんで、だいぶ効いて、効いてね。	When she was treated with anticancer drugs, they worked well, quite well for her cancer.
LI-000039	(R はい)		
LI-000040	(R あー)良 かっ た で す ね 。	良かったですね。	Good for her.
LI-000041	(R はい)		
SP-000031	あんまり もう 三 年 に な る けど 、 最初(P)二、三 年 前 に それ は がん と 言 う の が 分か っ た 時 は もう 頭 が こんなん に な っ て 、 真っ白 に な っ て な 。	あんまりもう三年になるけど、最初二、三年前にそれはがんと言うのが分かった時はもう頭がこんなんになって、真っ白になってな。	It has been three years since my wife was diagnosed with breast cancer. I was dumbfounded when I first heard about her cancer a couple of years ago.
LI-000042	(R はい)		
LI-000043	(R はい)		
LI-000044	(R はい)		
SP-000032	もう ほんま に 、(P)最初 レントゲン を 見 た 時 は 、 もう あっちこっち 肺 に まで 転移 し て た から 、(P)もう こら 一 年 も も たん の と ちゃ う か っ て 一瞬 思 う た ん や けど 。	もうほんまに、最初レントゲンを見た時は、もうあっちこっち肺にまで転移してたから、もうこら一年ももたんのとちゃうかって一瞬思うたんやけど。	When I first saw her X - rays, I found that there were many cancers in her lungs and body, so I thought for a moment that she would not survive for a year.
LI-000045	(R はー)そう で す か 。	そうですか。	Is that so?
LI-000046	(R はい)		
SP-000033	それ から 抗がん 剤 を 打 っ て(P)治療 し た から 、 抗がん 剤 が お陰 さん で 効 い て くれ て ね 。	それから抗がん剤を打って治療したから、抗がん剤がお陰さんで効いてくれてね。	When my wife received anticancer drug treatment, the anticancer drug worked well for her illness.
LI-000047	(R はい)		
LI-000048	(R はい)		
SP-000034	ほんで 、 その 肺 と か そう 言 う の の ちっさ い 細胞 が 効 い て し も う て 。 ほんで 、(R うん)今 は(P)まだ(P)(F ま)入院 は し て な い けど 、 月 に 三 回 ほど 行 っ て 、 もう 抗がん 剤 は 終わ り ま し た ん や 。	ほんで、その肺とかそう言うののちっさい細胞が効いてしもうて。ほんで、今はまだ入院はしてないけど、月に三回ほど行って、もう抗がん剤は終わりましたんや。	There were no small cancer cells in the lungs. She is not hospitalized now, but she goes to the hospital three times a month. Her anti-cancer drug treatment is over.
LI-000049	(R あー)		
LI-000050	(R やー)		
LI-000051	(R はい)		
LI-000052	(R はい)		
LI-000053	(F あ)(P)良 かっ た で す ね 。	良かったですね。	That's good.
SP-000035	(R うん)ほんで 、 あと 、(R うん)あと その 抑え る 薬 や ね 、 その 治療 を 行 っ て る けど ね 。	ほんで、あと、あとその抑える薬やね、その治療を行ってるけどね。	She has received treatment to control the recurrence of cancer.
LI-000054	(R うーん)(R ふーん)		
LI-000055	(R あー)		
SP-000036	(R えー)けど 、 こう 言 う の が(P)開発 でき る もん で し た ら ね 、(P)そら 一番 嬉し い こと や ね 。(R うん)	けど、こう言うのが開発できるもんでしたらね、そら一番嬉しいことやね。	However, if such drug can be developed, nothing is more delightful.
LI-000056	(R うーん)		
LI-000057	ほんと で す よ ね 。	ほんとですよね。	Truly.
LI-000058	(R うーん)		
LI-000059	(R ねー)(F その)		
SP-000037	でき て 欲し い で す わ 。	できて欲しいですわ。	I hope the medicine will be developed.
LI-000060	(R ねー)ストレス やら は 、 私 ら は(F も)日常 に あ り ま す もん ね 。	ストレスやらは、私らは日常にありますもんね。	There's stress everywhere in our daily lives, don't you think so?
SP-000038	(R うん)		
SP-000039	(R そう)(R そう)(R そう)(R そう)		
SP-000040	大概 の 女性 なんか な 、 いろんな 乳がん 、 乳がん と か よう(P)何 か 多 い みたい で 。	大概の女性なんかな、いろんな乳がん、乳がんとかよう何か多いみたいで。	I hear many women suffer from numerous of cancer types, as well as various types of breast cancer.
LI-000061	(R ふーん)(R ふーん)		
LI-000062	多 い で す よ ね 。	多いですよね。	I agree.
LI-000063	(R うーん)		
SP-000041	(F もー)		
LI-000064	で も 奥 様 、 良 かっ た で す ね 。	でも奥様、良かったですね。	I am glad that your wife was caught in time.
SP-000042	(R うん)(F まー)(P)やっぱり その 人 に よ っ て な 、(F あの)抗がん 剤 が 効 く 人 と ね 、(P)効 か な い の が あ る みたい で 、 何 か お陰 さん で うち は よう 効 い て くれ た から ね 。	やっぱりその人によってな、抗がん剤が効く人とね、効かないのがあるみたいで、何かお陰さんでうちはよう効いてくれたからね。	Actually, it depends on the person, whether anticancer drugs work or not. Fortunately enough, it worked very well for my wife.
LI-000065	(R うーん)(R うーん)		
LI-000066	らし い で す ね 。	らしいですね。	It seems like it.
LI-000067	(R はい)		
LI-000068	(R はい)		
SP-000043	最初 診察 を 受け た 時 は もう あちこち 転移 し て 、 いっぱい だっ た ん や けど ね 。	最初診察を受けた時はもうあちこち転移して、いっぱいだったんやけどね。	When she first got a consultation, there was cancer all through her body.
LI-000069	(R はー)		
SP-000044	五 箇所 ぐらい や っ た んか な 、 それ が 。	五箇所ぐらいやったんかな、それが。	The cancer was in five places.
LI-000070	(R はい)		
SP-000045	八 回 打 つ んか な 、 抗がん 剤 。(P)打 っ て から また そう 言 う 検査 が あ っ た ん や けど 、(P)ほとんど 消え て 。	八回打つんかな、抗がん剤。打ってからまたそう言う検査があったんやけど、ほとんど消えて。	I think it was eight times. She was administered anticancer drugs eight times and was examined. Her cancer almost disappeared.
LI-000071	(R はい)(R はい)		
LI-000072	(R うわー)		
LI-000073	(R うわー)		
SP-000046	(F もー)良 かっ た やん 。 だ から 、 ほんで 、 お 医者 さん も 五 年 は 生か し て あげ る 、 家内 は もう あれ に せよ 、 最初 の 時 は の 、 あんまり(F もー)あれ なら(F もー)先生 、 治療 せ ん で よろし い みたい な こと 言い お っ て な 。 何 を 言 っ てんねん って 、 五 年 は 生か し て あげ る と 言 う て 、(F ま)先生 も 冗談 か も しら ん けど 、(P)言 う て くれ は っ て ね 。(P)で 、 今 三 年 に な る ん や 。	良かったやん。だから、ほんで、お医者さんも五年は生かしてあげる、家内はもうあれにせよ、最初の時はの、あんまりあれなら先生、治療せんでよろしいみたいなこと言いおってな。何を言ってんねんって、五年は生かしてあげると言うて、先生も冗談かもしらんけど、言うてくれはってね。で、今三年になるんや。	I was relieved. The doctor also said that my wife would be able to live five years. At her first consultation, she said that if it was too late she would not need treatment. But the doctor said give me a break, we'll keep her alive for 5 years. It has been three years since then.
LI-000074	(R うーん)		
LI-000075	(R うーん)		
LI-000076	(R えー)		
LI-000077	(R あー)		
LI-000078	(R はい)		
LI-000079	(R はい)		
LI-000080	(R あー)そう で す か 。 すご い で す ね 。	そうですか。すごいですね。	I see. It is amazing.
SP-000047	けど 、(R うん)お陰 さん で まだ(F え)いろんな 料理 し たり 、 いろいろ し て る から 。(P)助か っ て 。	けど、お陰さんでまだいろんな料理したり、いろいろしてるから。助かって。	Thankfully, she is cooking and doing various housework. I appreciate it.
LI-000081	(R はー)		
LI-000082	(R あー)		
SP-000048	(F ま)そう 言 う 訳 で 、 えら い(F もー)自分 の こと を こんな に 話 し て 、 申し訳 な い 。	そう言う訳で、えらい自分のことをこんなに話して、申し訳ない。	I am sorry to talk only about myself.
LI-000083	奥 様 も ね 。	奥様もね。	You did talk about your wife.
LI-000084	いえ いえ 、(F もー)ほんま に 奥 さん も がんば ら はった と 思 い ま す わ 。	いえいえ、ほんまに奥さんもがんばらはったと思いますわ。	Well, I think my wife also worked hard.
SP-000049	申し訳 な い 。(R はい)	申し訳ない。	I'm sorry.
LI-000085	いえ 、 そんな 。	いえ、そんな。	Please do not worry.
SP-000050	(R はい)		
SP-000051	移 っ て くださ い 。(L えへは)(R はい)	移ってください。	Let's proceed with the story.
LI-000086	(R はい)いいえ 、(F もー)こう 言 う 薬 が ね 、 薬 って 言 う か 、 最初 に(F そのーね)増殖 を 抑え て くれ れ ば 。(R ねー)	いいえ、こう言う薬がね、薬って言うか、最初に増殖を抑えてくれれば。	Yes, had these drugs suppressed the growth of cancer at the initial stage.
SP-000052	(R うん)		
SP-000053	(R うん)		
SP-000054	(R あー)そら 。(F もー)	そら。	Well.
SP-000055	喜ばし い こと や 。(R うーん)	喜ばしいことや。	But anyways, I'm happy she's doing OK.
LI-000087	(R うーん)人間 は やっぱり ストレス を 感 じ ま す と 、 やっぱり こう 言 う ね 、 がん 細胞 が 増え て い き ま す ん で 。	人間はやっぱりストレスを感じますと、やっぱりこう言うね、がん細胞が増えていきますんで。	When humans feel stress, cancer cells naturally increase in the body.
SP-000056	(R うん)		
SP-000057	(F もー)テレビ で も ずうっと こう 言 う 、 最近 あれ の 話 な 、 で 言 う て る から(F もー)(P)必死 に な っ て 聞 い て ま す 、(P)この 話 。(R えー)(R えー)	テレビでもずうっとこう言う、最近あれの話な、で言うてるから必死になって聞いてます、この話。	This is a topic they have been talking about on TV, so I have been desperately watching this kind of story.
LI-000088	(R ねー)		
LI-000089	(R ねー)(R うーん)		
LI-000090	(R ねー)		
LI-000091	(F も)白血 病 なんか は ほとんど(F も)(F あのー)大丈夫 みたい で す ね 。	白血病なんかはほとんど大丈夫みたいですね。	I heard that the survival rate for leukemia is rising.
SP-000058	(R なー)		
LI-000092	(R はい)そんな ん って 聞 き ま し た けど ね 。	そんなんって聞きましたけどね。	I have heard something like that.
SP-000059	(F あー)こん だけ な 、 医学 が 発達 し て る ん や から 、 もう 何 か 抑え る 薬 は あ る はず やから な 、 そん だけ 研究 し た ら な 、 賢 い 人 が 。	こんだけな、医学が発達してるんやから、もう何か抑える薬はあるはずやからな、そんだけ研究したらな、賢い人が。	With so many developments in medical science, there should be some drugs that stop cancer because of the research done by brilliant people.
LI-000093	(R うーん)		
LI-000094	そう で す ね 。 そう で す よ ね 。	そうですね。そうですよね。	I agree. That's right.
LI-000095	で も 、 奥 様 は 、 三 年 と 言 う たら ほんま に 喜ばし い こと で す ね 。	でも、奥様は、三年と言うたらほんまに喜ばしいことですね。	Three years have passed since your wife's cancer diagnosis. It is nice that your wife is well.
SP-000060	もう 、 もう 三 年 過ぎ た から ね 。	もう、もう三年過ぎたからね。	It's been three years since her diagnosis.
LI-000096	(R うーん)		
SP-000061	(R うん)(F も)ちょっと は 今 ん とこ は 安心 し て 。	ちょっとは今んとこは安心して。	It's a relief.
LI-000097	それ で 零 で す から 、 な い から 、 余計 に よろし い で す よ ね 。	それで零ですから、ないから、余計によろしいですよね。	I am glad that her body has no cancer.
SP-000062	(R うん)(R そう)(R そう)(R そう)		
SP-000063	(R うん)いや 、 まだ 何 と も 言 わ れ ん けど ね 、 これ まで は 。 まだ どっ から 出 て 来る か 分から ん し 、 がん	いや、まだ何とも言われんけどね、これまでは。まだどっから出て来るか分からんし、がん	No, there is also the possibility that her cancer will recur. I do not know in which part of the body cancer will recur.
LI-000098	(R うーん)		
LI-000099	(R んー)で も 。	でも。	Well.
SP-000064	だ から まだ 何 と も 言 わ れ ん けど 、(F ま)最初 の な 、(P)五 箇所 ぐらい でき て た の が 効 い て た から 。	だからまだ何とも言われんけど、最初のな、五箇所ぐらいできてたのが効いてたから。	The doctor did not say anything to her, but it would have been better to first treat 5 cancers.
LI-000100	(R ねー)		
LI-000101	(R んー)		
LI-000102	(R はい)		
LI-000103	おっき い で す わ 。 奥 様 も その 気持ち が ね 、 零 っ て な る と(F もー)全然 意欲 が 湧 い て き ま す もん ね 。(R うーん)	おっきいですわ。奥様もその気持ちがね、零ってなると全然意欲が湧いてきますもんね。	That is meaningful. Your wife will be encouraged when cancer ceases to exist.
SP-000065	(R うん)		
SP-000066	(R うん)		
SP-000067	(R うん)(L うふふふふん)		
SP-000068	(R そう)(R そう)		
SP-000069	そう し た ら な 。(R あー)(R あー)	そうしたらな。	I agree.
LI-000104	(F もー)やっぱり 明る い 見通し で 。	やっぱり明るい見通しで。	The future is bright.
SP-000070	(R そう)(R うん)(R うん)だ から 最初(F え)(F もー)宣告 さ れ た 時 は 、 もう あ か ん の か と 思 っ た よ 。 一 年 ぐらい しかも たん の と ちゃ う か っ て 。(F もー)友達 やら みんな の そう 言 う 経験 者 に 聞 い た ら 、 いや 、 うち は 一 年 しかも た ん かっ た と か 言い お っ た から な 。 怖 かっ た けど ね 。(R えー)(R えー)(F もー)びっくり し た けど 。	だから最初宣告された時は、もうあかんのかと思ったよ。一年ぐらいしかもたんのとちゃうかって。友達やらみんなのそう言う経験者に聞いたら、いや、うちは一年しかもたんかったとか言いおったからな。怖かったけどね。びっくりしたけど。	When she was first diagnosed, I thought she could not live anymore. I thought that she could not live for a year. When I ask friends about cancer experience, my friend's wife seems to have lived for only one year. I was very scared. I was surprised.
LI-000105	(R ねー)あれ で す よ ね 。	あれですよね。	Well.
LI-000106	(R うーん)		
LI-000107	(R あー)		
LI-000108	(R はー)そう で す か 。	そうですか。	Really?
LI-000109	(R いやー)		
SP-000071	(R うん)もう 三 年 過ぎ た から 。	もう三年過ぎたから。	Three years have passed since she received the cancer diagnosis.
LI-000110	(R うーん)		
SP-000072	(R うん)もう あと ニ 年 や と か 言 っ て 、 冗談 し て る けど な 。(L はは)	もうあとニ年やとか言って、冗談してるけどな。	She jokes that she can only live two more years.
LI-000111	そう あと ニ 年 で す よ ね 。(L ふふふふ)それ で 零 から の スタート で 二 年 で す から ね 、 とって も 喜ばし い と 思 い ま す ね 。	そうあとニ年ですよね。それで零からのスタートで二年ですからね、とっても喜ばしいと思いますね。	It's been two years. Two years have passed since your wife's cancer came to zero. I am very happy.
SP-000073	(R うん)な っ た ら な 。	なったらな。	I agree.
SP-000074	(F まー)それ は それ 、 それ で 。(R うん)(R うん)すん ま せ ん 、 進め て くださ い 。(R あい)(R あい)(R あい)	それはそれ、それで。すんません、進めてください。	Yes. Let's proceed with the next topic.
LI-000112	(R うん)(R はい)す い ま せ ん 。 じゃ 今度 は ね 、(F あのー)ちょっと 暗 い お 話 な ん で す けれど も 、 この 間(F のー)ロケット が 打ち上げ られ ま し た ね 。 それ で 何 か 失敗 で し た ね 。 で 、 二十 秒 後 に(F あのー)もう 落ち て しま っ て ん で す けれど も 。	すいません。じゃ今度はね、ちょっと暗いお話なんですけれども、この間ロケットが打ち上げられましたね。それで何か失敗でしたね。で、二十秒後にもう落ちてしまってんですけれども。	Yes. Next is kind of a depressing story. The other day a rocket was launched, but after 20 seconds it failed and it fell to the ground.
SP-000075	(R うん)		
SP-000076	(R うん)		
SP-000077	(R うん)		
SP-000078	(R うーん)		
SP-000079	失敗 だっ た ね 。	失敗だったね。	It was a failure.
SP-000080	(R うーん)		
SP-000081	(R うーん)		
LI-000113	(R ねー)どう で す か ？(L ふふふふふふ)	どうですか？	What do you think?
SP-000082	これ 、(R うーん)これ な 、(F あのー)何 か えら い(P)打ち上げ る お 金 も だいぶ な 、 少 の う て 済 む と 言 う て ね 、(P)報道 さ れ て た けど 。	これ、これな、何かえらい打ち上げるお金もだいぶな、少のうて済むと言うてね、報道されてたけど。	I saw a report saying that it would save a lot of money, decreasing the costs of launching a rocket.
LI-000114	(R んー)		
LI-000115	(R ねー)(R うーん)		
LI-000116	(R うーん)		
SP-000083			
SP-000084	(L あはは)		
LI-000117	(L うふふふ)		
SP-000085	ちょっと 失敗 に な っ た ら また 一 から 、 また あれ を せんなあ か ん や ろ う し 。	ちょっと失敗になったらまた一から、またあれをせんなあかんやろうし。	Since the rocket launch failed, we have to start over again.
LI-000118	(R うーん)		
SP-000086	な 、 成功 し て ほし かっ た ん や けど 、 そら もう 失敗 に な っ た から 、 これ は 何 と も 。(P)ちょっと 僕 ら に は 、 ちょっと どう し た ら 良 い と は 、 そんな 僕 は 考え られ な い わ 。 せ や けど 、 ちょっと 残念 や な と しか 。	な、成功してほしかったんやけど、そらもう失敗になったから、これは何とも。ちょっと僕らには、ちょっとどうしたら良いとは、そんな僕は考えられないわ。せやけど、ちょっと残念やなとしか。	I wanted the launch to be successful, but it failed. What to do? It is very disappointing.
LI-000119	(R ねー)		
LI-000120	(R うーん)		
LI-000121	(R うーん)		
LI-000122	(R ねー)(L うふふふふ)		
LI-000123	そう で す ね 。(R ねー)	そうですね。	I agree.
SP-000087	(R うん)		
LI-000124	言 い ま せ ん よ ね 。	言いませんよね。	There is no word to say.
SP-000088	(R うん)		
LI-000125	(F あの)この ニュース を 私 が 聞 き ま し た 時 に 、(F あのー)最後 の 方 な ん で す けど ね 、 ちょっと(F あの)アナウンサー の 方 が おっしゃ っ て た ん で す けど も 、(P)年数 ちょっと 忘れ た ん で す けど も 、(P)何 回 か 失敗 し ま し た けれど 、(F あのー)(P)その 成功 し て 一 回 目 から ずっと 成功 し て る らし い で す ね 。	このニュースを私が聞きました時に、最後の方なんですけどね、ちょっとアナウンサーの方がおっしゃってたんですけども、年数ちょっと忘れたんですけども、何回か失敗しましたけれど、その成功して一回目からずっと成功してるらしいですね。	 The announcer in the news show said during the last moment of the show that they had experienced launch failure many times before the first success. I'm not sure for how many years they had failed. So, they have been enjoying successful launch since that first success until this recent failure. 
SP-000089	(R うん)		
SP-000090	(R うん)		
SP-000091	(R うん)		
SP-000092	(R うん)		
SP-000093	(F あ)そう かい な 。(R うーん)	そうかいな。	Really?
LI-000126	(R はい)今回 が 初めて の 失敗 だ そう で す 。 成功 し て 何 回 か 飛 ん で ま す よ ね 、 いろんな(P)小型(F あのー)ロケット が 。 それ で 今回 が 初めて の 、 成功 から 初めて の 失敗 だっ た そう な ん で す 。	今回が初めての失敗だそうです。成功して何回か飛んでますよね、いろんな小型ロケットが。それで今回が初めての、成功から初めての失敗だったそうなんです。	I heard that this was their first failure. Various small rockets have been launched successfully. So, it seems that this was their first failure.
SP-000094	(R うん)		
SP-000095	(R うん)(R うーん)(R うん)		
SP-000096	(R うん)		
SP-000097	(R うん)今回 は 、 すご く ちっさ い あれ で し た で しょ ？	今回は、すごくちっさいあれでしたでしょ？	It seems that the rocket this time was very small.
LI-000127	(R うーん)		
LI-000128	ね 、 一番 ちっさ かっ た らし い で す ね 。(R はい)	ね、一番ちっさかったらしいですね。	Yes, it seems that it was the smallest type ever.
SP-000098	ちっさ い 一番 小型 で ね 、 ほんで 、 その 金額 も ごっつ い 安 う でき る よう な こと を 報道 さ し て ま し た ね 。	ちっさい一番小型でね、ほんで、その金額もごっつい安うできるようなことを報道さしてましたね。	It was the smallest, so they said that the amount spent on the rocket would be very small.
LI-000129	そう で す よ ね 。	そうですよね。	That's right.
SP-000099	(R んー)それ が(F あ)ちょっと 失敗 に な っ た から 。	それがちょっと失敗になったから。	But it ended in a failure.
LI-000130	(R うーん)		
LI-000131	その 部品 の 部分 と か 、 何 か 言 わ れ て ま し た けど も 。	その部品の部分とか、何か言われてましたけども。	They're criticizing the parts of the rocket.
SP-000100	(R うん)		
SP-000101	(R そう)		
LI-000132	(R ねー)		
LI-000133	ほんと に ね 。 一 度 何 か 大阪 の 、(F あのー)東大阪 の 何 か 、(P)この 、 これ と は また 違 う ん で す けど も 、 何 か 宇宙 に ね 、 行 っ た 時 に ね 、 私 は 成功 し た 時 に すっご い 嬉し く て(L ふふふふふ)。	ほんとにね。一度何か大阪の、東大阪の何か、この、これとはまた違うんですけども、何か宇宙にね、行った時にね、私は成功した時にすっごい嬉しくて。	Truly. Once I visited Osaka and Higashi Osaka, I saw parts used in the rockets. I was very happy when the parts went into outer space and the rocket launch succeeded.
SP-000102	(R うん)宇宙 の な 、 部品 を な 。	宇宙のな、部品をな。	Space-related. The parts used in the rocket launch. 
SP-000103	(R うーん)		
LI-000134	(F もー)この 日本 の 技術 って 言 う の が すご い な と 思 い ま し て ね 。	この日本の技術って言うのがすごいなと思いましてね。	I thought, Japanese technology is amazing.
SP-000104	(R そう)(R そう)(R そう)(R そう)(R そう)(R そう)(R そう)		
SP-000105	また それ も や けど 、 東大阪 の な 、 そう 言 う(P)ああ 言 う 町 工場 で 、 こう 言 う 宇宙 の な 、 こう 言 う の を 製造 し て あれ する 言 う は また もう 一 つ な 、 すご い と 思 う し 。 東大阪 の な 、(F あのー)(P)(F そのー)町 工場 の 職人 が ね 、 そう 言 う 人 ら の 頭 の 考え 方 が すご い な と(P)関心 し ま す ね 。	またそれもやけど、東大阪のな、そう言うああ言う町工場で、こう言う宇宙のな、こう言うのを製造してあれする言うはまたもう一つな、すごいと思うし。東大阪のな、町工場の職人がね、そう言う人らの頭の考え方がすごいなと関心しますね。	Not only that, I think it's amazing that the rocket parts are made in such a small-town factory in Higashiosaka. You know, these craftworkers in Higashiosaka's small factory. I'm amazed at their ideas. 
LI-000135	(R もーねー)		
LI-000136	(R うーん)		
LI-000137	そう な ん で す 。	そうなんです。	That's right.
LI-000138	(R はい)		
LI-000139	(R はい)		
LI-000140	(R うーん)		
LI-000141	(R えー)		
LI-000142	(R うーん)		
LI-000143	(R はい)		
LI-000144	(R はい)		
LI-000145	(R はい)		
LI-000146	(R ねー)アメリカ の ロケット で も 、 全部(F あの)部品 は 東大阪 の 方 って おっしゃ っ て ま し た ね 。 言 っ て ま し た ね 。	アメリカのロケットでも、全部部品は東大阪の方っておっしゃってましたね。言ってましたね。	They said that all parts of the American rocket were made in Higashi Osaka.
SP-000106	(R そう)(R そう)		
SP-000107	東大阪 の 町 工場 で な 。 だ から(P)たいした もん や ね 、 東大阪 。	東大阪の町工場でな。だからたいしたもんやね、東大阪。	Yes, in a small factory in Higashi Osaka. Higashi Osaka is incredible.
LI-000147	(R うーん)		
LI-000148	で も 私 は このごろ 思 う ん で す けれど も 、(F あのー)ノーベル 賞 と か で も 日本 の 方 が すご く 多 い じゃ な い で す か 。(P)私 ね 、 いつ も 言 う ん で す 。 日本 の 方 の 、(F その)(P)何 て 言 う ん で す か ね 、 努力(P)	でも私はこのごろ思うんですけれども、ノーベル賞とかでも日本の方がすごく多いじゃないですか。私ね、いつも言うんです。日本の方の、何て言うんですかね、努力	I have been thinking something recently, that many Japanese have won the Nobel prize and this is what I have been repeatedly saying, I mean the efforts of the Japanese.
SP-000108	(R あー)(R そう)		
SP-000109	そう や 。	そうや。	Sure.
LI-000149	(R ねー)		
LI-000150	ちょうど(F あのー)(P)同い年 ぐらい だ と いらっしゃ る と 思 う ん で す けど 、 その 気持ち 、 お 気持ち が ね 、 その コツコツ と や っ て い か れ る(P)日本 の 方 の(F そのね)持 っ た は る 、(P)すご い 特性 が 表れ て る な と 思 っ て 、(P)日本 の 方 、 日本 人 って 言 う ん で す か ね 、 すご い 。	ちょうど同い年ぐらいだといらっしゃると思うんですけど、その気持ち、お気持ちがね、そのコツコツとやっていかれる日本の方の持ったはる、すごい特性が表れてるなと思って、日本の方、日本人って言うんですかね、すごい。	I think you and the laureates are about the same age. They embody the Japanese spirit, which puts high value on diligent work. The Japanese are amazing.
SP-000110	(R うん)		
SP-000111	(R うん)		
SP-000112			
SP-000113	そう や な 、(R あーん)結局(P)日本 人 は(F もー)ほんま に 他 に 資源 が な い から な 。 要 する に 、 その 知恵 で な 、 何に も 世界 に な 、 対抗 し て る ん や から 。	そうやな、結局日本人はほんまに他に資源がないからな。要するに、その知恵でな、何にも世界にな、対抗してるんやから。	I agree. Because there are really no natural resources in Japan, the Japanese are fighting against the world with wisdom.
LI-000151	(R うーん)		
LI-000152	(R ねー)すご い で す よ ね 。	すごいですよね。	It is amazing.
SP-000114	(R あん)(R あん)(F もー)日本 人 の 頭 と 言 う の は 、 すご い と 思 う から な 。	日本人の頭と言うのは、すごいと思うからな。	The wisdom of the Japanese is amazing.
LI-000153	(R ねー)(F もー)私 は ホコリ に 思 っ て る ん で す 。	私はホコリに思ってるんです。	I am proud of the Japanese.
SP-000115	ほんと 、 ほんと 。 日本 人 に 生まれ て な 、(F あ)もう 。	ほんと、ほんと。日本人に生まれてな、もう。	Seriously, really. So happy to be born a Japanese.
LI-000154	(F もー)(R ねー)すご い(L ひひひひ)と 思 っ て(L え)。	すごいと思って。	That's great.
SP-000116	ほんと 、 ほんと 、 ほんと 、 そう 。	ほんと、ほんと、ほんと、そう。	True, true, I agree.
SP-000117	(R うん)(F も)無限 や もん ね 、 何事 に も 。	無限やもんね、何事にも。	Because the Japanese will strive for everything.
LI-000155	(R ねー)(R うーん)		
SP-000118	(R うん)		
SP-000119	ここ まで と 言 う 限界 と 言 う の が な い もん 、 日本 人 は な 。	ここまでと言う限界と言うのがないもん、日本人はな。	There is no limit to the efforts of the Japanese.
LI-000156	そう で す ね 。	そうですね。	That's right.
SP-000120	無限 に 、 まだ 。	無限に、まだ。	The Japanese effort still lives on.
LI-000157	その 発端 を 作 る の が 、 何 か 日本 の 方 の 研究 っ て 言 う か 。	その発端を作るのが、何か日本の方の研究って言うか。	The study by the Japanese supports their effort.
LI-000158	(R ねー)		
SP-000121	それ も そう や 、 新 幹線 で も そう で しょ う ？ な 。	それもそうや、新幹線でもそうでしょう？な。	I agree. Another example is the Shinkansen, right?
LI-000159	(F あのー)		
LI-000160	すご い 。 事故 が ほんと に あ り ま せ ん もん ね 。	すごい。事故がほんとにありませんもんね。	It is amazing. There are few accidents on the bullet train.
SP-000122	(R うん)		
SP-000123	新 幹線 の 開発 は 、(F あ)何 で も 日本 人 は すご い 。(R えー)何 で も 。	新幹線の開発は、何でも日本人はすごい。何でも。	As well as developing the Shinkansen, the Japanese are amazing in all areas.
LI-000161	そう で す ね 。	そうですね。	I agree.
SP-000124	せ や けど 、 これ は ちょっと な 、 悔し い 、 残念 なあれ だっ た ね 、(F もー)失敗 し た と 言 う の は 。(F もー)	せやけど、これはちょっとな、悔しい、残念なあれだったね、失敗したと言うのは。	But it is a pity that the rocket launch failed.
LI-000162	(R うーん)		
LI-000163	そう で す ね 。 ちょっと(F こ)急ぎ すぎ は っ た か も わか り ま せ ん ね(L え)。 費用 を 高 く 売 っ て い く の を(L お)抑え よう と し は っ て 。	そうですね。ちょっと急ぎすぎはったかもわかりませんね。費用を高く売っていくのを抑えようとしはって。	Yes. Maybe they were getting too impatient to keep the costs down.
SP-000125	(R あー)(L あははは)		
SP-000126			
SP-000127	そう や 。 一 回 は(F あ)延期 な っ て ね 。 あの 打ち上げ る あれ を 延期 な っ て 。 ひょっと し た ら 、 その 時 に 打ち上げ て た ら 行け た か も 。(L ははは)僕 ら の 結果 論 や けど 。	そうや。一回は延期なってね。あの打ち上げるあれを延期なって。ひょっとしたら、その時に打ち上げてたら行けたかも。僕らの結果論やけど。	I agree. The rocket launch was postponed once, right? Perhaps if they had launched the rocket on time, it might have been successful. Just my thought though.
LI-000164	(R うーん)(R うーん)		
LI-000165	そう で す ね 。(R うーん)	そうですね。	Maybe.
LI-000166	(L うふふふふふふ)		
LI-000167	あの 時 、 原因 を ちょっと おっしゃ っ て な かっ た ん で 、 何 で か な と か って 思 っ た ん で す けど ね 。	あの時、原因をちょっとおっしゃってなかったんで、何でかなとかって思ったんですけどね。	I was wondering why it was postponed, because they didn't disclose the reason for the postponement.
SP-000128	(R うーん)な 、 報道 さ れ て な かっ た な 。 天候 の 加減 か 何 か は(F ま)そら 分か ら ん かっ た けど 。	な、報道されてなかったな。天候の加減か何かはそら分からんかったけど。	No, the reason was not disclosed. I'm not sure if it had to do with weather or something.
LI-000168	(R うーん)(R ねー)		
SP-000129	それ で 変更 に な っ て 、 そう し て 打ち上げ た の が ちょっと 、(P)あら 失敗 や と 言 う て な 、 あれ を し て 、 いや 、 残念 や な と 一瞬 思 う た けど 。	それで変更になって、そうして打ち上げたのがちょっと、あら失敗やと言うてな、あれをして、いや、残念やなと一瞬思うたけど。	The launch failed after the plan was changed. For a moment, I thought was disappointing.
LI-000169	(R うーん)		
LI-000170	そう で す ね 。	そうですね。	I agree.
LI-000171	(R うーん)		
SP-000130	(R うん)		
LI-000172	で も 、 ほんと に 今 は ね 、 何 か(F あのー)日本 人 は 、 日本 の 方 は すご い な と 思 い ま す 。(P)何 か 見習 わ な あ か ん な と 思 う ん で す けど 、 すぐ くじけ て しま う 自分 が い る ん で す けど 。	でも、ほんとに今はね、何か日本人は、日本の方はすごいなと思います。何か見習わなあかんなと思うんですけど、すぐくじけてしまう自分がいるんですけど。	I really think the Japanese are amazing. I think that I need to follow their example, but here I am who quickly get discouraged.
SP-000131	すご い 、 日本 人 は 確か に 。	すごい、日本人は確かに。	Japanese people are certainly amazing.
SP-000132	(L あははははははは)		
LI-000173	ね 、 山中 さん も すご い ん で す もん ね 。	ね、山中さんもすごいんですもんね。	Professor Yamanaka is also amazing.
SP-000133	(F もー)(R そう)(R そう)(R そう)(R そう)		
LI-000174	< ｉＰＳ を 発見 さ れ て 。	iPSを発見されて。	He discovered iPS cells.
SP-000134	(R うーん)		
LI-000175	ほんと に 。	ほんとに。	Exactly.
SP-000135	(R なー)		
SP-000136	(R そう)		
LI-000176	こないだ も 目 の ね 、 何 か ちょっと また 話 が 変わ り ま す けど ね 、 この ロケット じゃ な く な っ ちゃ い ま す けど も 、(P)(F あのーね)一 つ 成功 し ま し た ね 。	こないだも目のね、何かちょっとまた話が変わりますけどね、このロケットじゃなくなっちゃいますけども、一つ成功しましたね。	Speaking of iPS, the other day, there was also a news of an eye transplant. Oh, I have left the story of the rocket. The transplant ended in success.
SP-000137	(R はい)(R はい)		
SP-000138	(R うん)		
SP-000139	(R うん)		
LI-000177	ほんと に 。(F あのー)	ほんとに。	That's right.
SP-000140			
SP-000141	すご い 人 は お る わ 、 日本 人 は 、 博士 。	すごい人はおるわ、日本人は、博士。	There are many amazing Japanese people, geniuses.
LI-000178	(R ねー)		
LI-000179	ほんと に すご い と 思 い ま す 。	ほんとにすごいと思います。	I think that it is really amazing.
LI-000180	あの 山中 さん も ちょっと 私 は(P)他 の テレビ で 、(F あのー)ノーベル 賞 を もら わ は る 前 に 、(P)何 か 募金 を 集め た は る 番組 みたい な 感じ で 出 た は っ た ん で す ね 。	あの山中さんもちょっと私は他のテレビで、ノーベル賞をもらわはる前に、何か募金を集めたはる番組みたいな感じで出たはったんですね。	I watched Yamanaka before he won the Nobel Prize on a TV program, collecting donations.
SP-000142	(R うん)		
SP-000143	(R あー)そう か な 。 ちょっと そこ は 。	そうかな。ちょっとそこは。	Oh really.
LI-000181	(R うーん)		
LI-000182	(F も)お 金 が どんどん かか る ん で す と 言 う 感じ で おっしゃ っ て て 。	お金がどんどんかかるんですと言う感じでおっしゃってて。	He said on TV that he raised a lot of money for research.
SP-000144	(R うん)		
LI-000183	(F もー)すご い な 。 それ まで ね 、(P)し て まで も その 研究 を なさ っ て て 。	すごいな。それまでね、してまでもその研究をなさってて。	He is amazing. Even so, he continues his research.
SP-000145	(R そう)(R そう)(R そう)		
LI-000184	(R ねー)		
SP-000146	(F あー)いろんな こう 言 う 学者 、 研究 する 人 の 頭 って どんな 頭 か な と 思 う 。(L はははははははははは)	いろんなこう言う学者、研究する人の頭ってどんな頭かなと思う。	I wonder what scholars and researchers are thinking about.
LI-000185	(R ねー)思 い ま す けど 、 で も やっぱり ね 、(F あのー)お 気持ち も あ る と 思 う ん で す よ 。	思いますけど、でもやっぱりね、お気持ちもあると思うんですよ。	I wonder about it, too, but surely, it's the grit that counts.
LI-000186	(R ねー)持 っ た は る 根性 って 言 うんか 。(L はははは)	持ったはる根性って言うんか。	His courage is wonderful.
SP-000147	(R うん)		
SP-000148	(R そう)(R そう)(R そう)(R そう)そう で しょ う ね 。(R うん)	そうでしょうね。	I think so.
LI-000187	(R ねー)		
SP-000149	(F もー)何 で も(F も)ここ まで と 言 う こと じゃ なし に 、 どんどん 挑戦 し て い く な 。	何でもここまでと言うことじゃなしに、どんどん挑戦していくな。	They challenge anything.
LI-000188	(R うーん)		
LI-000189	(R うーん)		
LI-000190	そう で す よ ね 。	そうですよね。	I agree.
SP-000150	(R うん)だ から 何事 に も 。(R うん)	だから何事にも。	It is true for everything.
LI-000191	(R うーん)		
SP-000151	だ から 、 結局 日本 人 は そう 言 う とこ が あ る ん や ろう な 。	だから、結局日本人はそう言うとこがあるんやろうな。	Japanese people are like that.
LI-000192	(R ねー)		
SP-000152	(R うーん)思 い ま す わ 、 僕 も 。	思いますわ、僕も。	I think so, too.
LI-000193	(F もー)私 達 の 中 で 見習 わ な あ か ん 。 私 も(F も)あれ な ん で す けど ね 。(F あのー)	私達の中で見習わなあかん。私もあれなんですけどね。	We should learn from their grit.
SP-000153	(R うん)		
SP-000154	僕 ら も この 年齢 に な っ て も ね 、 まだまだ 、 まだまだ 何 か し よう 、 何 か し よう と 言 う 気力 は な 、 湧 い て くる から ね 。 もう これ で ええと 言 う こと は なし で 。 いや 、 これ は これ で この ね 、 もう ちょっと 、 もう 一歩 踏み込 ん で 何 か でき ん か と 言 う な 、 そう 言 う 考え で 一応 行動 は し て る つもり や けど 。 やっぱり 頭 が そんな たいして な い から 、 でき な い ん で あ っ て な 。	僕らもこの年齢になってもね、まだまだ、まだまだ何かしよう、何かしようと言う気力はな、湧いてくるからね。もうこれでええと言うことはなしで。いや、これはこれでこのね、もうちょっと、もう一歩踏み込んで何かできんかと言うな、そう言う考えで一応行動はしてるつもりやけど。やっぱり頭がそんなたいしてないから、できないんであってな。	We at our age still want to do something, or at least we have aspiration to do something the, feeling that we can still do more. I am trying to take one step further to do things but I realize that I can't because I don’t have much of a brain.
LI-000194	(R うーん)		
LI-000195	(R うーん)		
LI-000196	(R ねー)		
LI-000197	(R うーん)		
LI-000198	(R うーん)		
LI-000199	(R はーん)		
LI-000200	(R あー)すご い で す ね 。	すごいですね。	It is amazing.
LI-000201	いえ いえ いえ 、 違 い ま す よ 。	いえいえいえ、違いますよ。	No, it's not. 
SP-000155	とにかく 、(P)(R うん)もう ここ まで しか でき ひん と 言 う 気持ち で は なし に 、 いや 、 ここ まで じゃ な い 、 もう 一歩 踏み込 ん だ ら 何 か が あ る はず や と 言 う 、 そう 言 う(P)考え で(P)日々 の 生活 を 送 っ て る ん や けど 、 つもり や けど 。	とにかく、もうここまでしかできひんと言う気持ちではなしに、いや、ここまでじゃない、もう一歩踏み込んだら何かがあるはずやと言う、そう言う考えで日々の生活を送ってるんやけど、つもりやけど。	Anyway, I am trying not to limit myself, trying to go one step further so that I can find something new. That is how I am supposed to spend my days.
LI-000202	(R うーん)		
LI-000203	(R うーん)		
LI-000204	(R うーん)		
LI-000205	(R うーん)		
LI-000206	(R うーん)		
SP-000156	(R うん)なかなか そんな うま く は いか ん けど 。	なかなかそんなうまくはいかんけど。	It is not going well.
LI-000207	いや 、 で も そう 言 う お 気持ち っ て 、 ほんと に 大切 で す よ ね 。	いや、でもそう言うお気持ちって、ほんとに大切ですよね。	But that way of thinking is important.
SP-000157	(R うん)(R うん)		
SP-000158	(R うん)		
SP-000159	(R んー)僕 は そう 言 う(R うん)考え で 何事 も や っ て 過ご し て る ん や けど 、 つもり や けど 。	僕はそう言う考えで何事もやって過ごしてるんやけど、つもりやけど。	I intend to face everything with that mentality.
LI-000208	前向き っ て 言 う か 。(R うーん)	前向きって言うか。	That's a positive attitude.
LI-000209	(R あー)		
LI-000210	(F も)お 顔 に 出 た は り ま す 。(L あはははははは)(F こう)何 か 目 も 輝 い て いらっしゃ い ま す し ね 。(R うーん)	お顔に出たはります。何か目も輝いていらっしゃいますしね。	Your attitude shows in your face. There's a sparkle in your eyes, too.
SP-000160	(L はは)		
SP-000161	だ から な 。(R うん)	だからな。	So,
SP-000162	(R うん)とにかく な 、 もう これ で 限界 や 言 う こと は 絶対 考え ん こと に し てんねん 。	とにかくな、もうこれで限界や言うことは絶対考えんことにしてんねん。	Anyway I try not to think of limits.
LI-000211	良 い こと で す ね 。	良いことですね。	That's a good thing.
SP-000163	(R うん)		
SP-000164	だ から(R あん)そして また な 、 やっぱり 人 に は 感謝 の 気持ち を 忘れ ず に 、 とにかく どんな こと が あ っ て も 、 とにかく 感謝 、 気持ち を 自分 に 言い聞か し て 、(P)具合 に し て 日々 を 送 っ て る 。(R えー)(F まー)	だからそしてまたな、やっぱり人には感謝の気持ちを忘れずに、とにかくどんなことがあっても、とにかく感謝、気持ちを自分に言い聞かして、具合にして日々を送ってる。	I do not forget the attitude of gratitude regardless of circumstances. I always tell myself to thank others at all events, that's how I live.
LI-000212	(R うーん)		
LI-000213	(R はー)		
LI-000214	(R はい)		
LI-000215	(R はー)そう で す か 。	そうですか。	Is that so?
LI-000216	(R あー)ほんと に 。	ほんとに。	Sure.
SP-000165	とにかく(F もー)孫 に も 、 絶対 人 に は 物 を もろ たり 、 何 か し た ら ありがとう と 言 う 言葉 は 絶対 忘れ た ら あ か ん で と 言 う な 、(P)(F あのー)常 に 口癖 に 言 う て 。(F あ)もう 孫 は 、(L うふん)もう(F もー)は たち を 過ぎ た けど 、 上 が ね 。 で 、 下 は 今 高校 生 か 。 次 、 今年 は 大学 入試(F あ)や っ た ん や けど 。 三 人 や けど 。	とにかく孫にも、絶対人には物をもろたり、何かしたらありがとうと言う言葉は絶対忘れたらあかんでと言うな、常に口癖に言うて。もう孫は、もうはたちを過ぎたけど、上がね。で、下は今高校生か。次、今年は大学入試やったんやけど。三人やけど。	I always say to my grandchildren the word thank you should never be forgotten if they get something or get something done. My oldest grandchild's now over 20 years old. My younger grandson is a high school student now and will attempt the college entrance exam this year. I have three grandchildren.
LI-000217	(R うーん)		
LI-000218	(R はい)		
LI-000219	(R はい)		
LI-000220	(R はー)		
LI-000221	(R はい)		
LI-000222	(R はい)		
LI-000223	(R はい)		
LI-000224	(R はい)		
LI-000225	(R はー)		
SP-000166	そんな 、 そう し て 教え て き て る から 、 やっぱり(F もー)自分 で 孫 の こと 、 ほら 吹 く ん じゃ な い けど 、(P)ちゃんと(L うふん)(F まー)や っ て は くれ て る けど 。	そんな、そうして教えてきてるから、やっぱり自分で孫のこと、ほら吹くんじゃないけど、ちゃんとやってはくれてるけど。	I preach my grandchildren the attitude of gratitude. I'm not showing off, but they seem to comply with my message.
LI-000226	(R あい)		
LI-000227	(R あー)		
SP-000167	何 しか(F もー)人 様 な 、 とにかく(P)感謝 の 気持ち は 絶対 忘れ た ら あ か ん で と 言 う こと は 常 に 言 う て る 。	何しか人様な、とにかく感謝の気持ちは絶対忘れたらあかんでと言うことは常に言うてる。	I always say to my grandchildren that they should not forget to be grateful.
LI-000228	(R うーん)		
LI-000229	(R あー)(F も)今 、 ちょっと 見習 わ さ し て もら い ま し た(L はは)。	今、ちょっと見習わさしてもらいました。	I'm feeling I must follow your example.
SP-000168	(R うん)(R うん)感謝 。	感謝。	Thank you very much.
SP-000169	いやいや 、(F あ)ほんで 、 僕 も 必ず ありがとう と 言 う 言葉 も 絶対 忘れ た ら あ か ん で と 言 う て 、(P)常 に 教え て る つもり や けど ね 。	いやいや、ほんで、僕も必ずありがとうと言う言葉も絶対忘れたらあかんでと言うて、常に教えてるつもりやけどね。	I also warn myself by saying that I should never forget the word thank you.
LI-000230	(R はーん)		
LI-000231	(R あー)そう で す か 。	そうですか。	Is that so?
LI-000232	(R あー)		
SP-000170	で 、 僕 本人 も(P)とにかく(P)(P)どんな ちっさな こと で も 、 とにかく 人 を 喜 ば す こと が でき た ら な と 言 う 。 常 に 考え て(P)や っ て る やん 。(R うーん)	で、僕本人もとにかくどんなちっさなことでも、とにかく人を喜ばすことができたらなと言う。常に考えてやってるやん。	I always hope to please people no matter how small it is. I am always thinking about this.
LI-000233	(R うーん)(R んー)		
LI-000234	(R はい)		
LI-000235	(R はー)そう で す か 。	そうですか。	Is that so?
SP-000171	そう 言 う 。(R うん)	そう言う。	That's how.
LI-000236	(R へー)		
SP-000172	日々 を 送 っ て ま す やん 、 僕 は 。	日々を送ってますやん、僕は。	That's how I live my life.
LI-000237	私 も 見習 わ さ し て もら い ま す 。	私も見習わさしてもらいます。	Let me follow your example.
SP-000173	(R うん)		
SP-000174	いや 、 よう おっしゃ る わ 。(L あはあははは)	いや、ようおっしゃるわ。	Yeah, right.
LI-000238	(F もー)(F まー)なんぼ 言 っ て も 、 そこ まで 私 は(L いっひ)言 っ て な い し 。 やっぱり ね 、 今 そこ が(P)欠落 し て い る って 言 う か ね 、 な い ん で す よ ね 。	なんぼ言っても、そこまで私は言ってないし。やっぱりね、今そこが欠落しているって言うかね、ないんですよね。	Well, that was an exaggeration. But I think I lack the attitude of gratitude.
SP-000175	(L あはははは)		
SP-000176			
SP-000177	(R うん)		
SP-000178	(F あのー)やっぱり 子供 は ね 、(F あの)ちっちゃ い 時 から もう(P)親 が ちゃんと 教え ん かっ た ら 、(P)もう おっきな っ て から で は 教え られ ん から ね 。	やっぱり子供はね、ちっちゃい時からもう親がちゃんと教えんかったら、もうおっきなってからでは教えられんからね。	Parents should teach kids when young, they won't be able to teach the them something after they grow up.
LI-000239	(R うーん)		
LI-000240	(R うーん)		
LI-000241	(R うーん)		
LI-000242	(R うーん)		
SP-000179	もう とにかく ちっさ い 時 に 、(P)(F もー)良 い こと と 悪 い こと ね 。	もうとにかくちっさい時に、良いことと悪いことね。	Teaching what is right and wrong when they are children anyway.
LI-000243	(R うーん)		
LI-000244	(R うーん)		
SP-000180	例え 、 変 なあれ を さ れ た ら 、 それ が 逆 の 立場 に な っ て な 、 あんた が さ れ た ら どう 思 う と 言 う こと を 考え て 行動 し なさ い と 言 う て 。	例え、変なあれをされたら、それが逆の立場になってな、あんたがされたらどう思うと言うことを考えて行動しなさいと言うて。	When the youngsters do naughty things, tell them how they would feel if the others did the same thing to them.
LI-000245	(R うーん)		
LI-000246	(R うーん)		
LI-000247	(R はい)		
LI-000248	(R あー)		
SP-000181	(R うん)		
SP-000182	よう いじめ と か 、 いろんな 学校 で も あ る で しょ う ？ だ から な 、 それ は 逆 に ね 、(P)自分 が その 逆 の 立場 に な っ て 、 物事 を 考え なさ い と 言 う て 。	よういじめとか、いろんな学校でもあるでしょう？だからな、それは逆にね、自分がその逆の立場になって、物事を考えなさいと言うて。	When there are problems such as bullying at school, tell the youngsters how would they feel when they are in the position of the bullied. 
LI-000249	あ り ま す もん ね 。	ありますもんね。	It is a common problem.
LI-000250	(R うーん)		
LI-000251	(R うん)(R うーん)		
LI-000252	(R うーん)		
SP-000183	(F んー)で も な 、(F え)もし も それ が 反対 なら 、 どんな 感じ が する か と 言 う て 。	でもな、もしもそれが反対なら、どんな感じがするかと言うて。	I will ask how they feel, what if they're on the opposite side.
LI-000253	(R あー)		
LI-000254	(R うーん)		
SP-000184	そう し て(F えー)し た ら 、 自然 と ね 、 そんな こと が な 、 なくな る ん で は な い か と 。(F ま)そら 、 僕 自身 が 思 う だけ の こと や けど 。	そうしてしたら、自然とね、そんなことがな、なくなるんではないかと。そら、僕自身が思うだけのことやけど。	If you raise the youngsters' awareness, I think bullying will disappear.
LI-000255	(R うーん)		
LI-000256	(R あー)		
LI-000257	(R はい)		
LI-000258	いや 、 で も それ って 。	いや、でもそれって。	But it is.
SP-000185	とにかく 、 逆 の 立場 に な っ て 物事 を 考え なさ い と 言 う こと は 。	とにかく、逆の立場になって物事を考えなさいと言うことは。	Anyway to say that to think about things in the opposite position.
LI-000259	(R うーん)		
LI-000260	(R うーん)		
SP-000186	それ と 感謝 の 気持ち は 絶対 忘れ る な と 言 う こと だけ 、 僕 は や っ て き て い ま す 、 今 の とこ 。(L おほ)	それと感謝の気持ちは絶対忘れるなと言うことだけ、僕はやってきています、今のとこ。	My policy is that I should not forget the attitude of gratitude.
LI-000261	(R うーん)(R うん)		
LI-000262	(R んー)		
LI-000263	(R わー)ありがとう ござ い ま す 。 一番 大切 な 言葉 を ちょっと お 聞 き し て 、 私 なんか で も(F もー)消え て る 言葉 な ん で す よ ね 、 ほんと に ね 。(F あのー)	ありがとうございます。一番大切な言葉をちょっとお聞きして、私なんかでも消えてる言葉なんですよね、ほんとにね。	Thank you very much. It was a very important story. Gratitude is a word that I tend to forget, seriously.
SP-000187	(R んー)いえ いえ 、 いいえ 。(L えへえ)	いえいえ、いいえ。	No, no.
SP-000188	(R うーん)だ から な 。	だからな。	So.
SP-000189	ほんで 、 僕 本人 は とにかく もう これ で 限界 や と 言 う こと で は なし に 、 もう 一歩 踏み込 ん で 、 何 か が(P)あ る ん と 違 う か と 言 う(P)こと を 常 に 考え て な 。 どんな(P)例え 農 作業 に し て も 、 ここ まで は 、 いや 、 これ より もう 一歩 踏み込 ん だ ら こう 言 う や り 方 が あ る ん と か 。(P)そう 言 う こと を とにかく 作業 で も 。	ほんで、僕本人はとにかくもうこれで限界やと言うことではなしに、もう一歩踏み込んで、何かがあるんと違うかと言うことを常に考えてな。どんな例え農作業にしても、ここまでは、いや、これよりもう一歩踏み込んだらこう言うやり方があるんとか。そう言うことをとにかく作業でも。	If I make a little more effort without thinking about limits, I always believe that I can do something. For example, I think that if I put in a little more effort more, even if I'm only doing farm work, it will inspire a good outcome.
LI-000264	(R んー)		
LI-000265	(R はい)		
LI-000266	(R あー)		
LI-000267	(R はい)		
LI-000268	(R うーん)		
LI-000269	(R はーん)		
LI-000270	(R うーん)		
SP-000190	今(P)シルバー で 僕 ら 、(P)もう シルバー に い っ て る と 言 う こと は 分か っ て ま す ね ？	今シルバーで僕ら、もうシルバーにいってると言うことは分かってますね？	We are employees of senior citizens' employment service center. Did I tell you that I work for the center? 
LI-000271	(F あ)いいえ 、(F あのー)(R はい)初めて お 聞 き し ま し て 。(R はい)	いいえ、初めてお聞きしまして。	No. This is my first-time hearing that. 
SP-000191	(R あー)分か っ て る 。 もう シルバー と 言 う て ね 。(R えん)ほんで 、(P)公園 の 清掃 を や っ て る ん や けど ね 。 二十 人 ぐらい で 、 グループ で 。	分かってる。もうシルバーと言うてね。ほんで、公園の清掃をやってるんやけどね。二十人ぐらいで、グループで。	I see. As a member of senior citizens' employment service, I clean parks with a group of 20 people.
LI-000272	(R はい)		
LI-000273	(R はい)		
SP-000192	で 、 その 最後 の や り 方 で も 、 とにかく(F ま)(P)ちっさ い こと や けど 、 でき る こと と 言 う た ら 、 やっぱり そう 言 う 公園 を きれい に し て 、 その 遊 び に 来 た 人 を な 、 ちょっと 、 ちょっと で も 気持ち よう 過ご し て もら う ため に 、(P)や っ て な 。	で、その最後のやり方でも、とにかくちっさいことやけど、できることと言うたら、やっぱりそう言う公園をきれいにして、その遊びに来た人をな、ちょっと、ちょっとでも気持ちよう過ごしてもらうために、やってな。	Even when finishing up the cleaning, although it's a small thing, I do what I can, consider the visitors of the park, and make the parks tidy so that the visitors can feel good.
LI-000274	(R あー)		
LI-000275	(R はい)		
LI-000276	(R はい)		
LI-000277	(R あー)		
LI-000278	(R はい)		
LI-000279	(R はー)		
SP-000193	そら そん だけ や っ た ら 、 報酬 は いただ い て る よ 。	そらそんだけやったら、報酬はいただいてるよ。	Of course, I get compensation.
LI-000280	(R はい)		
SP-000194	けど 、(P)その 掃除 の 仕方 で も 、(P)(F もー)ちょっと うるさ い と 言 う て る 。(F もー)これ で 良 い や ろ って 言 う 、(F もー)や っ て る 人 は あれ を する ん や けど 。 いや 、 そう 言 う 、 そこ まで する なら 、 これ も もう ちょっと こう し て た ら 、(P)見 た 目 が 違 う や ろ 、 感じ が 違 う や ろ と か な 。 そう 言 う こと を 話 を し ながら 。	けど、その掃除の仕方でも、ちょっとうるさいと言うてる。これで良いやろって言う、やってる人はあれをするんやけど。いや、そう言う、そこまでするなら、これももうちょっとこうしてたら、見た目が違うやろ、感じが違うやろとかな。そう言うことを話をしながら。	However, others say I'm a bit fussy about the way of cleaning. They clean this way and think it's sufficient, then I ask, Why don't we go extra mile if we've reached this point? I say, By that way, the park will look differently, generate a different atmosphere. We discuss such things as we work together.
LI-000281	そう で す よ ね 。(R うーん)	そうですよね。	I agree.
LI-000282	(R うん)		
LI-000283	(R うん)		
LI-000284	(R あー)		
LI-000285	(R うーん)		
LI-000286	(R あー)		
SP-000195	(F もー)とにかく 、(P)一歩 一歩 とにかく 前(L えへ)の こと 、 先 、 先 の こと を 読 ん で 、 とにかく 作業 する よう に は し て る ん や けど 。 また それ を 嫌 が る 人 も 中 に は お る し な 。(R あー)(R あー)(F もー)十 人 十 色 で な 。	とにかく、一歩一歩とにかく前のこと、先、先のことを読んで、とにかく作業するようにはしてるんやけど。またそれを嫌がる人も中にはおるしな。十人十色でな。	Anyway, I try different methods using trial and error. Of course, there are people who dislike it. There are as many opinions as there are people.
LI-000287	(R んんー)		
LI-000288	(R あー)		
LI-000289	そう で す ね 、 いろんな 方 が いらっしゃ い ま す から ね 。	そうですね、いろんな方がいらっしゃいますからね。	Well, everyone has their own opinion.
LI-000290	(R うーん)		
SP-000196	けど 、(P)こう し た ら(P)(F もー)(F あのー)見 た 目 が 違 う や ろ と か 、(P)感じ が 違 う と 言 う こと を 言 う て 、 話 し て 。	けど、こうしたら見た目が違うやろとか、感じが違うと言うことを言うて、話して。	But if we talk about differences in appearance and impression.
LI-000291	(R うーん)		
LI-000292	(R うーん)		
LI-000293	(F あ)		
LI-000294	(F あー)す い ま せ ん 。	すいません。	Excuse me. 
			