LI-000001	よろしく お 願 い いた し ま す 。 どう も 、 よろしく お 願 い いた し ま す 。 す い ま せ ん 。	よろしくお願いいたします。どうも、よろしくお願いいたします。すいません。	Nice to meet you. Well, nice to meet you. Pardon me.
SP-000001	いや 、 こちら こそ よろしく お 願 い し ま す 。 よろしく お 願 い し ま す 。	いや、こちらこそよろしくお願いします。よろしくお願いします。	Well, likewise, nice to meet you. Nice to meet you. 
LI-000002	(F えっとね)まず(F あの)明る い お 話 から ちょっと し て い き た い ん で す けど ね 。	まず明るいお話からちょっとしていきたいんですけどね。	Well, I want to start with something uplifting.
SP-000002	(R はい)		
SP-000003	(L あは)?(R はい)		
LI-000003	(F あのー)がん 、(P)がん の(F そのー)(F えーっとね)< ＩＥＲＳ	がん、がんのIER5	Cancer. IER5 Cancer.
SP-000004	がん 。	がん。	Cancer.
SP-000005	(R うーん)		
SP-000006	(R はい)		
SP-000007	(R はい)		
LI-000004	これ が 増え ま す と 、 ストレス に な っ て 、(F あの)(P)(F えー)タンパク 質 の 中 に この < ＩＥＲ	これが増えますと、ストレスになって、タンパク質の中にこのIER5	When that increases, stress is caused by IER5 in protein. 
SP-000008	(R うん)		
SP-000009	(R うーん)(R うん)(R うん)(R うん)		
SP-000010	(R うん)(R うん)今 新し い の が 出 て ま す ね 。	今新しいのが出てますね。	There's something new coming out.
LI-000005	(R ねー)何 か それ が ね 、(F あのー)そこ の 増え る の を 、 増殖 を 抑え よう と 言 う 研究 が 何 か 進 ん で る みたい な ん で す けれど も 。	何かそれがね、そこの増えるのを、増殖を抑えようと言う研究が何か進んでるみたいなんですけれども。	Well, it looks like there's a study underway on a drug that inhibits the proliferation of cancer cells.
SP-000011	(R ねー)		
SP-000012	(R えー)		
SP-000013	(R あー)		
LI-000006	それ が 進 め ば 、(P)(F あのー)がん の 増殖 が 抑え られ る と 言 う か 。	それが進めば、がんの増殖が抑えられると言うか。	If the study progresses, there'll be something to inhibit cancer cell proliferation.
SP-000014	(R うーん)		
SP-000015	何 か 、 それ は お 薬 で す か ？	何か、それはお薬ですか？	Will that be a drug or something?
LI-000007	(R はい)		
LI-000008	(F あ)開発 さ れ る みたい で す ね 。 まだ 開発 中 みたい で す ね 。	開発されるみたいですね。まだ開発中みたいですね。	Something like that will be developed. It looks like it's under development.
SP-000016	開発 中 で す か ？	開発中ですか？	Under development?
SP-000017	(R あー)(R はー)(R ははん)		
LI-000009	この < ＩＥＲＳ	このIER5	This IER5.
SP-000018	今 テレビ で ちょっと や っ て る あれ で す か 、 そう し た ら 。 若干 、(P)や っ て ま す ね 。	今テレビでちょっとやってるあれですか、そうしたら。若干、やってますね。	Is that something that's being featured in TV programs? If so, it's featured though there's just a little about it.
LI-000010	(R あー)(F あ)そう な ん で す か 。 私 は ちょっと 存 じ ま せ ん で 、 あれ や っ た ん で す けど も 。	そうなんですか。私はちょっと存じませんで、あれやったんですけども。	Oh, really? I didn't know about the one you're referring to. Sorry. 
SP-000019	(R えー)		
SP-000020	(F あのー)お 薬 みたい な の で 飲 ん で 。(P)副 作用 は 何 も な く て 。	お薬みたいなので飲んで。副作用は何もなくて。	It's like taking a drug with no side effects.
LI-000011	(R うーん)		
LI-000012	(R あー)		
SP-000021	で 、(F もー)それ さえ 飲 ん ど け ば 、 まず 湿 っ た 菌 が(P)(F あの)(P)増殖 し な い と か な 、 そんな 何 か テレビ で は や っ て ま し た よう に 聞 き ま す よ 。(R えー)	で、それさえ飲んどけば、まず湿った菌が増殖しないとかな、そんな何かテレビではやってましたように聞きますよ。	Well, if only you take that, germ cells with moisture will never proliferate or something. I heard something like that on TV.
LI-000013	(R うーん)		
LI-000014	(R あー)		
LI-000015	(F あ)そう な ん で す か 。	そうなんですか。	Oh, really?
SP-000022	そう 言 う の が でき た ら 、(F もー)よろし い で す わ ね 、 逆 に 。 がん に な っ て る 人 。	そう言うのができたら、よろしいですわね、逆に。がんになってる人。	That'd be wonderful for people with cancer, wouldn't it?
LI-000016	(R うーん)		
LI-000017	そう で す ね 。(F もー)ほんと に ね 、 がん で は(F もー)皆 さん が 苦し ん で らっしゃ い ま す し ね 。	そうですね。ほんとにね、がんでは皆さんが苦しんでらっしゃいますしね。	Yes, indeed. Seriously, people are suffering from cancer.
SP-000023	(R うーん)(R うん)(R うん)(R うん)		
SP-000024	そう で す ね 。	そうですね。	Yes, indeed.
SP-000025	そう か と 言 う て ね 、 今 三 人 に 二人 と か 、 一人 と か って な っ て ま す わ ね 。 必ず しも 誰 か 、 僕 ら で も 持 っ とん だ と 思 う ん だ けど 、 出 て こな い だけ だ から って ね 。	そうかと言うてね、今三人に二人とか、一人とかってなってますわね。必ずしも誰か、僕らでも持っとんだと思うんだけど、出てこないだけだからってね。	That being said, one out of two or three suffer from cancer. I guess everyone including myself may have cancer, but signs and symptoms may not be very obvious.
LI-000018	(R うーん)		
LI-000019	そう で す 。	そうです。	That's right.
LI-000020	(R うーん)		
LI-000021	そう な ん で す よ ね 。(F もー)私 も 身内 なんか で も 、 たくさん 、(R ねー)悲し い 思い を し た 思い も あ る ん で す けれど も ね 。	そうなんですよね。私も身内なんかでも、たくさん、悲しい思いをした思いもあるんですけれどもね。	I couldn't agree more. I have lost my nearest and dearest ones too. You know, I've been heartbroken in the past. 
SP-000026	(R ねー)(R うーん)		
SP-000027	そう な ん で す 。	そうなんです。	Exactly.
SP-000028	(R そう)(R そう)(R そう)(R そう)(R そう)そう で す ね 。	そうですね。	Yes, indeed.
SP-000029	僕 ら だ って 、 最近 出 た けど も 、 三 年 ほど 前 、 二人 とも ね 、 友達 が さ 、(P)同じ 年代 で 、 もう 五 年 前 な ん だ けど 、(P)同じく 近所 づきあい と か お 友達 し と っ た 奴 が 、 皆 やっぱ が ん で い き は っ た って 。	僕らだって、最近出たけども、三年ほど前、二人ともね、友達がさ、同じ年代で、もう五年前なんだけど、同じく近所づきあいとかお友達しとった奴が、皆やっぱがんでいきはったって。	Same here. Two of my friends and one neighbor of the same age all died of cancer. I lost my friends about three years ago, and I lost my neighbor about five years ago. The developed drug won't cure them. 
LI-000022	(R うーん)		
LI-000023	(R はい)		
LI-000024	(R はい)		
LI-000025	(R うわー)(F あ)		
LI-000026	(R あー)そう な ん で す か 。	そうなんですか。	Oh, really?
SP-000030	もう 五 年 、 五 年 経 ち ま す けど ね 。	もう五年、五年経ちますけどね。	It's been 5 years. 5 years have passed.
LI-000027	(R はい)		
SP-000031	(R うーん)だ から 、 今 奥 さん が 一人 に な っ て っ けど ね 。	だから、今奥さんが一人になってっけどね。	So, their wives have been left alone.
LI-000028	(R うーん)		
SP-000032	そう 言 う(F あの)つきあい も や っ て ま す けど 、(L あほ)やっぱ(P)七十 を 過ぎ た ら 、 気 を つけ な あ き ま せ ん わ ね 。	そう言うつきあいもやってますけど、やっぱ七十を過ぎたら、気をつけなあきませんわね。	I keep socializing with people, but you know, you've got be careful when you are over 70 years old.
LI-000029	(R うーん)		
LI-000030	ほんと で す ね 。	ほんとですね。	That's true.
SP-000033	(R うーん)		
SP-000034	だ から 親友 、 信用 、 親友 が 二人 で 、 同じ 状態 で 亡くな っ た から 、 難儀 し て ま す わ 。	だから親友、信用、親友が二人で、同じ状態で亡くなったから、難儀してますわ。	I have lost two best friends under the same conditions. So, I'm having a hard time dealing with it.
LI-000031	(R うーん)		
LI-000032	(R あー)そう で す か 。(R うーん)	そうですか。	Is that so?
SP-000035	(R うーん)そう 言 う こと も あ り ま す から ね 、 がん は ね 。(R うーん)	そう言うこともありますからね、がんはね。	Well, that's what cancer brings.
LI-000033	なぜ もっと 早 く 、 早 く と か 思 っ た けど 、 なかなか 、 なかなか ね 。	なぜもっと早く、早くとか思ったけど、なかなか、なかなかね。	Well, something could have been done sooner, a lot sooner, I thought, but in reality, that's a bit different.
SP-000036	(L ふふふふふ)なかなか ね 。	なかなかね。	Well.
SP-000037	なかなか ね 。 そう か 言 う て 、 若 かっ た ら 若 か って?年 と っ た と し て 、 また?しゃあ な い し ね 。 それ ばっかり は ね 。	なかなかね。そうか言うて、若かったら若かって年とったとして、またしゃあないしね。そればっかりはね。	It is a bit different, isn't it? But when you grow old, that'll be the same after all, won't it?
LI-000034	(R うーん)		
LI-000035	(R うーん)		
LI-000036	そう で す ね 。 ほんと に ね 。	そうですね。ほんとにね。	Yes, indeed. That's true.
SP-000038	もう 体 あ っ て の(F も)あれ や 。(L あははは)	もう体あってのあれや。	You know, nothing is more important than health.
LI-000037	(R うーん)(F も)ストレス を 溜め な い こと が 一番 。	ストレスを溜めないことが一番。	It's best if you don’t have pent-up stress.
SP-000039	(R そう)(R そう)(R そう)だ から 僕 ら 溜め な い よう に し て ん だ けど ね 、 やっぱ 若干 溜ま る わ ね 、 人間 だ から 。	だから僕ら溜めないようにしてんだけどね、やっぱ若干溜まるわね、人間だから。	So, I think we try not to do that, but we keep some inside. You know we are only human after all.
LI-000038			
LI-000039	(R はいー)		
LI-000040	そう で す ね 。 何 か 心配 事 と か が あ れ ば もう 。(R ねー)	そうですね。何か心配事とかがあればもう。	Yes, indeed. You know, whenever there's something to worry about.
SP-000040	(L あはははは)僕 ら だ って 、 僕 ら は しょっちゅう 嫁 と 子 で や っ て ま す から ね 。(L へはは)	僕らだって、僕らはしょっちゅう嫁と子でやってますからね。	Issues do happen with my wife and children all the time.
LI-000041	(L あははは)おんなじ で す 。(L うふふふふ)	おんなじです。	Same here.
SP-000041	(L ははははは)		
SP-000042	つま ら ん こと で や っ て る から 、(R うん)難儀 し ま す わ 。	つまらんことでやってるから、難儀しますわ。	Those issues are trivial but trouble makers.
LI-000042	(R うーん)		
LI-000043	ほんま に ね 。(F え)こんな こと が と 思 う よう な こと で ね 。	ほんまにね。こんなことがと思うようなことでね。	True. It's like, is it worth fighting over.
SP-000043	(R うん)(R うん)		
SP-000044	(R うん)		
SP-000045	(R そう)(R そう)(R そう)(R そう)		
LI-000044	私 も 引け な い わ と か 。(L ふふふはは)	私も引けないわとか。	It's like, I can't give in, either.
SP-000046	お 互い に?抑え と か な あ か ん の に ね 。 どう し て も 抑え きれ な く な っ て しま う ね 。(R うん)	お互いに抑えとかなあかんのにね。どうしても抑えきれなくなってしまうね。	We should both keep our emotions under control, but we end up losing control in the end. 
LI-000045	そう な ん で す よ ね 。	そうなんですよね。	I couldn't agree more.
LI-000046	(F もー)ほんと に そう で す ね 。(F もー)始終 一緒 で す し ね 。	ほんとにそうですね。始終一緒ですしね。	Yes, very much indeed. You know, we're always together and that's why.
SP-000047	(R うん)(R うーん)		
SP-000048	仲良く せ な あ か ん けど ね 。	仲良くせなあかんけどね。	Actually, we should be able to get along.
LI-000047	(F もー)(R ねー)難し い で す よ ね 、(L へ)ほんと 。(L ほほ)	難しいですよね、ほんと。	That's, indeed, difficult.
SP-000049	(L ふふふふふふふふふふふふふ)		
LI-000048	なかなか 、 そう 言 う 特効 薬 も ほし い な と 思 う ん で す けど ね 。	なかなか、そう言う特効薬もほしいなと思うんですけどね。	I wish silver bullet for such issue will be developed.
SP-000050	(R そう)(R そう)で も 、 これ も 一種 の 、 これ も や っ て ん の また あれ か も しれ ん し ね 。 ここ の 頭 の 回転 の ため に 良 い か も しれ ん けど ね 。	でも、これも一種の、これもやってんのまたあれかもしれんしね。ここの頭の回転のために良いかもしれんけどね。	Well, but in a sense, it is kind of good way to stimulate the brain.
LI-000049	(R うーん)		
LI-000050	そう で す ね 。 私 は(F あのー)女性 の 立場 と し て 、 やっぱり はい 、 はい っ て ばっかり 聞 い て い て も だめ な ん で す よ ね 。 やっぱり ね 。(R うーん)	そうですね。私は女性の立場として、やっぱりはい、はいってばっかり聞いていてもだめなんですよね。やっぱりね。	Yes, indeed. As a woman, I'd say it's not good to be always obedient after all.
SP-000051	(R うーん)		
SP-000052	(R うん)		
SP-000053	(R そう)(R そう)(R そう)		
SP-000054	(R うん)だ から(P)少し で も 、 少し で も(F こう)撤退 する と か さ 。 年 を と っ た ら やっぱ せ な あ か ん で しょ ？	だから少しでも、少しでも撤退するとかさ。年をとったらやっぱせなあかんでしょ？	So, you've got to try to back off a little, only a little. You know, when you grow old, you've got to try to do it.
LI-000051	(R うーん)		
LI-000052	(R うーん)		
LI-000053	(R うーん)		
SP-000055	向こう も 向こう で 、 なかなか(F こう)でき な い とこ も あ る から ね 。 そう か て 、 そう か て 、 僕 だ って 全然 し な い ん だ けど 、 する ん だ けど 、(P)で も 、 それ で も まだ 言 い 出 す から ね 。 で も 、 これ ばっかり は どう し よ も な い っ す 。	向こうも向こうで、なかなかできないとこもあるからね。そうかて、そうかて、僕だって全然しないんだけど、するんだけど、でも、それでもまだ言い出すからね。でも、こればっかりはどうしよもないっす。	They can't do it, either. As for me, I can't do it, either. If ever do it, we end up starting all over again. We just can't help it.
LI-000054	(R うーん)		
LI-000055	(R うーん)(R うーん)		
LI-000056	(R うーん)		
LI-000057	そう で す 。 で も 、 かえって 活性 化 が あ っ て 良 い と 思 い ま す 。(R うーん)	そうです。でも、かえって活性化があって良いと思います。	That's right. But, it may work well for you. I guess it may rejuvenate your relationship.
SP-000056	(R そう)(R そう)(R そう)(R そう)そう みたい で す ね 。	そうみたいですね。	I guess so.
LI-000058	(F もー)やっぱり 、 女性 も はい 、 はい と ばっかり 聞 い て ま す と 、 依存 心 が 強 く な っ ちゃ う よう な 気 が する ん で す ね 。(P)そう する と ね 。	やっぱり、女性もはい、はいとばっかり聞いてますと、依存心が強くなっちゃうような気がするんですね。そうするとね。	If women keep themselves obedient all the time, I guess they end up becoming so dependent. When they become like that.
SP-000057	(L はははは)		
SP-000058	そう で す 。	そうです。	That's right.
SP-000059	だ から 、 共有 する の か 、 共有 し な い か 。 あ り ま せ ん わ 、 やっぱ お 互い 。(L ひひひ)	だから、共有するのか、共有しないか。ありませんわ、やっぱお互い。	So, whether or not you share it. That's all for both of us.
LI-000059	そう で す 。(R うーん)で 、 やっぱり やり合 う って こと は 、 何 かかあたしら で も 考え ま す ん で ね 。(F あーら)ああ 言 う こと を 言わ へん かっ た ら 良 かっ た と か 思 う ん で す けど 、(P)じゃ 、 どう 言 う ふう に 持 っ て っ た ら え えん や ろ う と か ね 、 考え ま す から ね 。	そうです。で、やっぱりやり合うってことは、何かかあたしらでも考えますんでね。ああ言うことを言わへんかったら良かったとか思うんですけど、じゃ、どう言うふうに持ってったらええんやろうとかね、考えますからね。	That's right. You know, when you argue, you use your brain. You regret having said something and you come to think what you should have said.
SP-000060			
SP-000061	(R うーん)		
SP-000062			
SP-000063	難し い で す ね 。	難しいですね。	It's difficult, isn't it?
SP-000064	そう か と 言 う て ね 、(F も)僕 ら も(F もーねー)七十 五 に も な る から さ 。	そうかと言うてね、僕らも七十五にもなるからさ。	Be that as it may, you know, we'll soon be 75 years old.
LI-000060	(R うーん)		
LI-000061	(R うーん)		
LI-000062	(R うわ)(F あ)		
LI-000063	そんな 全然 。	そんな全然。	You don't look your age.
SP-000065	(R えー)七十 五 に な る から ね 、(F もー)(P)	七十五になるからね、	I'll be turning 75 soon, you know.
LI-000064	お 見え に な ら な い 。	お見えにならない。	You don't look your age.
SP-000066	結果 、(F も)けんか ばかり や っ て も ね 、(F もー)別れ た ら 困 る から ね 。(L へへへへふ)	結果、けんかばかりやってもね、別れたら困るからね。	Even though you keep fighting, you don't want to break up.
LI-000065	(R うーん)		
LI-000066	(R うーん)		
LI-000067	(R うーん)(L うふふふふふ)それ は もう 。(L ほほ)	それはもう。	That's truly understandable.
SP-000067	お 互い?これ 、 協力 し あ っ て や っ て ん で す わ 、 今 現 時点 で は 。	お互いこれ、協力しあってやってんですわ、今現時点では。	We actually argue in a concerted fashion at least now.
LI-000068	(R ねー)女性 も 一緒 で す 。(L あははは)ここ まで 一緒 に 来 て 。(P)(F もーねー)	女性も一緒です。ここまで一緒に来て。	Women feel the same way, like we've been together up to this day.
SP-000068	(L ふふふふふふふふふふふ)		
SP-000069	(R うーん)だ から お 正月 なんか は 特に ね 、 忙し く な っ て 、(F あのね)女性 は 特に ね 。	だからお正月なんかは特にね、忙しくなって、女性は特にね。	That's why people, especially women, become so busy during the new year holidays.
LI-000069	(R うーん)		
LI-000070	そう で す ね 。	そうですね。	Yes, indeed.
SP-000070	買い物 は 手伝 わ な あ かん し ね 。	買い物は手伝わなあかんしね。	Men have to give a hand in shopping.
LI-000071	そう な ん で す 。 で も 手伝 っ て もら う こと に よ っ て 、(F も)ほっと する 部分 って 言 う か 。(R ねー)	そうなんです。でも手伝ってもらうことによって、ほっとする部分って言うか。	I couldn't agree more. When they are nice enough to help us out, we kind of feel a sense of relief.
SP-000071	(R んー)		
SP-000072	だ から 互い に ね 、 やっぱ 欠点 だらけ や から ね 、 人間 。	だから互いにね、やっぱ欠点だらけやからね、人間。	Both should help each other. We are just human after all.
LI-000072	(R うーん)(R うーん)		
LI-000073	そう で す よ ね 。 補 っ て い こ う と 思 う ん で す けど 、 なかなか 。(L はははは)	そうですよね。補っていこうと思うんですけど、なかなか。	I agree. I try to make up for each other's shortcomings. But things are not that easy.
SP-000073	(R うん)		
SP-000074	(R そう)(R そう)(R そう)(R そう)(R そう)		
SP-000075	欠点 が 目立 つ ん で す よ 。 だ から 。(L ふふふふ)	欠点が目立つんですよ。だから。	The counterpart's weaknesses stand out. That's why.
LI-000074	補 う 訳 に は 、(R ねー)なかなか い か な い で す よ ね 。(R うーん)(P)(R ねー)。	補う訳には、なかなかいかないですよね。。	You can't really make up for your spouse's shortcomings, can you?
SP-000076	(R んー)そう で す ね 、 ほんま に 。	そうですね、ほんまに。	Yes, indeed. True.
SP-000077	そんな ん で 、 やっぱ がん の それ 、 今(F あのー)出 て ま す わ 。(F あの)(P)若干 出 て ま す 、 今 テレビ で 。	そんなんで、やっぱがんのそれ、今出てますわ。若干出てます、今テレビで。	So, as for cancer, you know. It's on TV now though there's just a little about it.
LI-000075	(R はい)		
LI-000076	(F あ)そう で す か 。	そうですか。	Is that so？
LI-000077	(F あ)ほんと に 。 私 。	ほんとに。私。	Really. 
SP-000078	(R うん)がん 、 がん 細胞 を 減ら し 、 減ら し て ね 、(P)何 年 後 に は 良 い 新薬 が でき る と か 何 か 言 っ て ま し た わ 、 そう 言 え ば 。(R うん)	がん、がん細胞を減らし、減らしてね、何年後には良い新薬ができるとか何か言ってましたわ、そう言えば。	Cancer. They said the drug reduces cancer cells. I just remembered that they were saying a few years from now, there'll be an innovative drug or something.
LI-000078	あれ は 。(R はい)	あれは。	That is.
LI-000079	(R わー)早 く でき て ほし い で す ね 、 ほんと に ね 。	早くできてほしいですね、ほんとにね。	I hope it'll be available soon, really.
SP-000079	そう で す ね 。	そうですね。	Yes, indeed.
SP-000080	(F あ)だ から 、 パーセント が ね 、 やっぱ 、 三 人 に 一人 が 四人 に 一人 に な っ たり し た ら ね 、 また ね 。	だから、パーセントがね、やっぱ、三人に一人が四人に一人になったりしたらね、またね。	So, the percentage, you know. If one out of three becomes one out of four, that'll be a remarkable story.
LI-000080	(R うーん)(R うーん)		
LI-000081	(R うーん)		
LI-000082	(R うーん)(F もーねー)		
LI-000083	(F もー)		
SP-000081	そう か と 言 う て 、 そんな?長生き し た く な い で す よ 、 互い に 。	そうかと言うて、そんな長生きしたくないですよ、互いに。	Be that as it may, neither of us want to live too long.
LI-000084	せ や けど 、(F も)今 お 元気 な 方 が 多 い から 、 頭 も しっかり し てらっしゃ っ て 、(F あのー)ほんと(F あの)見え ま せ ん 、 七十 五 歳 に は とって も 。	せやけど、今お元気な方が多いから、頭もしっかりしてらっしゃって、ほんと見えません、七十五歳にはとっても。	But, people these days are full of life. They function so well. They never look 75 years old.
SP-000082	(R うーん)		
SP-000083	(R うん)		
SP-000084	いやいや 。(L ふふ)	いやいや。	Not really.
SP-000085	いや 、 七十 五 で す わ 、 もう 。	いや、七十五ですわ、もう。	Well, I'm 75 years old already.
LI-000085	(R あー)そう で す か 。 すご く はつらつ と し てらっしゃ い ま す ん で 。	そうですか。すごくはつらつとしてらっしゃいますんで。	Is that so？Well, you look very lively.
SP-000086	(R ねー)		
SP-000087	だ から 今 、 今 最初 に 入 っ た 人 か て 、 七十 六 か 七 で しょ 、 もう 。	だから今、今最初に入った人かて、七十六か七でしょ、もう。	The first person that came in is, I guess, already 76 or 77 years old.
LI-000086	(F あ)(P)そう な ん で す か 。	そうなんですか。	Oh, really?
SP-000088	僕 ら より も 同 年輩 の 人 が 、 我々 の 仕事 は 多 い で す から ね 。(R うん)	僕らよりも同年輩の人が、我々の仕事は多いですからね。	Because many of brethren are have much work rather than us.
LI-000087	(R うーん)		
LI-000088	(R あー)そう な ん で す か 。	そうなんですか。	Oh, really?
SP-000089	で 、 まして 、(F あれ)僕 ら だ って ね 、 年が い っ た から って 、 そんな(F あのー)いろんな こと を 冒険 し た い から ね 。	で、まして、僕らだってね、年がいったからって、そんないろんなことを冒険したいからね。	You know, we want to take chances no matter how old we get.
LI-000089	(R あー)		
LI-000090	(R うん)		
LI-000091	(R うーん)		
LI-000092	(R うーん)		
SP-000090	やっぱ 、 何 か を やっぱり 一 つ で も や ろ う と 思 う 気 が な かっ た ら 、(F もーねー)しょぼん と する から ね 。 絶え ず 、 その 何 か 一瞬 、(P)一 つ で も 良 い から 探 し に 行 っ て 、 わあっ と 遊 ん で 来 たり 、(L ひ)遊 ん で 来 た って 悪 い けど 。	やっぱ、何かをやっぱり一つでもやろうと思う気がなかったら、しょぼんとするからね。絶えず、その何か一瞬、一つでも良いから探しに行って、わあっと遊んで来たり、遊んで来たって悪いけど。	When you aren't motivated to focus on at least one thing, you feel down. It's important to keep going out there to find something, at least one, in the moment and play hard. I don't mean to say play hard is not a good term, by the way.
LI-000093	(R うん)(R うん)		
LI-000094	(R あー)		
LI-000095	(R んー)		
LI-000096	(R うーん)(F あ)		
SP-000091	だ から 、(F あの)(P)一人 で も 出かけ ま す から ね 。	だから、一人でも出かけますからね。	So, I dare to go out by myself.
LI-000097	(R へー)		
LI-000098	(R あー)そう で す か 。 すご い 。	そうですか。すごい。	Is that so? Amazing.
SP-000092	(R うん)		
SP-000093	(R うん)そう 言 う こと を し て 、 ちょっと で も 体 の 維持 を 。(L ほほほほ)	そう言うことをして、ちょっとでも体の維持を。	By doing that kind of thing, I try to stay fit. 
LI-000099	(R うーん)それ は とって も 大事 な こと で す もん ね 。	それはとっても大事なことですもんね。	That's very important, isn't it?
LI-000100	いや 、 こちら は さっき 、(F あのー)こちら の ね 、 これ は ちょっと 暗 い お 話 な ん で す けど も 。(F あのー)こないだ ロケット を ね 、 打ち上げ に 失敗 し て ね 。	いや、こちらはさっき、こちらのね、これはちょっと暗いお話なんですけども。こないだロケットをね、打ち上げに失敗してね。	Well, the next topic, is a bit gloomy. About a rocket launch that failed.
SP-000094	(R はい)		
SP-000095	(R はい)		
SP-000096	(R はい)(R はい)(R はい)		
SP-000097	(R あー)あ き ま せ ん だ ね 。	あきませんだね。	That was bad, wasn't it?
SP-000098	失敗 し ま し た ね 。 日本 一番 最初 の 小さ い やつ で ね 。(R うん)	失敗しましたね。日本一番最初の小さいやつでね。	It failed. The launch of Japan's smallest rocket ever.
LI-000101	(R ねー)		
LI-000102	(R うーん)		
SP-000099	あれ か て 、 何 で あんな に な っ た ん か な 。 やっぱり エンジン が 。	あれかて、何であんなになったんかな。やっぱりエンジンが。	About that launch. I wonder what on earth went wrong? It was the engine wasn't it.
LI-000103	何 か ね 、 コスト を 下げ よう と 言 う の で 、 これ を 読 ん で ま す と ね 、(F あ)これ に は あんまり 書 い て な かっ た ん で す けど も 、 コスト を 下げ よう って 言 う の が テレビ で 何 か ちょっと や っ て ま し て 。	何かね、コストを下げようと言うので、これを読んでますとね、これにはあんまり書いてなかったんですけども、コストを下げようって言うのがテレビで何かちょっとやってまして。	Well, they suggested costs could be reduced. This article it didn't explain much. However, the TV covered a bit on the aim to reduce the launch cost.
SP-000100	(R ねー)		
SP-000101	(R そう)(R そう)(R そう)		
SP-000102	(R うーん)(R ふーん)(R ふーん)		
SP-000103	何 か?と か 、 五 億 円 で でき る と か 何 か 言 っ て ま し た ね 、 一 基 。	何かとか、五億円でできるとか何か言ってましたね、一基。	Like, they say it takes 500 million yen or something to make one.
LI-000104	(R ねー)		
LI-000105	(R ねー)		
LI-000106	で も(F あのー)ちょっと ね 、 最後 の 方 に 、(F あのー)テレビ で 言 う て た ん で す けれど も 。(P)今 まで 成功 し て 、 失敗 し たん が これ だけ だっ た ん で す って 。	でもちょっとね、最後の方に、テレビで言うてたんですけれども。今まで成功して、失敗したんがこれだけだったんですって。	Well, at the end of the TV program there was an explanation that they had been successful before and that particular one was the first failure.
SP-000104	(R ふーん)		
SP-000105	(F あ)これ だけ で す か 。(R はー)	これだけですか。	Was it the only one?
LI-000107	(R はい)ずうっと 失敗 し て き ま し た よ ね 。 で 、 成功 し て から ずうっと 成功 し て た ん だ そう で す わ 。 で 、 初めて の 、 成功 し て から 初めて の 失敗 だ そう な ん で 。	ずうっと失敗してきましたよね。で、成功してからずうっと成功してたんだそうですわ。で、初めての、成功してから初めての失敗だそうなんで。	They had constantly experienced failure after failure until the first successful launch. After the first successful launch followed a string of success. So, this time's failure stopped the sequential success.
SP-000106	(R うーん)		
SP-000107	(R ふーん)で 、 まして これ は 軽量 だっ た で しょ ？	で、ましてこれは軽量だったでしょ？	Well, that thing was lightweight, wasn't it? 
LI-000108	(F まーねー)		
LI-000109	そう で す ね 。(R うーん)	そうですね。	Yes, indeed.
SP-000108	普通 の サイズ で な い で しょ 。 だ から 、 なおさら(F その)一番 最初 の やつ や から 、 もっと 慎重 に や る べ き が 、(P)何 か 第 三 の 、 第 二 の ロケット で す か ？	普通のサイズでないでしょ。だから、なおさら一番最初のやつやから、もっと慎重にやるべきが、何か第三の、第二のロケットですか？	It wasn't regular size. So, they should have been more careful in the first place. The launch failed because of the second-stage or third-stage rocket, right?
LI-000110	(R うーん)		
LI-000111	(R うーん)		
LI-000112	(R はい)(R はい)		
SP-000109	切り離し 可 で す か ？ それ 。	切り離し可ですか？それ。	Can the rocket be discarded?
LI-000113	(F あ)だいぶ 良 い って 書 い て あ り ま し た ね 、 ここ ね 。(R はい)	だいぶ良いって書いてありましたね、ここね。	The article says how good it is. Here.
SP-000110	第 二 で しょ 。 それ が 切り離 し が まず かっ た ん で しょ 。 で 、 こう 破裂 し て しま っ て 。	第二でしょ。それが切り離しがまずかったんでしょ。で、こう破裂してしまって。	It was the second-stage rocket, wasn't it? The second-stage rocket was not discarded successfully. It just exploded.
LI-000114	そう みたい で す ね 。	そうみたいですね。	I guess so.
SP-000111	(F え)(F あのー)大気 圏 に もう 行 っ て しま っ た ん で しょ ？	大気圏にもう行ってしまったんでしょ？	It went into the atmosphere after all, didn't it?
LI-000115	(R うーん)		
LI-000116	(R はい)		
LI-000117	(R ねー)		
SP-000112	だ から それ は 残念 だ と 思 う けど 、 そう 言 う こと や ん 。 これ から そう 言 う こと で 、 良 い ね 、 ロケット も また 作れ る と 思 い ま す よ 、 日本 の 技術 だ って 。	だからそれは残念だと思うけど、そう言うことやん。これからそう言うことで、良いね、ロケットもまた作れると思いますよ、日本の技術だって。	Well, I think that's too bad, but that was all, right? From now on, they'll learn from this mistake. Don't you agree? They can make rockets again, I believe. I think Japanese technology can do it.
LI-000118	(R うーん)		
LI-000119	(R うん)(R うーん)		
LI-000120	(F ね)失敗 し て ね 。 日本 の 技術 は すご い で す もん ね 。	失敗してね。日本の技術はすごいですもんね。	It was a failure. You know, Japanese technology is amazing.
SP-000113	技術 。	技術。	Technology.
SP-000114	そう ね 。	そうね。	Yes.
SP-000115	そう 、 そう 、 これ は 、 一 つ だけ で 失敗 し た ん で す か ？(R はー)	そう、そう、これは、一つだけで失敗したんですか？	Oh, yes, yes. Did that one shot lead them to failure?
LI-000121	(F あ)何 か ね 、 最後 の 方 に ちらっ と 言 っ て ま し て 。(F あ)そう な ん や と 思 っ て 。	何かね、最後の方にちらっと言ってまして。そうなんやと思って。	Well, they said a bit of something at the end. Then I realized that was it.
SP-000116	(R へー)		
SP-000117	その 前 に も や っ て な かっ た か ね ？	その前にもやってなかったかね？	Didn't they make the same failure in the past?
SP-000118			
LI-000122	(F あの)(F そのー)(F もー)この 成功 する 前 は 。(F もー)	この成功する前は。	Before they succeeded in this one.
SP-000119	九十 、 九十 七 パーセント か 、 九十 八 パーセント か で 言 っ て ま し た から ね 。	九十、九十七パーセントか、九十八パーセントかで言ってましたからね。	90, 97 or 98 percent, they said.
LI-000123	(R ねー)		
SP-000120	一 パーセント は これ や っ た ん か ね ？(L へ)	一パーセントはこれやったんかね？	So, this one was the one percent?
LI-000124	(R ねー)か も わか り ま せ ん ね 。	かもわかりませんね。	That's possible.
SP-000121	(R えー)		
LI-000125	すご い な と 思 っ て 。	すごいなと思って。	I thought it was amazing.
SP-000122	(R んー)		
LI-000126	(F あのー)日本 の 方 は すご い な と 思 い ま し て ね 。 ノーベル 賞 で も たくさん 日本 の 方 は 取 ら れ ま す し ね 。	日本の方はすごいなと思いましてね。ノーベル賞でもたくさん日本の方は取られますしね。	I think Japanese people are amazing. There are quite a few Nobel Prize winners in Japan.
SP-000123	(R んー)(R んー)(R んー)(R ん)(R んー)(R んー)		
SP-000124	ただ 今(P)そう 言 う 面 も 良 い ん だ けど 、 なかなか ね 、(F あのー)それ ばっかり(F こう)持ち上が っ て る けど 、 下 の 方 が ね 。	ただ今そう言う面も良いんだけど、なかなかね、そればっかり持ち上がってるけど、下の方がね。	Well, that's the good side of things. Only those people are in the limelight and the other group of people, you know.
LI-000127	何 か 。	何か。	what?
LI-000128	(R うーん)(R うーん)		
LI-000129	(R うん)		
LI-000130	(R あー)		
SP-000125	下 の 階級 が ね 、(F もー)(P)人間 関係 が ね 、 今 、 今 社会 問題 に な っ て る で しょ ？	下の階級がね、人間関係がね、今、今社会問題になってるでしょ？	You know people lower down the hierarchical ladder, and those people's complicated relationships, these things are coming into the spotlight.
LI-000131	そう で す ね 。(R うーん)	そうですね。	Yes, indeed.
LI-000132	(R はい)		
SP-000126	(F あのー)介護 と か さ 、(P)(F あの)親子 の 問題 と か ね 、 子供 の 拉致 と か いっぱい あ り ま す やん 。 そっち の が 何 か(F もーねー)暗 い で す ね 。 僕 ら に は そう 言 う 明る い ニュース は 良 い ん だ けど 。	介護とかさ、親子の問題とかね、子供の拉致とかいっぱいありますやん。そっちのが何か暗いですね。僕らにはそう言う明るいニュースは良いんだけど。	Well, there are so many issues like long-term care for the elderly, parent-child relationship problems, and child abduction. These are even darker issues. To me, uplifting news is welcome.
LI-000133	(R はい)		
LI-000134	(R えー)(R うーん)		
LI-000135	ほんま に ね 。	ほんまにね。	True.
LI-000136	(R うーん)		
SP-000127	(R んーん)		
LI-000137	何 か ね 、(F もー)ちょっと(F こ)何 て 言 う ん で す か ね 、 先程 の 方 とも ちょっと お 話 を し て た ん で す けれど も 。(F その)(P)私 なんか で も 孫 の しつけ 方 と か ね 、(F もー)ついつい 遠慮 し て る 部分 が あ る ん で す けれど も 、 いろんな こと を やっぱり 。	何かね、ちょっと何て言うんですかね、先程の方ともちょっとお話をしてたんですけれども。私なんかでも孫のしつけ方とかね、ついつい遠慮してる部分があるんですけれども、いろんなことをやっぱり。	Well, I don't know how to put it, but I had a chat with other interlocutors earlier on. I'm also kind of reserved about rearing my grandchildren. I tend to hold back in many situations involving the discipline of grandchildren, too.
SP-000128	暗 い 、 暗 い 。	暗い、暗い。	The world is so gloomy.
SP-000129	(R うん)		
SP-000130	(R えー)(R えー)(R えー)		
SP-000131	(R うーん)		
SP-000132	そう で す ね 。	そうですね。	Right.
LI-000138	(R ねー)		
SP-000133	で 、 今日 日 、(F あの)お 孫 さん も 、 好き 勝手 言 う で しょ 、 昔 から と 比べ て 。	で、今日日、お孫さんも、好き勝手言うでしょ、昔からと比べて。	Well, nowadays grandchildren tend to say whatever they want to say compared to back in the older days.
LI-000139	そう で す ね 。	そうですね。	Yes, indeed.
LI-000140	(R ねー)		
SP-000134	昔 や っ たら 、 じい じ 、 ばあば が ちょっと 言 う こと を 聞 い た っ た ら ね 、 思 う と っ て 。 今 は もう そう で な い で しょ 。	昔やったら、じいじ、ばあばがちょっと言うことを聞いたったらね、思うとって。今はもうそうでないでしょ。	Back in those days, youngsters obeyed when Grandma and Grandpa ordered to behave. Nowadays things are different and that hardly happens. 
LI-000141	(R うーん)		
LI-000142	(R うーん)		
SP-000135	(F も)好き 勝手 に 与え られ る し 、 行 っ た ら あ る もん を 好き に でき る し ね 、 何 で も あ る から ね 。	好き勝手に与えられるし、行ったらあるもんを好きにできるしね、何でもあるからね。	They are given what they want, whatever it is. 
LI-000143	(R うーん)		
LI-000144	(R うーん)		
LI-000145	(R うーん)		
SP-000136	(F まー)それ が(F まー)幸せ なんか 、 幸せ で な い か は 分か ら ん けど 、 結局 、 じじばば が 一番 しんど い 目 に する 。(L ふふふふふふふふふ)	それが幸せなんか、幸せでないかは分からんけど、結局、じじばばが一番しんどい目にする。	I don't know if that's called happiness, but Grandpa and Grandma draw the short straw anyway.
LI-000146	(R うん)		
LI-000147	(R うん)(R ねー)		
LI-000148	(F え)(L ほふふふふふふ)		
LI-000149	いろんな こと が あ り ま す から ね 。 何 か ほんと に 、(F あ)そう や 私 ら が 活躍 せんなあ か ん ね や ろ か 、 と か 思 い ながら 。(P)あれ 、 し ま す よ ね 。	いろんなことがありますからね。何かほんとに、そうや私らが活躍せんなあかんねやろか、とか思いながら。あれ、しますよね。	You know, there are so many things. Well, we've got to play an active role, I think from time to time. You know, we do that.
SP-000137	(R うーん)		
SP-000138	(F も)活躍 する 自体 終わ っ た から 、(F もー)あと は 自分 の 維持 だけ で も 大変 で す よ 。 僕 ら だ って 七十 五 に な る けど 、 何 と か 。	活躍する自体終わったから、あとは自分の維持だけでも大変ですよ。僕らだって七十五になるけど、何とか。	When you finish playing an active role, you are going to have a hard time in keeping yourself the way you are. We're going to be 75 years old and we make it somehow.
LI-000150	(R あー)		
SP-000139	それ を 保 っ て 、 保 つ の に やっぱ(P)自分 で 稼 が し て 、 がんば ら ん こと に は ね 。	それを保って、保つのにやっぱ自分で稼がして、がんばらんことにはね。	It's important to stay fit. To stay fit, you must earn money by yourself.
LI-000151	(R うーん)		
LI-000152	(R うーん)		
LI-000153	(R うーん)		
SP-000140	そう か 言 っ て 、 まい ん ち 、 まい ん ち 寝 と って も しょう が な い で す から ね 。 家 に 、 家 に お っ て も しかたな い し ね 。	そうか言って、まいんち、まいんち寝とってもしょうがないですからね。家に、家におってもしかたないしね。	While it may be true, it'd be so unproductive if you stay in bed day in, day out. It'd get you nowhere if you stayed at home.
LI-000154	(R うーん)		
LI-000155	で も 、 すご い で す よ 。	でも、すごいですよ。	Well, that's amazing.
LI-000156	(R うーん)や っ てらっしゃ い ま す から 、 すご い な と 思 い ま す 。	やってらっしゃいますから、すごいなと思います。	For how you act, I think you are amazing.
SP-000141	(R んーん)		
SP-000142	そう っ す か ね 。	そうっすかね。	You think so？
LI-000157	(R うーん)私 なんか ついつい(F も)部屋 に い た ら 、 ぼーっ(L ほほほ)と テレビ に 。	私なんかついつい部屋にいたら、ぼーっとテレビに。	When I'm home, I tend to keep watching TV, thinking about nothing.
SP-000143	(L あはは)		
SP-000144	いや 、 ぼうっと し て ま す よ 、 たまに も 。 人間 、 人間 は やっぱ(F あのー)ぼうっと する 時 も 良 い し 、 大事 だ し さ 、 働 く こと も 大事 だ し 、 だ から 僕 か って ちょっと 今?だ って ね 、(P)(F も)働か し て もら っ て る から ね 。	いや、ぼうっとしてますよ、たまにも。人間、人間はやっぱぼうっとする時も良いし、大事だしさ、働くことも大事だし、だから僕かってちょっと今だってね、働かしてもらってるからね。	Oh, me, too. I sometimes do nothing and just relax. We human beings need time for vegetating, of course, as well as working. So, I myself work a little even at this age.
LI-000158	そう ？ そんな ふう に は 全然 。	そう？そんなふうには全然。	Oh really? You don’t seem so.
LI-000159	(R うーん)		
LI-000160	(R はい)		
LI-000161	(R はい)		
LI-000162	(F あ)し てらっしゃ る ん で す か 。(R あー)	してらっしゃるんですか。	Are you still working?
SP-000145	(R うん)だ から 、 だ から 、 体 は(F もー)今 言 っ た よう に 、(P)絶え ず 動か し て る から ね 。	だから、だから、体は今言ったように、絶えず動かしてるからね。	Yeah. Well, like I said, I always do physical activities.
LI-000163	(R あー)(F あ)		
SP-000146	一 週間 に 二 回 、 三 日?時 は ね 。(P)体 を 動か し ま す から ね 。(R うーん)そんな ん で やっぱ(P)ぼうっと し て る こと も 大事 だ し 、 仕事 する こと も 大事 だ し(P)ね 。 勉強 する こと も 大事 だ し 。(L ふふふ)	一週間に二回、三日時はね。体を動かしますからね。そんなんでやっぱぼうっとしてることも大事だし、仕事することも大事だしね。勉強することも大事だし。	Yes, for two or three days a week. I get physical activity while working. So, I think both relaxing and working are important for humans. Studying is also important.
LI-000164	(R はい)		
LI-000165	(R はい)		
LI-000166	(R うーん)		
LI-000167	(R ねー)(R うーん)		
LI-000168	(R あー)		
LI-000169	すご い で す ね 。	すごいですね。	Great.
SP-000147	(L あははははははは)		
LI-000170	(F もー)(R ねー)買い もん なんか に 行 っ た ら ずっと テレビ を 観 た は る 人 も い は る し 、 いや と か 思 い ま す けど 。 すご い 。	買いもんなんかに行ったらずっとテレビを観たはる人もいはるし、いやとか思いますけど。すごい。	When I go shopping, I see some people just watch TV and do nothing. those people don't seem like they want to work. But you! My hat’s off to you!
SP-000148	(L あははは)		
SP-000149	僕 は あんま り 、(F そのー)あんま テレビ も 最近 観 ま せ ん わ 。 あんな バラエティ ばっ かね 、?から 。	僕はあんまり、あんまテレビも最近観ませんわ。あんなバラエティばっかね、から。	I don’t watch TV very much. It's full of variety programs.
LI-000171	(R あー)多 く な り ま し た ね 。	多くなりましたね。	Yeah, those programs have been increasing.
SP-000150	(R うーん)やっぱ ちょっと 価値 の あ る やつ しか 観 な い から ね 。	やっぱちょっと価値のあるやつしか観ないからね。	I like somewhat informative ones.
LI-000172	(R うーん)		
SP-000151	で 、 価値 の あ る やつ は 、(F もー)時間 内 で 観 られ へん かっ た ら ビデオ を し て ね 。	で、価値のあるやつは、時間内で観られへんかったらビデオをしてね。	When I can’t watch a whole program, I record it.
LI-000173	(R うん)そう で す よ ね 。	そうですよね。	I see.
SP-000152	ビデオ を し て 、 編集 し て 、 自分 で テープ で 録 っ と け ばえ え から 、 あと で 観 て 、 観 た い 時 は ね 。(R うーん)そう 言 う 。	ビデオをして、編集して、自分でテープで録っとけばええから、あとで観て、観たい時はね。そう言う。	After recording, I edit and keep it on a videotape to watch whenever I want.
LI-000174	(R あー)		
LI-000175	操作 は 自分 で さ れ る ん で す か ？	操作は自分でされるんですか？	Do you edit them yourself?
SP-000153	(R はー)(R はー)(R はー)(R はー)		
LI-000176	(F あ)そう な ん で す か 。(R はー)	そうなんですか。	Yes, I do.
SP-000154	(R はー)(R はー)		
SP-000155	全部(F あのー)(F あの)ビデオ カメラ が あ る で しょ ？	全部ビデオカメラがあるでしょ？	There are video cameras for that kind of work, you know.
LI-000177	(R はい)		
SP-000156	それ で 撮 っ て き て さ 、 あれ を 僕 は だいぶ 前 から 使 っ て ま す ねん 。	それで撮ってきてさ、あれを僕はだいぶ前から使ってますねん。	Video cameras to record. I have used mine for quite some time.
LI-000178	(R はー)		
SP-000157	行 く たび に それ を 持 っ て っ て 、 その 景色 な り 、 自分 なり に(P)いろんな もん を 撮 っ て 、 で 、(F あのー)テレビ で ダビング し て 、(P)で 、 テープ で また ダビング し 直 す と 。	行くたびにそれを持ってって、その景色なり、自分なりにいろんなもんを撮って、で、テレビでダビングして、で、テープでまたダビングし直すと。	When I go somewhere, I bring it with me and record scenery and other things I come across. Then I copy the tape using the TV monitor to another tape.
LI-000179	(R はー)(R はー)		
LI-000180	(R はい)		
LI-000181	(R はー)		
LI-000182	(F あ)そう な ん で す か 。	そうなんですか。	Really.
SP-000158	再生 し直 し て た ん で 。 そう 言 う こと も や り ま す から ね 。	再生し直してたんで。そう言うこともやりますからね。	Because I've replayed the movies. I do such things.
LI-000183	(R へー)すご い 。	すごい。	Wonderful.
SP-000159	だ から 、 いろいろ やっぱ わか ら ん かっ た ら 、 自分 で(P)向上 心っ ちゅ う か さ 、 な かっ た ら ね 、 でき な い から ね 。	だから、いろいろやっぱわからんかったら、自分で向上心っちゅうかさ、なかったらね、できないからね。	So, I think that when you have questions about something, aspirations may erupt. And if there’s no such aspiration, people can do nothing.
LI-000184	(R あー)		
LI-000185	(R はん)(R はん)(R あん)(R あん)		
SP-000160	分か ら ん かっ た ら 、 説明 書 を 見 て さ 、(P)説明 書 を 見 て も 分か ら ん かっ た ら 、 電気 屋 さん まで 聞 き に 行 っ たり し て 。	分からんかったら、説明書を見てさ、説明書を見ても分からんかったら、電気屋さんまで聞きに行ったりして。	If you don’t understand, you should consult the manual. If you still don’t understand even though you consult the manual, you should go ask the electronics shop.
LI-000186	(R うーん)		
LI-000187	(R うん)		
LI-000188	(R あー)		
SP-000161	それ で でき る よう に な り ま す わ 、 自然 体 に 。	それでできるようになりますわ、自然体に。	That way, you’ll be able to do it, spontaneously.
LI-000189	(F あ)		
LI-000190	そう な ん で す か 。 すご い(F あの)積極 的 な 生き 方 を なさ っ てらっしゃ い ま す ね 。	そうなんですか。すごい積極的な生き方をなさってらっしゃいますね。	Is that so? You are living a pretty positive life.
SP-000162	いや 、 積極 的 か どう かしらん けど 、 それ ぐらい は 、 それ ぐらい は やっぱ や ら ん と ね 、 人間 は ぼうっと しと っ た ら(P)あ き ま せ ん で って 。	いや、積極的かどうかしらんけど、それぐらいは、それぐらいはやっぱやらんとね、人間はぼうっとしとったらあきませんでって。	I don’t know whether I’m positive, but I believe we should at least check the manual or ask the store staff. Human beings must not be lazy.
LI-000191	(R うわー)積極 的(R あー)前向き 。	積極的前向き。	Positive and proactive.
LI-000192	(R うーん)(R うーん)		
LI-000193	ほんと で す ね 。(R うーん)	ほんとですね。	You can say that again.
SP-000163	嫁 さん に いつ も 言 わ れ てんねん 。 そんな だめ で す わ 、 だめ や っ て っ て 。	嫁さんにいつも言われてんねん。そんなだめですわ、だめやってって。	My wife always says to me like “No, that’s not good. You shouldn’t veg out.”
LI-000194	(F あ)奥 様 が そう や っ て おっしゃ る ん で す か 。(F あ)	奥様がそうやっておっしゃるんですか。	Does your wife say so?
SP-000164	(R そう)(R そう)(R そう)(R そう)(R そう)		
LI-000195	ほんと に 。	ほんとに。	Aha.
SP-000165	きつ い で 。	きついで。	So harsh.
LI-000196	(R わ)ほんと に ？(L ふふふふふ)	ほんとに？	Really?
SP-000166	(R うん)(F もー)奥 さん 、 奥 さん も きつ そう や けど 、 僕 は 。	奥さん、奥さんもきつそうやけど、僕は。	Yeah, my wife, my wife is harsh, too. And I myself.
LI-000197	(F あ)いや 、 きつ く な い で す 。 私 、 それ ね 。	いや、きつくないです。私、それね。	No, you’re not so harsh, at least for me.
SP-000167	うち の 、 うち の やつ も きつ い ねん 。	うちの、うちのやつもきついねん。	My, my wife is also active.
LI-000198	(L あは)そう な ん で す か 。	そうなんですか。	Oh, is she?
SP-000168	(L ははは)		
LI-000199	(L あは)ほんま に ？	ほんまに？	Really?
SP-000169	(F ま)きつ い から いけ る ん と ちゃ い ま す か ？	きついからいけるんとちゃいますか？	She's active because her personality is harsh.
LI-000200	そう で す ね 。(R うーん)	そうですね。	Aha.
SP-000170	(R うーん)ぼうっと し て い た ら ね 、 そんな もん 、 金銭 感覚 も な い わ 、 何 も え え って 言 わ れ た ら 困 る から ね 。	ぼうっとしていたらね、そんなもん、金銭感覚もないわ、何もええって言われたら困るからね。	If she were lazy and took nothing seriously, she might not have sense of money and say okay to everything. It would be hard for me.
LI-000201	(R うーん)		
LI-000202	(R うーん)		
LI-000203	そう で す ね 。	そうですね。	I see.
SP-000171	ある 程度 やっぱ 、 そう か て お 小遣い は ちゃんと ね 、 自分 で 今 働 い た 分 、 でき ま す から ね 。 それ で 、 好き な こと も でき ま す ねん 。	ある程度やっぱ、そうかてお小遣いはちゃんとね、自分で今働いた分、できますからね。それで、好きなこともできますねん。	People should control themselves to an extent. I set my allowance based on what I earn, and I can use it for my pleasure.
LI-000204	(R うーん)		
LI-000205	(R うーん)		
LI-000206	(R あー)えら い で す 。	えらいです。	Good!
SP-000172	(R うん)(R うん)		
LI-000207	(R ねー)		
LI-000208	(F もー)何 か 結構 ね 、 定年 退職 さ れ た ら 、(F こう)今日 。(R うーん)	何か結構ね、定年退職されたら、今日。	Well, if you retire, nowadays.
SP-000173	(R そう)		
SP-000174	だ から ね 、(P)六十 、 今 、 六十 か 六十 五 に な っ て る ？	だからね、六十、今、六十か六十五になってる？	Well, sixty. Is it sixty or sixty-five now?
LI-000209	(R はい)な っ て ま す ね 。	なってますね。	Ah, yes. It’s been pushed back.
SP-000175	僕 だ って さ 、 もう 十 五 年 も 前 に 定年 に な り ま し た やん 。	僕だってさ、もう十五年も前に定年になりましたやん。	I myself reached the retirement age fifteen years ago.
LI-000210	(R うん)		
LI-000211	(R はい)		
SP-000176	もう 七十 五 だ から 。	もう七十五だから。	I’m seventy-five now.
LI-000212	(R はー)そう で す ね 。(R はーん)	そうですね。	Aha.
SP-000177	ね ？ で 、 十 五 年間 、(P)十 五 年間 、 定年 に な っ た けど 、 十 五 年間 ずうっと 上が り っぱなし 。	ね？で、十五年間、十五年間、定年になったけど、十五年間ずうっと上がりっぱなし。	See? And it has been pushing back for these fifteen years since I retired.
LI-000213	(R うーん)		
LI-000214	(R はー)そう で す か 。	そうですか。	Okay.
SP-000178	こないだ 休 ん で な い ん で す よ 。(L はは)	こないだ休んでないんですよ。	During those days, I never took days off.
LI-000215	(F あ)ほんと に 。 すご い 。	ほんとに。すごい。	You didn't? Oh, that’s great.
SP-000179	(R うん)どっ か で 見つけ た ら 、 どっ か で また 行 っ て 。 二 年 ほど 行 っ て 、 また 違 う とこ や っ た 。	どっかで見つけたら、どっかでまた行って。二年ほど行って、また違うとこやった。	When I found a new job, I took it. And then after two years, I found another job.
LI-000216	(R うーん)		
LI-000217	(R うーん)		
SP-000180	で 、 今 の とこ は(F も)三 年 目 で す けど ね 。	で、今のとこは三年目ですけどね。	It’s been three years since I started working for this company.
LI-000218	(F あ)		
SP-000181	それ で ずっと 七十 五 まで つな い でき て ま す わ 。	それでずっと七十五までつないできてますわ。	I have kept working and turned seventy-five recently.
LI-000219	ほんと で す か 。	ほんとですか。	Okay.
LI-000220	(R はー)		
SP-000182	止ま っ て な い ん で す よ 。	止まってないんですよ。	I haven’t stopped working.
LI-000221	(F あ)		
LI-000222	そう な ん で す か 。	そうなんですか。	Really?
SP-000183	(R うん)そう 言 う(P)自分 で 計画 し て ね 。 体 が 動け る 間 は(P)動か そ か な と 思 っ て 。	そう言う自分で計画してね。体が動ける間は動かそかなと思って。	I planned it. I planned to work while I can still work.
LI-000223	(R うーん)		
LI-000224	(R うーん)		
LI-000225	(R はー)		
SP-000184	それ で 、 家 に お っ て も しかたな い ねん 。 いつ も こんなん せん なん から 。(L ははははは)	それで、家におってもしかたないねん。いつもこんなんせんなんから。	I have nothing to do at home. I don't have an occasion like today daily.
LI-000226	(R うーん)		
LI-000227	そう で す ね 。(L あふふふふふふ)	そうですね。	Right.
SP-000185	しょう も な い こと は でき ま せ ん わ な 。	しょうもないことはできませんわな。	I don’t want to do useless things.
SP-000186	だ が 、 僕 だ って ね 、 一 週間 に ね 、 三 日 も お ら ん かっ た ら?でき ま す やん 。 ずうっと しょっちゅう 、(P)三百 六十 五 日 一緒 や っ た ら 困 り ま す よ 、 お 互い に 。	だが、僕だってね、一週間にね、三日もおらんかったらできますやん。ずうっとしょっちゅう、三百六十五日一緒やったら困りますよ、お互いに。	If I do this I can stay away three days a week. My wife would think I was disturbing her if I stayed with her all 365 days, and vice versa.
LI-000228	(R うーん)		
LI-000229	(R うーん)		
LI-000230	(R うーん)		
LI-000231			
LI-000232	そう で す よ 。(R うーん)	そうですよ。	Yes, I understand.
LI-000233	(R うーん)		
SP-000187	そう 言 う お 互い に 、 この クリア に い き ね 、 楽 な 気持ち で 遊 ん で ま す わ 、 うち の 嫁 も 。	そう言うお互いに、このクリアにいきね、楽な気持ちで遊んでますわ、うちの嫁も。	So, we, my wife and I, are enjoying ourselves comfortably.
LI-000234	(F もー)		
LI-000235	(R はー)		
LI-000236	(F あ)		
LI-000237	そう で す か 。	そうですか。	I see.
SP-000188	それ で(F あ)何 か よく?で な い か な と 思 っ たり し て ん で す 。(R うん)(R うん)(R うん)(R うん)(R うん)	それで何かよくでないかなと思ったりしてんです。	I think it is the best way for us.
LI-000238	(R ふーん)		
LI-000239	(R うーん)		
LI-000240	そう 思 い ま す 、 私 も 。	そう思います、私も。	I agree with you.
LI-000241	やっぱり お 互い に ストレス を 溜め な い こと が 一番 良 い で す もん ね 。	やっぱりお互いにストレスを溜めないことが一番良いですもんね。	It is best not to increase stress for each other.
SP-000189	溜め な い こと 。(R うん)	溜めないこと。	Not increasing stress.
LI-000242	男性 も 長 い 間 社会 で 働 い て き て ね 、 いらっしゃ っ て 。(P)急 に ね 。(R うーん)	男性も長い間社会で働いてきてね、いらっしゃって。急にね。	A man works in a society for so long and suddenly.
SP-000190	(R そう)		
SP-000191	お陰 さま で 、 元気 や っ た から ね 、 病院 、 病院 に あんま 行 っ た こと が な い ん で す よ 。	お陰さまで、元気やったからね、病院、病院にあんま行ったことがないんですよ。	I’m happy to say that I have been well. I rarely need to see a doctor.
LI-000243	(F は)そう な ん で す か 。(R へー)	そうなんですか。	Haven’t you?
SP-000192	(R うん)		
SP-000193	だ から 、 それ で 体 が 大丈夫 な んか な と 思 っ たり し て 。 そう か て 、(F もー)食べ た い もん の 暴飲 暴食 は あんまし な い から ね 。	だから、それで体が大丈夫なんかなと思ったりして。そうかて、食べたいもんの暴飲暴食はあんましないからね。	Well, that’s why I think I’m strong. I don’t eat nor drink too much.
LI-000244	(R うーん)		
LI-000245	(R うーん)		
LI-000246	(F あ)		
LI-000247	普段 から も ちゃんと(F こう)(F あのー)節度 が あ る って 言 う か 。	普段からもちゃんと節度があるって言うか。	You usually behave somewhat restrained.
SP-000194	(R うーん)		
SP-000195	(R そう)(R そう)歩 く こと を し 、 一人 で も あっちこっち 、 さっき も 言 っ た よう に 、 行 く から ね 。	歩くことをし、一人でもあっちこっち、さっきも言ったように、行くからね。	I walk to go from place to place like I said before.
LI-000248	(R あー)		
LI-000249	(R うん)		
LI-000250	(R はー)		
SP-000196	一人 で ほんま は 行 っ た ら 危な い ん だ けど ね 、 山 、 山 で も 。	一人でほんまは行ったら危ないんだけどね、山、山でも。	Actually, it is no good to hike in the mountains alone.
LI-000251	(F あ)		
LI-000252	山 を(F こう)ずっと 登 っ て 行 か は る ん で す か ？	山をずっと登って行かはるんですか？	Do you hike in the mountain?
SP-000197	(R あー)		
LI-000253	(R へー)すご い 。	すごい。	Wow!
LI-000254	(R へー)		
SP-000198	だ から 、 ハイキング なんか 特に ね 、 家 から 近 い から ね 。 生駒 山 なんて 近 い から 。	だから、ハイキングなんか特にね、家から近いからね。生駒山なんて近いから。	I hike Mt. Ikoma a lot. It’s near my house.
LI-000255	(R はー)		
LI-000256	(R はー)良 い で す ね 。 良 い 環境 と 言 う か 。(P)すご い で す ね 。	良いですね。良い環境と言うか。すごいですね。	Sounds good. You must live in a nice area. Well, that's wonderful.
SP-000199	(R うん)		
SP-000200	登 っ たって 、 すぐ また 下り て 来れ る で しょ ？ 三十 分 か 一 時間 が あ っ た ら 下り て 来 ま す やん 。	登ったって、すぐまた下りて来れるでしょ？三十分か一時間があったら下りて来ますやん。	I can climb up and down the mountain quickly, in thirty minutes or an hour.
LI-000257	(R うーん)		
LI-000258	(F え)		
LI-000259	そんな ん で 行け る ん で す か ？	そんなんで行けるんですか？	Can you?
SP-000201	家 の 横 から 歩 く 道 が あ り ま す から ね 。	家の横から歩く道がありますからね。	There’s a path to the mountain beside my house.
LI-000260	(R うーん)		
LI-000261	(R はー)		
SP-000202	それ が あれ で やっぱ 、(P)たまに も 行 く し ね 。	それがあれでやっぱ、たまにも行くしね。	So, I sometimes go on a hike. 
LI-000262	(R うーん)		
SP-000203	(R うん)だ から 、 そう 言 う こと は 自分 で ストレス な い よう に せんなら ん し 。	だから、そう言うことは自分でストレスないようにせんならんし。	It’s a way to release my stress.
LI-000263	(R へー)		
LI-000264	生駒 山 っ て あたし は 上が っ た こと が な い ん で す けど 、 高 い 山 や から 、(P)ずいぶん 。	生駒山ってあたしは上がったことがないんですけど、高い山やから、ずいぶん。	I’ve never climbed Mt. Ikoma as it’s a pretty high mountain.
SP-000204	いや 、 そんな 高 く な い で しょ 。 五百 も な い で しょ 。	いや、そんな高くないでしょ。五百もないでしょ。	No, not so high. It is no higher than five hundred meters.
LI-000265	(R うーん)		
LI-000266	(F あ)		
SP-000205	(R うん)		
LI-000267	そう な ん で す か 。(R へー)	そうなんですか。	Oh, really?
SP-000206	(R うん)(R うん)(R うん)		
SP-000207	だ から 、 今 行 っ た ら 僕 ら で 、(P)今 、 宝山 寺 っ て お 寺 あ る で しょ ？	だから、今行ったら僕らで、今、宝山寺ってお寺あるでしょ？	So, if I go there now, there’s a temple named Hozanji.
LI-000268	(R はい)		
SP-000208	あそこ まで だ と 三十 分 で 上が れ る で しょ ？ そっ から また 三十 分 で 、 一 時間 で 上が れ ま す わ ね 。	あそこまでだと三十分で上がれるでしょ？そっからまた三十分で、一時間で上がれますわね。	I can go up there in thirty minutes, and from there, I can reach the summit in thirty minutes. It’s an hour in total.
LI-000269	(R へー)		
LI-000270	(R うわー)良 い こと を お 聞 き し ま し た 。 そんな に 近く に あ る ん で す ね 。	良いことをお聞きしました。そんなに近くにあるんですね。	That’s good to know. It’s that close to your place.
SP-000209	あ り ま す 、 あ り ま す 。	あります、あります。	Yes, yes.
LI-000271	(R へー)		
SP-000210	家 の 近く だ から ね 、(P)(F もー)裏 、 裏 の(F こう)あれ で 行 っ たら すぐ(F あの)登山 口 、 参道 を 歩 く?道 が あ る から ね 。	家の近くだからね、裏、裏のあれで行ったらすぐ登山口、参道を歩く道があるからね。	It’s close to my house. When I follow the path at the back of my house, I can soon reach the starting point for the trail. 
LI-000272	(R うーん)		
LI-000273	(R あー)		
SP-000211	(F ま)そう 言 う こと で 、(P)何 か の 目的 で や ら ん かっ た ら ね 。	そう言うことで、何かの目的でやらんかったらね。	Well, people need some reasons to do something.
LI-000274	(R あー)		
LI-000275	すご い で す ね 。 それ で(F こう)ビデオ を 撮 っ てらっしゃ っ て 、(P)で 、 家 に 帰 っ て 、 編集 さ れ て 。	すごいですね。それでビデオを撮ってらっしゃって、で、家に帰って、編集されて。	Great. You video-tape your hiking and edit it at home.
SP-000212	(R そう)(R そう)(R そう)(R そう)(R そう)(R そう)		
SP-000213	?し て 、(P)編集 し て 、(P)で 、(F あの)今 テープ に(F あん)ダビング 、 < ＶＳ に(P)(P)(F あのー)ダビング し て 、 それ を また(P)観 た かっ た ら そこ で 日 にち を ね 、 記録 し と け ば 何 日 、 何 日 に どこ に 行 っ たって 書 い て あ れ ば 、 すぐ 入 る から ね 。	して、編集して、で、今テープにダビング、VHSにダビングして、それをまた観たかったらそこで日にちをね、記録しとけば何日、何日にどこに行ったって書いてあれば、すぐ入るからね。	Yes, I edit it and copy it to a tape. I copy it to a VHS tape. To watch it on another day, I record the date and place that I went to. 
LI-000276	(R うーん)		
LI-000277	(R はい)		
LI-000278	(R はい)		
LI-000279	(R はー)		
LI-000280	(R あー)そう で す か 。	そうですか。	I see.
SP-000214	観 た かっ た ら 、 すぐ 観 られ ま す よ 。	観たかったら、すぐ観られますよ。	To do so, I can easily find the one I want to watch.
LI-000281	(F そのー)何 て 言 う ん で す か 。 ダビング を する と か 、(F そのー)(P)撮 っ て き て 、 また こう や る と か 、(F もー)この 説明 書 を 読 ん で 、 や る の が(F もー)いや に な っ て しま っ て 、 おっくう に な っ て 、 だ から どんどん 、 どんどん 機械 から ね 、 手遅れ に な っ て い く ん で す けど も 。	何て言うんですか。ダビングをするとか、撮ってきて、またこうやるとか、この説明書を読んで、やるのがいやになってしまって、おっくうになって、だからどんどん、どんどん機械からね、手遅れになっていくんですけども。	What can I say…? For me, it’s a pain to copy tapes, record, or do something with a manual at a hand. I’m gradually moving away from machines.
SP-000215	(R うん)		
SP-000216	(R うん)		
SP-000217	(R うん)		
SP-000218	(R うん)		
SP-000219	(L ははは)		
SP-000220	だ から 、 僕 が これ(F もー)三、四十 代 ぐらい から や っ て る ん かね 。	だから、僕がこれ三、四十代ぐらいからやってるんかね。	I have been doing this since I was in my 30s or 40s.
SP-000221	今 の あれ で 三 台 、 二 台 目 、 二 台 を 壊 し て しま っ て 、(F も)古 い 形 や から 直 し て も(P)損 だ から ね 。	今のあれで三台、二台目、二台を壊してしまって、古い形やから直しても損だからね。	My current video camera is the second, the third one. The previous two broke. Since they were old, it would have cost more if I had them repaired. 
LI-000282	(R へー)		
LI-000283	(R はい)		
SP-000222	今 新し い やつ を 買 っ て 、 五 年 経 ち ま す わ 。	今新しいやつを買って、五年経ちますわ。	I have been using the current one for five years.
LI-000284	(R あー)		
SP-000223	そんな ん で 、(P)前 の 二 台 なんか(F も)全然 動 き ま せ ん 。 三 年 ほど ペケ し ま し た わ 。	そんなんで、前の二台なんか全然動きません。三年ほどペケしましたわ。	The previous two couldn’t work at all. They broke down around three years ago.
LI-000285			
LI-000286	(R へー)(R うん)(R うん)(R うん)		
SP-000224	(F もー)修理 し て も もったい な い から ね 。	修理してももったいないからね。	It’s no use to have them repaired. It would cost too much.
SP-000225	(R うーん)		
SP-000226	今(F あの)この バッテリー が ね 、 全然 違 う もん に な っ て しま っ てっから ね 。	今このバッテリーがね、全然違うもんになってしまってっからね。	Now, the batteries have been totally changed.
LI-000287	そう で す ね 。	そうですね。	I see.
LI-000288	(R うん)		
LI-000289	(R はーん)		
SP-000227	テープ も 違 う で しょ 、 今 。	テープも違うでしょ、今。	Tapes have also been changed.
LI-000290	(R はい)違 い ま す よ ね 。	違いますよね。	Yeah.
SP-000228	今 全部 デジタル に な っ て る から ね 。	今全部デジタルになってるからね。	All the tapes have been replaced by digital disks.
LI-000291	(R はい)		
SP-000229	前 は テープ だっ た で しょ 、 こんな おっき い こんな テープ 。	前はテープだったでしょ、こんなおっきいこんなテープ。	They used to be tapes, those big tapes.
LI-000292	(R はー)		
LI-000293	(R うん)そう で す ね 。(R ふん)(R うん)(R うん)	そうですね。	Right.
SP-000230			
SP-000231	今 それ が なくな っ た で しょ ？	今それがなくなったでしょ？	They are no longer used now.
LI-000294	(R うん)(R ふーん)(R はい)		
LI-000295	(R あー)そう な ん で す か 。(P)こんな ん ね 、 ちっちゃ い の に な っ て ま す よ ね 。	そうなんですか。こんなんね、ちっちゃいのになってますよね。	Are they? Media has become this small.
SP-000232	今 全部 、 全部 デジタル だ から 。	今全部、全部デジタルだから。	Yeah, recording mediums are all digital now.
SP-000233	(R そう)(R そう)(R そう)(R そう)(R そう)(R そう)		
SP-000234	シャー と 回 し て ね 。	シャーと回してね。	They rotate with hiss.
LI-000296	(R あー)(R はー)		
SP-000235	あれ も なくな っ た から ね 。	あれもなくなったからね。	Now each and everything becomes outdated and falls into disuse.
LI-000297	私 は こんな ちっちゃ な っ た 、 な っ てんねん な ぐらい に しか 分か ら な い で す けれど も 。 すご い で す ね 。	私はこんなちっちゃなった、なってんねんなぐらいにしか分からないですけれども。すごいですね。	I've been feeling that everything is becoming smaller and smaller. That’s great.
SP-000236	(L あははははははは)		
SP-000237	(R えー)そう 言 う あれ で 、 もう 四 台 目 で す わ 、 今 。	そう言うあれで、もう四台目ですわ、今。	Well, that’s the reason the current video camera is the fourth one.
LI-000298	(R へー)四 台 目 。	四台目。	The fourth.
LI-000299	(R はー)		
SP-000238	(F もー)古 い やつ も 置 い て あ る けど ね 。 使い もん に な ら ん けど も 。	古いやつも置いてあるけどね。使いもんにならんけども。	I keep older ones but they don’t work.
LI-000300	(R うーん)		
SP-000239	だ から 、 バッテリー が 違 う から ね 。 使い もん に な ら ん の は 当たり前 で す ん わ ね 。	だから、バッテリーが違うからね。使いもんにならんのは当たり前ですんわね。	The battery is different, so the older ones don't work.
LI-000301	すご い で す 。(R うーん)	すごいです。	Super.
LI-000302	それ を 使 い こな さ は る って 言 う の が 、 やっぱり すご い で す ね 。(P)なかなか 。	それを使いこなさはるって言うのが、やっぱりすごいですね。なかなか。	You are amazing to fully utilize the latest appliances. That's cool!
SP-000240	(R うーん)		
SP-000241	(R うーん)		
SP-000242	好き だ から ね 、 やっぱ 。(L はは)	好きだからね、やっぱ。	That’s because I like it.
LI-000303	(R ねー)		
SP-000243	好き で や っ て る から 。 嫌い だっ た ら せえ へん で しょ 、 誰 も 。	好きでやってるから。嫌いだったらせえへんでしょ、誰も。	I use that because I like it. If you don’t like, who would do it?
LI-000304	(R うーん)(R うーん)		
SP-000244	パソコン で も そ や ねん 。 好き や っ た ら や る けど 、 パソコン で も ね 。	パソコンでもそやねん。好きやったらやるけど、パソコンでもね。	The same thing can also be said about PCs. You would use a PC if you like.
LI-000305	(R うーん)		
LI-000306	なかなか 触 ら な い 方 が 多 い じゃ な い で す か 。 若 い 方 は 、 そう 言 う 機会 が たくさん あ り ま す から 。	なかなか触らない方が多いじゃないですか。若い方は、そう言う機会がたくさんありますから。	Most seniors hesitate to use them, I think. Young people have lots of opportunities to get to know them, but seniors...
SP-000245	多 い で しょ 。(R うん)	多いでしょ。	Yeah, I think so, too.
SP-000246	(R うん)		
SP-000247	まし て 世代 、 世代 で(P)すぐ 入れ る こと と 、 未だ に 入 っ て これ な い 時 が あ る から ね 。	まして世代、世代ですぐ入れることと、未だに入ってこれない時があるからね。	Still, there are things that can be adopted easily and not so easily by each generation.
LI-000307	(R うーん)		
LI-000308	(R あー)そう で す ね 。	そうですね。	I see.
SP-000248	(R うーん)		
SP-000249	頭 の 回転 が 回 ら な い から ね 。	頭の回転が回らないからね。	We seniors are slow on the uptake.
LI-000309	いや 、 で も すご い で す わ 。 そこ まで や っ た はる って 言 う の は すご い で す 。	いや、でもすごいですわ。そこまでやったはるって言うのはすごいです。	No, you’re not! I really respect you for doing such things on your own.
SP-000250	(L ふ)		
LI-000310	(R あー)		
SP-000251	(F ま)好き だ から でき る ん ちゃう か な と 思 っ て ん で す よ 。(R うん)	好きだからできるんちゃうかなと思ってんですよ。	That’s because I like it.
LI-000311	ちょっと 見習 わ な い と 、 私 も 。(F もー)パソコン の 前 に 座 っ た ら 、 眠 た な っ て 寝 て る こと が 多 く っ て 。	ちょっと見習わないと、私も。パソコンの前に座ったら、眠たなって寝てることが多くって。	I should follow the good examples. In fact, I often feel sleepy when I sit in front of the PC.
SP-000252	(L あはははは)		
SP-000253	だ から 、 絶え ず(F そう)やっぱ 好奇 心っ ちゅ うんか ね 。	だから、絶えずやっぱ好奇心っちゅうんかね。	We should always have curiosity.
LI-000312	(R うーん)		
SP-000254	だ から 、 電気 屋 さん に 行 っ て も さ 、 いろんな ん が 出 て ま す やん 、 新 製品 と か 。	だから、電気屋さんに行ってもさ、いろんなんが出てますやん、新製品とか。	Nowadays, there are various new products at electronics shops.
LI-000313	(R はい)		
LI-000314	(R はい)		
LI-000315	(R はい)		
SP-000255	それ を 見 て やっぱ 、(F こ)どう な っ て 、 こんな ん や っ て 、 や っ て る ん かな っ て 、 それ も 興味 が あ り ま す よ 。	それを見てやっぱ、どうなって、こんなんやって、やってるんかなって、それも興味がありますよ。	And when I see such products, I get curious about how they work.
LI-000316	(R はー)そう で す か 。	そうですか。	Oh, do you?
SP-000256	例え(F あの)オーブン トースター で や っ て も ね 、 新し い 製品 が 出 て る で しょ 、 今 。	例えオーブントースターでやってもね、新しい製品が出てるでしょ、今。	For example, there’s a new toaster oven at a shop now.
LI-000317	(R ふん)		
LI-000318	(R はい)		
SP-000257	古 く な っ た ら 、 違 う 機能 が 入 っ たり ね 、 新し い 機能 が 入 っ たり する から ね 。	古くなったら、違う機能が入ったりね、新しい機能が入ったりするからね。	It has some new functions different from old ones.
LI-000319	(R はい)		
LI-000320	(R はい)		
LI-000321	(R はー)		
SP-000258	あんな ん を 見 に 行 く の が 好き で す ね 。	あんなんを見に行くのが好きですね。	I like to go see such kinds of new products.
LI-000322	いや 、 で も すご い 良 い こと で す ね 。	いや、でもすごい良いことですね。	Oh well, that’s a good thing.
SP-000259	(R うーん)		
LI-000323	私 なんか 新し い の を 買 っ て も 、(P)(F こう)前 の 手順 の 通り で や っ て て 、 うん 、 これ は こう なんか な って 言 う(L ふふ)感じ で や っ ちゃ い ま す けど 、(P)やっぱ 読 ん で い く と 、 やっぱり 新し い 発見 と か が あ り ま す もん ね 。	私なんか新しいのを買っても、前の手順の通りでやってて、うん、これはこうなんかなって言う感じでやっちゃいますけど、やっぱ読んでいくと、やっぱり新しい発見とかがありますもんね。	I myself follow the same procedure that I used to do with the old one when I buy a new appliance. I usually don’t read the manual, but if I read it, I may learn something new. 
SP-000260	(L ははははは)		
SP-000261	(R そう)		
SP-000262	(R うん)読 ん で って 、 ここ が そう や っ た な と 言 う ポイント が 分か っ た ら 、 あと は(F その)逆 に でき る で しょ ？	読んでって、ここがそうやったなと言うポイントが分かったら、あとは逆にできるでしょ？	When you read the manual and understand the new points, then you can use those functions.
LI-000324	(R うーん)(R ふん)(R うん)(R うん)		
SP-000263	で 、 どう し て も 分か ら ん 時 は 電気 屋 さん 、 専門 店 へ 聞 き に 行 く ん で す よ 。	で、どうしても分からん時は電気屋さん、専門店へ聞きに行くんですよ。	And if it happens that you cannot understand at all, you should go ask the electronics shop clerk, the specialist.
LI-000325	(R はー)		
SP-000264	で 、 電気 屋 さん で 分か ら ん 時 は 、 もう しゃあ な い わ ね 。(P)分か ら ん ねん から 。	で、電気屋さんで分からん時は、もうしゃあないわね。分からんねんから。	And if they can’t understand, you should give up. No one can understand. 
LI-000326	(R はい)		
LI-000327	(R あー)(R あん)(R あん)(R あん)		
SP-000265	また 違 う こと で 。 変 な とこ で な く 、 違 う とこ を たまたま パッ と 押 し て 、 押 し て 、(P)パッ と 画面 が 出 て 来る 時 が あ る から ね 。 ここ は こう し なさ い って(F あの)説明 書 が 出 る から ね 、 画面 に 。 そう し た ら 分か り ま す から ね 。	また違うことで。変なとこでなく、違うとこをたまたまパッと押して、押して、パッと画面が出て来る時があるからね。ここはこうしなさいって説明書が出るからね、画面に。そうしたら分かりますからね。	When you are doing something different, it sometimes happens that you push some buttons and a screen comes up suddenly to tell you how to operate the appliance. Then you can understand it. 
LI-000328	(R はい)		
LI-000329	(R はい)		
LI-000330	(R はい)		
LI-000331	(R はい)		
LI-000332	(F は)(P)そう で す か 。	そうですか。	Okay.
SP-000266	たまたま 偶然 が そう な っ て 来る から 。 何 も 触 ら ん かっ た ら(F んー)でき な い か も しれ な い けど ね 。	たまたま偶然がそうなって来るから。何も触らんかったらできないかもしれないけどね。	It could happen by chance. If you don’t touch the appliance, it won’t happen.
LI-000333	(R うーん)		
LI-000334	(R うーん)(R うん)		
SP-000267	そう 言 う こと で やっぱ	そう言うことでやっぱ	Like I said.
LI-000335	(R はー)		
SP-000268	何 の と やら と や っ て 、(P)	何のとやらとやって、	I enjoy myself.
SP-000269	楽し ん で ま す わ 。(L ははは)(P)(L は)	楽しんでますわ。	Doing this and that.
LI-000336	(R あー)そう で す か 。	そうですか。	I see.
LI-000337	すご い な 。(L あははほほほ)携帯 を 持 っ た は 良 い けれど 、(L ほはは)(F あの)(L ほほ)スマホ を 持 っ た は 良 い けれど っ て 言 う 感じ で す けど ね 。	すごいな。携帯を持ったは良いけれど、スマホを持ったは良いけれどって言う感じですけどね。	Super! Thinking back about myself, I have a cellphone, a smartphone, but do nothing with it.
SP-000270	(L ははは)		
SP-000271	(L あはは)		
SP-000272	行 っ て ま す ね 。(R えー)(R うーん)	行ってますね。	You’re getting older.
LI-000338	(R あー)そう で す か 。	そうですか。	Yeah.
LI-000339	いや 、 ちょっと あたし は(F あのー)自分 の 持 っ て る 感覚 を 、 ちょっと 直 し た い な と 思 い ま し た 。(L ふふふ)	いや、ちょっとあたしは自分の持ってる感覚を、ちょっと直したいなと思いました。	I feel I should change my way of thinking.
SP-000273	(F あ)		
SP-000274	(L あははは)		
SP-000275	僕 だ って 、 古 い 人間 だ から ね 。 古 い 、 もう 七十 五 に な っ た 古 い 人間 で す から ね 。	僕だって、古い人間だからね。古い、もう七十五になった古い人間ですからね。	I’m in the old generation. I am already seventy-five years old.
LI-000340	(F もー)何 か 触 ら な い って 方 が 多 い で す もん ね 。(R うーん)もう これ 以上 は 踏み込 ま な い って 言 う か 。 分か ら な い から そこ は 素通り し て 、 や り 方 だけ って 言 う 方 が 多 い で す もん ね 。 そう じゃ な くっ て 、 そこ まで 。	何か触らないって方が多いですもんね。もうこれ以上は踏み込まないって言うか。分からないからそこは素通りして、やり方だけって言う方が多いですもんね。そうじゃなくって、そこまで。	Most seniors don’t try new things, don’t go into new fields. They put it away because they don’t understand it. Most of them want to know only the basics to operate, it but you want to further your knowledge of new functions.
SP-000276	多 い で す よ ね 。(R うん)(R うん)(R うん)	多いですよね。	Yeah, most of them hesitate to use new functions.
SP-000277	(R うーん)		
SP-000278	(R うーん)(R うーん)		
LI-000341	(R あー)		
LI-000342	ありがとう ござ い ま す 。 良 い こと が 聞け て 。(L ふほほほほ)	ありがとうございます。良いことが聞けて。	Thank you very much. It was a pleasure to talk with you.
SP-000279	いや 、 いや 、 いや 、 いや 、 いや 。 そう 言 う あれ で やっぱ 、(P)自分 の 体 を ね 、 今 がん の 話 に な っ た けど 、(P)がん に な ら な い よう に ね 。	いや、いや、いや、いや、いや。そう言うあれでやっぱ、自分の体をね、今がんの話になったけど、がんにならないようにね。	Well, the pleasure’s mine. Take care of yourself. We talked about cancer. Don’t get cancer yourself.
LI-000343	(R うーん)		
LI-000344	(R はい)		
LI-000345	そう で す ね 。	そうですね。	Thank you.
SP-000280	な っ た ら な っ た で 落ち込 む か も しれ ん けど 、 人間 って ね 。	なったらなったで落ち込むかもしれんけど、人間ってね。	When we get cancer, we will get depressed. We human beings are like that.
LI-000346	(R うーん)で も 楽し い こと を し て る って 言 う こと は 、 やっぱり お 好き な こと を し て る って こと は ね 、 良 い こと で す もん ね 。 また がんば っ て くださ い 。(L あふ)ありがとう ござ い ま す 。	でも楽しいことをしてるって言うことは、やっぱりお好きなことをしてるってことはね、良いことですもんね。またがんばってください。ありがとうございます。	Well, it is good to enjoy yourself doing something you like. Keep it up! Thanks for your talk.
SP-000281	(R うん)		
SP-000282	はい 、 そう で す ね 。(R はい)(R はい)(R はい)	はい、そうですね。	Yes, likewise.
SP-000283	(R はい)		
SP-000284	(R あい)		
LI-000347	す い ま せ ん 、 どう も 。	すいません、どうも。	Thank you very much.