LI-000001	よろしく お 願 い し ま す 。	よろしくお願いします。	I'm happy to be here.
SP-000001	?		
LI-000002	今日 は 何 か 、 明る い ニュース と(F あの)暗 い ニュース と の 二 つ で 、 ちょっと お 話 を(P)(F あの)し て い き た い と 思 い ま す けれど も 。	今日は何か、明るいニュースと暗いニュースとの二つで、ちょっとお話をしていきたいと思いますけれども。	Today I would like to talk about two pieces of news, one uplifting and one gloomy.
SP-000002	(R はい)		
SP-000003	(R はい)		
SP-000004	(R はい)		
LI-000003	この 明る い お 話 は ね 、(F あの)がん の 薬 が 何 か ちょっと でき 始め る 研究 を(P)ね 、 治療 薬 が でき る 、 今 研究 を し た はる みたい な ん で す けれど も 。	この明るいお話はね、がんの薬が何かちょっとでき始める研究をね、治療薬ができる、今研究をしたはるみたいなんですけれども。	The uplifting news is that they have been doing research to develop cancer medicine.
SP-000005	(R はい)		
SP-000006	(R あーんー)(R はい)		
SP-000007	(R はい)		
LI-000004	(F あのー)(P)		
LI-000005	< ＩＥＲ ファイブ で す か 、 あたし も ちょっと 難し い こと は よく 分か ら な い で す けれど も 、(P)これ が 増え ま す と 、 < ＩＥＲＳ ファイブ が 増え ま す と 、(P)(F あのー)がん に な る 。	IER5ですか、あたしもちょっと難しいことはよく分からないですけれども、これが増えますと、IER5ファイブが増えますと、がんになる。	Is that about IER5? I'm not sure about technical issues, but I heard that IER5 will increase cancer.
SP-000008	(R はー)		
SP-000009	(R あい)		
SP-000010	(R うん)		
LI-000006	ストレス の 中 に 加わ っ て っ て 、 がん に な る 可能 性 が 高 い と 言 う 薬 が あ り ま し て 。 ここ を ね 、 ここ を 止め れ ば 、 この タンパク 質 を 止め れ ば 、(P)(F あのー)がん に な ら な い って 言 う 。	ストレスの中に加わってって、がんになる可能性が高いと言う薬がありまして。ここをね、ここを止めれば、このタンパク質を止めれば、がんにならないって言う。	Cancer cannot develop if we can stop the growth of proteins that are highly likely to become cancerous by stress being added.
SP-000011	(R はい)		
SP-000012	(R はー)		
LI-000007	(R うーん)今 そう 言 う 何 か 研究 が さ れ て る みたい な ん で す けれど も 。	今そう言う何か研究がされてるみたいなんですけれども。	Currently such research is being conducted.
SP-000013	(R あー)そう す か 。(R はい)	そうすか。	Is that so?
LI-000008	(R ねー)がん って 怖 い で す もん ね 。(L へへへほほ)私 なんか(F も)ひやひや し ながら 。(L はは)	がんって怖いですもんね。私なんかひやひやしながら。	I am scared of cancer. I am afraid that I will get cancer someday.
SP-000014	(L ふははは)		
SP-000015	(R ねー)(R うーん)(R なー)		
SP-000016	そう ね 。(F えー)(R はい)	そうね。	Yes.
LI-000009	(F もー)年 一 回 の 人間 ドック に は 、 必ず 行 っ て る ん で す けれど も 。(R はいー)(L いひ)怖 く て 。(L ふふ)	年一回の人間ドックには、必ず行ってるんですけれども。怖くて。	I always go to a yearly health check, but I am still very scared.
SP-000017	(L は)		
SP-000018	(R あー)そう す か 。	そうすか。	Is that so?
SP-000019	(R あー)(R はい)		
LI-000010	(R ねー)こう 言 う の が(P)開発 さ れ ま す と 、 ほんと に ね 、(P)良 い と 思 う ん で す けれど も 。(R はい)(P)あれ で す か ね 。	こう言うのが開発されますと、ほんとにね、良いと思うんですけれども。あれですかね。	I would be very pleased if these medicines are developed. However.
SP-000020	(R はい)		
LI-000011	ストレス と か 、(P)(R ねー)やっぱり 受け やす い で す もん ね 。	ストレスとか、やっぱり受けやすいですもんね。	People are prone to receive stress, aren't they?
SP-000021	そう ね 。 あ り ま す ね 。	そうね。ありますね。	That is correct.
LI-000012	(R うーん)		
LI-000013	(F あの)私 の 身内 なんか で も 、 ちょっと 悲し い 思い を し た もん が たくさん い る ん で す けれど も 。	私の身内なんかでも、ちょっと悲しい思いをしたもんがたくさんいるんですけれども。	There are many people who have had a hard experience in my family.
LI-000014	(R ねー)この がん の(P)あれ で す か ね 。	このがんのあれですかね。	Because of cancer.
LI-000015	(F も)(P)普段 から(F こ)健康 に 気 を つけ てらっしゃ い ま す ？	普段から健康に気をつけてらっしゃいます？	Do you care about your health normally?
SP-000022	いや 、(F もー)(P)(F あのー)(L ふ)(P)健康 や と 思 っ て て も あ か ん ね 、 年 、(P)?気 が 若 い ん や けど さ 、 やっぱ は た から 見 た ら お じいや 。(L あははははははははは)	いや、健康やと思っててもあかんね、年、気が若いんやけどさ、やっぱはたから見たらおじいや。	Yeah, I am careful about my health. But even though I think I'm pretty healthy, I am old.
LI-000016	(R うん)		
LI-000017	(R うーん)		
LI-000018	何 を おっしゃ い ま す か 。	何をおっしゃいますか。	No way.
SP-000023	いや 、 皆(F あの)(F あの)仲間 は 、 連れ も 、(P)(P)(F まー)どっち か 言 う た ら 会社 勤め を し て ま し た ん で ね 。	いや、皆仲間は、連れも、どっちか言うたら会社勤めをしてましたんでね。	My friends and my wife worked at the company.
LI-000019	(F もー)拝見 し て た ら 。	拝見してたら。	I saw so.
LI-000020	(R うーん)		
LI-000021	(R はい)		
SP-000024	大体 そう 言 う つきあい が 多 い で す や ん 。 同じ よう に 年 を と っ て い く から 、 分 か ら へん 、 おい お前 て な 、 はた から 見 て た ら えら い お じいや で と 言 う て 。 いや 、 僕 ら で も そう 思 い ま す よ 。	大体そう言うつきあいが多いですやん。同じように年をとっていくから、分からへん、おいお前てな、はたから見てたらえらいおじいやでと言うて。いや、僕らでもそう思いますよ。	Their only friends are company colleagues. They do not feel that they are old because they take years of age in the same way.
LI-000022	(R はい)		
LI-000023	(R うーん)		
SP-000025	わしら から 見 て て 、(P)(F あのー)(P)えら い おっ さん や な と 思 っ て 、 わし 、 わし ら と おない 年 や と か ね 。	わしらから見てて、えらいおっさんやなと思って、わし、わしらとおない年やとかね。	Sometimes I see a guy and think, Whoa, he's such an old man, but he turns out to be of an age with me, or, us.
LI-000024	(R うーん)		
LI-000025	(R うーん)		
SP-000026	知 ら ん 、 そ や から 、(P)	知らん、そやから、
	Because it is so,
SP-000027	そう 言 う ふう に 見 られ てんねん な と 思 う ん や けど ね 。 まだ 気 が 若 い わ ね 。(L はは)	そう言うふうに見られてんねんなと思うんやけどね。まだ気が若いわね。	So, I'm aware that in the third party's eyes I'm an old man. But I do feel young at heart.
LI-000026	(R いえー)で も 、 それ って すご い 大事 な こと で す よ ね 。(R うー)	でも、それってすごい大事なことですよね。	I think being young at heart is important.
SP-000028	(F えー)そ や な 。	そやな。	I agree.
LI-000027	(F あのー)お 気持ち が お 若 かっ た ら 、 やっぱ 全体 に お 若 く ね 、 な っ て き は り ま す し ね 。 全然 はつらつ と 私 は 拝見 し た ん で す けど も 、?怖 く な っ て 。(L へははのほあはははは)	お気持ちがお若かったら、やっぱ全体にお若くね、なってきはりますしね。全然はつらつと私は拝見したんですけども、怖くなって。	If the heart is young, everything will become young. I saw you and I felt very fine and that was awesome.
SP-000029	そう ね 。(R えー)	そうね。	It may be.
SP-000030	(R うーん)		
SP-000031	(L ははははは)		
SP-000032	いやいや 。(F まー)	いやいや。	No.
SP-000033	(F まー)気 ばっかり が わ こ う て ね 。	気ばっかりがわこうてね。	I only have a young heart.
LI-000028	(R うーん)		
SP-000034	いや 、 体 が つ い て い か ん ね 、 やっぱり 。 もう 七十 に 回 る と 。	いや、体がついていかんね、やっぱり。もう七十に回ると。	After all, my physical ability is declining, when you are in your 70s,
LI-000029	(R あー)そう で す か ね 。	そうですかね。	Really?
SP-000035	最近 足 が やっぱ 弱 く な っ て ね 。	最近足がやっぱ弱くなってね。	My feet are getting weak these days.
LI-000030	(F あ)そう な ん で す か 。(R うーん)	そうなんですか。	Is that so?
SP-000036	(R うーん)		
SP-000037	便所 は 晩 に よう 行 く よう に な っ た し 。		
LI-000031	(F え)	便所は晩によう行くようになったし。	The frequency of going to the toilet at night increased.
SP-000038	お 便所 に 晩 ね 。	お便所に晩ね。	Toilet at night.
LI-000032	(F あ)(R あー)		
SP-000039	やっぱ 今 まで(F もー)そんな ん 十 年 ほど 前 や っ た ら 朝 ね 、 晩 に 寝 た ら 朝 まで 起き ひん だ けど ね 。	やっぱ今までそんなん十年ほど前やったら朝ね、晩に寝たら朝まで起きひんだけどね。	10 years ago, once I fell asleep, I wouldn't get up until morning.
LI-000033	(R うわー)(R はん)(R はん)		
SP-000040	今 、 そら 、 で 、 皆 に 聞 い て た ら 、 それ 普通 や で と 言 う から 。	今、そら、で、皆に聞いてたら、それ普通やでと言うから。	Now, when I asked everyone around me, they tell me that's something typical.
LI-000034	そう で す よ 。(L あはははふへへ)で 、 こんなん は 冬場 や っ た ら 特に ね 、 あれ で す し ね 。 寒 い で す から ね 。	そうですよ。で、こんなんは冬場やったら特にね、あれですしね。寒いですからね。	That's right. Especially when it is cold in winter.
SP-000041	(L ふははははは)		
SP-000042	(L はははは)		
SP-000043	(F あ)冷や し た ら あ か ん ねん ね 。	冷やしたらあかんねんね。	It is bad to cool your body.
SP-000044	温 う し た ら 、 やっぱり ま し や けど ね 。	温うしたら、やっぱりましやけどね。	You feel better when you keep yourself warmer.
LI-000035	(R ねー)また 寒 い で す から ね 。	また寒いですからね。	We're still in a cold season.
SP-000045	(R うーん)		
SP-000046	(R そう)そう ね 。	そうね。	I agree.
LI-000036	(R はー)		
SP-000047	(R うーん)		
LI-000037	で も 、 拝見 し て た ら すご く 何 か 積極 的 で いらっしゃ い ま す し ね 。	でも、拝見してたらすごく何か積極的でいらっしゃいますしね。	But as I watch you, I have a feeling that you're very active. 
SP-000048	いいえ 。	いいえ。	Not really.
SP-000049	わし も せ や けど 、 こんなん 、 え え かっこ 言 う て ま っ けど 、(F あの)(P)心臓 あ き ま せ ん ねん 。	わしもせやけど、こんなん、ええかっこ言うてまっけど、心臓あきませんねん。	I talk like a tough guy, but actually, I have a weak heart.
LI-000038	(F あ)そう な ん で す か 。	そうなんですか。	Really?
SP-000050	で 、 それ が 、(F ま)布施 の 駅 は 知 っ て は り ま す か ？	で、それが、布施の駅は知ってはりますか？	Do you know the train station in Fuse?
LI-000039	(R はい)		
LI-000040	布施 の 駅 で す ね 。(R うん)(R うん)(R うん)	布施の駅ですね。	Fuse station.
SP-000051	(F あのー)布施 の 駅 の ね 、(F あの)(P)(F ま)麻雀 が 好き で す ねん 。	布施の駅のね、麻雀が好きですねん。	I liked playing mahjong at the Fuse Station.
LI-000041	(R うん)		
LI-000042	(R あー)		
SP-000052	(R あー)で 、 酒 も 飲 む し ね 。 で 、(F え)(P)暮れ 、(F もー)終電車 で 間に合 わん から 、 走 れ と 言 わ れ て ね 。 連れ は(F もー)先 に ブー と 走 っ て 、 おない 年 や わ ね 。 わし も つ い て 走 っ た ら 、 今度(P)息 が もう 上が っ て も う て 、 今度 戻 ら へん 。(F も)ハーハーハーハー と 言 う て 。 で 、 その 内 に 意識 が なくな っ て き て 。(P)で 、 心筋 梗塞 で 。(P)今 ステント が 五 本 入 っ て る わ ね 。	で、酒も飲むしね。で、暮れ、終電車で間に合わんから、走れと言われてね。連れは先にブーと走って、おない年やわね。わしもついて走ったら、今度息がもう上がってもうて、今度戻らへん。ハーハーハーハーと言うて。で、その内に意識がなくなってきて。で、心筋梗塞で。今ステントが五本入ってるわね。	You also have drinks there. Once, when the game was over, I ran to catch the last train. My friend, the same age as mine, darted to the station and I followed him. But I could not run. I was out of breath and passed out. It was myocardial infarction. Now I have five stents in my heart.
LI-000043	(R はい)		
LI-000044	(R はい)		
LI-000045	(R はい)		
LI-000046	(R ふん)		
LI-000047	(R はい)		
LI-000048	(R はー)		
LI-000049	(R はい)		
LI-000050	(R はー)そう な ん で す か 。	そうなんですか。	Really?
SP-000053	(L はは)		
SP-000054	だ から 、(F あのー)もう 死 ぬ か な と 思 っ た けど 、 もう それ が(P)何 年 前 に なん の 、 もう 二十 年 ほど 前 ね 、(F まー)に な っ て 、 それ で まだ(P)生き さ し て 、 生き ながら え さ し て も う とん ねん けど 。(L ほほほはふ)	だから、もう死ぬかなと思ったけど、もうそれが何年前になんの、もう二十年ほど前ね、になって、それでまだ生きさして、生きながらえさしてもうとんねんけど。	At that time, I thought that I would die. That is what happened twenty years ago, yet I am somehow alive.
LI-000051	(R うーん)		
LI-000052	(R はーん)		
LI-000053	(R あー)そう な ん で す か 。	そうなんですか。	I see.
SP-000055	(F はー)だ から 。	だから。	Yes.
LI-000054	(R へー)二十 年 って すご い で す ね 。	二十年ってすごいですね。	Twenty years have passed since then.
SP-000056	(F まー)せ や 、(F もー)もろ た 命 や から ね と 思 て 、(P)むちゃくちゃ し て ま す ねん けど 。(F ま)	せや、もろた命やからねと思て、むちゃくちゃしてますねんけど。	I used to push things too far, considering my life was just given for granted.
LI-000055	(R うーん)		
LI-000056	(R うーん)		
LI-000057	(R ふーん)		
SP-000057	やっぱ 気 に な り ま す ね 。 そう 言 う 、 だ から(F あのー)煙草 は やめ た し 、(P)酒 は 飲ま ん し ね 。(L はは)	やっぱ気になりますね。そう言う、だから煙草はやめたし、酒は飲まんしね。	After all I am concerned about health. That is why I quit smoking and drinking.
LI-000058	そう で す ね 。(R うん)(R うん)	そうですね。	I see.
LI-000059	(R はい)		
LI-000060	(F あ)もう やめ は っ た ん で す か 。 すご い で す ね 。(R うーん)	もうやめはったんですか。すごいですね。	Have you stopped them all? That's amazing.
SP-000058	やっぱり ね 、 皆 ええ かっこ を 言 う て 、 やっぱ 手術 と 言 う の は 痛 い で す や ん 。	やっぱりね、皆ええかっこを言うて、やっぱ手術と言うのは痛いですやん。	Well, talk is cheap, but surgery is painful.
SP-000059	どんな 手術 で も 、 わし は 特別 に 痛 が り や から 。	どんな手術でも、わしは特別に痛がりやから。	I feel pain very much in any surgery.
LI-000061	(R うーん)そ や ね 。 私 なんて(L ほほほ)経験 が な い から 、 そう 思 う だけ な ん で す けど 。 痛 い で しょ う ね 。	そやね。私なんて経験がないから、そう思うだけなんですけど。痛いでしょうね。	I have no experience with surgery, but I guess so. It sounds painful.
SP-000060	(L あはは)		
SP-000061	(R あらー)あの 手術 は 痛 い で す よ 。 血管 に 通 す ん や けど 、 入れ て く 時 が 痛 い わ ね 、 やっぱり 。 痛 い な と 言 う けど 、 嘘 で す わ 。(F あ)(F も)あんな 、(P)あんな ん 二 度 と し た く な い し ね 。 そんな 痛 い 目 は 。 そんな 酒 を 飲 ま ん ぐらい 。 未だ に 、(P)酒 を 飲 ま ん 、 飲 ま へ ん だ 、 お前 は 意志 が 堅 い な と 言 う けど 、 そら 。	あの手術は痛いですよ。血管に通すんやけど、入れてく時が痛いわね、やっぱり。痛いなと言うけど、嘘ですわ。あんな、あんなん二度としたくないしね。そんな痛い目は。そんな酒を飲まんぐらい。未だに、酒を飲まん、飲まへんだ、お前は意志が堅いなと言うけど、そら。	That surgery hurts. The doctor treats the blood vessel with surgery which is a really painful moment. They say it is painless but that is not true. I do not want to feel that way again. Such a painful feeling. So, I will not drink alcohol. Everyone say that I have strong will, but.
LI-000062	(R うーん)		
LI-000063	(R うーん)		
LI-000064	(R あー)		
LI-000065	(R あー)(F あ)		
LI-000066	(R ねー)		
LI-000067	(R うん)		
LI-000068	ほんと で す ね 。 すご い 絞 っ た は る 。(L ふふふふふふふ)	ほんとですね。すごい絞ったはる。	I see. That's amazing discipline.
SP-000062	(L ふははは)		
SP-000063	そら 、 誰 が 言 う た っ て 、 お 正月 ぐらい や ね 、 おとそ を 一杯 飲 む ぐらい 。 それも(P)あんま 飲 ま ん だ ら 、(P)えら い ね 、 フーフー と 言 わ な ね 、 ああ 言 う の は やっぱ 慣れ る ん や ね 。	そら、誰が言うたって、お正月ぐらいやね、おとそを一杯飲むぐらい。それもあんま飲まんだら、えらいね、フーフーと言わなね、ああ言うのはやっぱ慣れるんやね。	No matter what the others say, I drink a little for New Year's Day only. But if the amount of liquor is high, I am out of breath. So, I feel drinking tolerance increases by habitual drinking.
LI-000069	(R うーん)		
LI-000070	(R うーん)		
LI-000071	(R あー)		
SP-000064	だ から 、 飲ま ん 方 が え えん や っ た ら 飲ま ん 方 が え え で す 。 煙草 は もう 全然 で す 。	だから、飲まん方がええんやったら飲まん方がええです。煙草はもう全然です。	So, I do not want to drink if I do not have to. I quit smoking completely.
LI-000072	(R うーん)		
SP-000065	禁煙 室 に 関係 なし に 、 自分 が 吸 お う と 思 っ た ら 、 いつ で も 吸え ん ねん し ね 。	禁煙室に関係なしに、自分が吸おうと思ったら、いつでも吸えんねんしね。	Regardless of whether or not there is a non-smoking room, if I want to smoke cigarettes, I can always smoke.
LI-000073	(R はい)		
SP-000066	やっぱり もう 吸 い た い と 言 う 気持ち は 全然 な い で す な 。(R うーんー)だ から 、(P)(F あの)?病気 し た ら 良 い ん で す よ 。 ほんなら 、 こう 言 う(P)(L はは)煙草 も さ 。	やっぱりもう吸いたいと言う気持ちは全然ないですな。だから、病気したら良いんですよ。ほんなら、こう言う煙草もさ。	That's why I do not feel like smoking. Because I got sick, I started to think like this. Tobacco is one example.
LI-000074	(R はー)そう で す か 。	そうですか。	I see.
LI-000075	(R へー)		
LI-000076	(R うーん)		
LI-000077	いや 、 助か っ た ら 良 い で す けど 。(L ははうふふふふ)	いや、助かったら良いですけど。	All is good if your life was saved.
SP-000067	せ や けど 、 吸 う て る やつ も お り ま す よ 。	せやけど、吸うてるやつもおりますよ。	But some people continue to smoke when they get sick.
LI-000078	そう で す ね 。	そうですね。	That's right.
SP-000068	だ けど 、 よっぽど(P)な けりゃ 、 吸 わ れ へ ん で す ね 、 やっぱり 。(F あの)	だけど、よっぽどなけりゃ、吸われへんですね、やっぱり。	However, I do not want to smoke again.
LI-000079	(R うーん)(R うーん)そう で す ね 。	そうですね。	I understand.
SP-000069	病気 し た 人 は 皆 、(P)皆 と 言 う こと は な い が 、 大概(P)酒 は 飲 ま な い よう に なら は ん ね 。	病気した人は皆、皆と言うことはないが、大概酒は飲まないようにならはんね。	Everyone, well, not everyone, but a majority with sickness will not break their drinking habit.
LI-000080	(R うーん)		
LI-000081	(R あー)		
SP-000070	先生 は 飲 む な と 言わ は ら へん もん ね 。	先生は飲むなと言わはらへんもんね。	The doctor does not say that you should not drink.
LI-000082	(R うーん)		
SP-000071	ああ 言 う 言 い 方 を さ れ た ら 、(P)飲 ん だ ら あ か ん と 言 わ れ た ら 、 賑やか な 飲み と な る けど 、(P)煙草 は 絶対 に やめ と 言 わ れ た から 、 ほんま で す ね 。	ああ言う言い方をされたら、飲んだらあかんと言われたら、賑やかな飲みとなるけど、煙草は絶対にやめと言われたから、ほんまですね。	If I would be told that way, if I would be told I should not drink sake, I would rather drink hard, though, it is so true if I would be told to quite smoking any day.
LI-000083	(R うーん)		
LI-000084	(R うん)(R うーん)		
SP-000072	せ や けど 、 それ で も 吸 う やつ は 吸 う し ね 。	せやけど、それでも吸うやつは吸うしね。	Still there are some who smoke cigarettes.
LI-000085	そう で す ね 。	そうですね。	I agree.
SP-000073	(R うん)吸え る だけ(F ま)健康 か 何 か な と 思 う けど 、(P)私 は やめ ま し た な 、 もう 二十 年 前 から 。	吸えるだけ健康か何かなと思うけど、私はやめましたな、もう二十年前から。	Just by being able to smoke means I'm healthy enough, but I stopped smoking 20 years ago.
LI-000086	(R うーん)(R うーん)		
LI-000087	(R あー)で も 二十 年 って 言 う 年数 は すご い で す ね 。 その 間 に ね 、 一 回 ね 。 すご い 意志 が 堅 く て いらっしゃ っ て 。 すご い 。	でも二十年って言う年数はすごいですね。その間にね、一回ね。すごい意志が堅くていらっしゃって。すごい。	But you have quit smoking for 20 years, only once in 20 years. You have a strong will. That is incredible.
SP-000074	(L ふはははははははは)		
SP-000075	(R あー)		
SP-000076	(R うーん)		
SP-000077	いや 、(F あの)怖 がり で 。(L ははははは)	いや、怖がりで。	No. I'm just scared.
LI-000088	(L あはは)それ は 誰 しも 一緒 で 。(L ふふふ)	それは誰しも一緒で。	Everyone is the same.
SP-000078	そら 、(F も)皆 痛 い な 、 痛 い な と 。(F もー)うち の 嫁 さん で も あんま 痛 い 、 痛 い と は 言 わ ん ね 。 わし は もう あ か ん 。(P)(F あのー)(F もー)ちょっと 痛 かっ た ら 痛 い 、 痛 い 、 痛 い で 。	そら、皆痛いな、痛いなと。うちの嫁さんでもあんま痛い、痛いとは言わんね。わしはもうあかん。ちょっと痛かったら痛い、痛い、痛いで。	Everyone is scared of pain. My wife will not complain of pain, but I cannot put up with the pain. I feel I hurt if it hurts a bit.
LI-000089	(R あー)そう な ん で す か 。	そうなんですか。	Really?
LI-000090	(R はーん)		
LI-000091	(R あー)あたし も そう で す 。(L ふははほほほ)そんな ん 痛 い の は よう 我慢 し ま せ ん し 。(L ひひひ)	あたしもそうです。そんなん痛いのはよう我慢しませんし。	Me, too. I cannot put up with the pain.
SP-000079	(L ふはははははは)		
SP-000080	(L あははは)		
SP-000081	(F まー)		
LI-000092	(R へー)		
LI-000093	で も ね 、 そう 言 う 痛 い 思い を さ れ た ら 、(P)もう こり は っ た って 言 う か 、 で も こり は っ て も やっぱり や る 人 は や る じゃ な い で す か ね 。 やっぱ そこ に 意志 の 堅 さ が お あり に な る から あれ な ん で しょ う ね 。	でもね、そう言う痛い思いをされたら、もうこりはったって言うか、でもこりはってもやっぱりやる人はやるじゃないですかね。やっぱそこに意志の堅さがおありになるからあれなんでしょうね。	But some people still do things that are bad for health even after experiencing such a painful incident. So, I think you got a firm will.
SP-000082	や り ま す 、 や り ま す ね 。(R はい)	やります、やりますね。	I agree.
SP-000083	(R んー)まあ ね 。	まあね。	Yes.
LI-000094	(R うーん)		
LI-000095	すご い で す ね 。	すごいですね。	It's amazing.
SP-000084	良 い ん か 、 悪 い ん か 。	良いんか、悪いんか。	Not sure if it's a good thing or bad thing.
SP-000085	酒 も 煙草 も やめ た ら 、(P)また 、 酒 も 煙草 も やめ た ら 、 金 が 残 る や ろ と 言 う けど 、 残 ら ん ね 。(L はははははははははは)	酒も煙草もやめたら、また、酒も煙草もやめたら、金が残るやろと言うけど、残らんね。	It is said that If you do not drink or smoke, you will save money, but that is not the case.
LI-000096	(R へー)		
LI-000097	(R うん)		
LI-000098	(L あははははは)そう な ん で す か 。(L はは)	そうなんですか。	Really?
SP-000086	違 う 趣味 に 行 く から ね 。	違う趣味に行くからね。	I spend money on a different hobby.
LI-000099	(L あはは)		
LI-000100	(F あ)で も それ は また 良 い こと で す もん ね 。 違 う 方 に 趣味 が 行 く って 言 う こと は 、 自分 の 気持ち も そこ に 行 く ん で す から ね 。(R うーん)	でもそれはまた良いことですもんね。違う方に趣味が行くって言うことは、自分の気持ちもそこに行くんですからね。	But that is a good thing. If you have a different hobby, your mind is focused on it.
SP-000087	(R うーん)		
SP-000088	(R はー)だ から 、 煙草 、 酒飲 み 、 飛 ん だ 時 は 、(F も)金 が 足 ら ん で 、 足 ら ん で 。 今(F ま)金 に は 不 自由 し ま せ ん げど 。	だから、煙草、酒飲み、飛んだ時は、金が足らんで、足らんで。今金には不自由しませんげど。	So, when I was smoking cigarettes and drinking, I was short of money. Now I'm moderately well-off.
LI-000101	(R うーん)		
LI-000102	(R うーん)		
SP-000089	(R ねー)そら 、 その 代わ り 、 何 か 、 カメラ を や っ たり ね 、(P)違 う 方 へ 変わ っ て い く 、 変わ り ま し た な 、 やっぱり 。	そら、その代わり、何か、カメラをやったりね、違う方へ変わっていく、変わりましたな、やっぱり。	Instead, I got crazy about different hobbies like cameras.
LI-000103	(R うーん)		
LI-000104	(F あ)		
LI-000105	カメラ を や っ てらっしゃ る ん で す か ？	カメラをやってらっしゃるんですか？	Is photography your hobby?
SP-000090	(F まー)(F えー)へたくそ で す けど ね 。(L へへへ)	へたくそですけどね。	Though I'm not very good at it.
LI-000106	(R はー)すご い で す ね 。	すごいですね。	It is amazing.
SP-000091	(F あ)こ っ た ら きり が な い ね 、 あれ も 。(L ふふふ)	こったらきりがないね、あれも。	The fun of photography is limitless, too, if you immerse into it.
LI-000107	(R あー)(R あー)		
LI-000108	(R ねー)おもしろ い で しょ う ね 、 カメラ も 。	おもしろいでしょうね、カメラも。	Photography is an interesting hobby, is not it?
SP-000092	(F あ)そら 、 奥 が 深 い ね 。(F あ)何 で も こ っ た ら 深 い で す わ 。(F もー)(P)金 に 糸目 は つけ へ ん な 。 何百 万 って 使 う やつ も お る し ね 。	そら、奥が深いね。何でもこったら深いですわ。金に糸目はつけへんな。何百万って使うやつもおるしね。	Photography is full of depth and insight. Well, anything is full of depth and insight if you immerse into it. I spend a lot of money on photography. Some camera lovers spend millions of yen.
LI-000109	(R はー)そう で す か 。	そうですか。	I see.
LI-000110	(R うーん)		
LI-000111	(R うん)		
LI-000112	(R あー)(P)(R へー)カメラ に で す か 。	カメラにですか。	Is the camera so expensive?
SP-000093	そら 、 い り ま す 。 ええ カメラ って 五十 万 、 六十 万 と し ま す やん 。	そら、いります。ええカメラって五十万、六十万としますやん。	Yeah, a good camera has a price of 500,000 yen, 600,000 yen.
LI-000113	(R へー)		
LI-000114	(F あ)そんな に する ん で す か 。	そんなにするんですか。	Is it that expensive?
SP-000094	(L はははは)		
SP-000095	それ に 合 う よう な もん を また 揃え て い か な あ かん し ね 。	それに合うようなもんをまた揃えていかなあかんしね。	We have to get parts that match the camera.
LI-000115	(R はーん)		
SP-000096	(F うー)だ から(F あー)カメラ 、 ほんで 、(P)道楽 し た ら 写真 も 自分 で(P)印刷 は 今 デジカメ や から 、 皆 ああ 言 う カメラ 屋 さん に 持 っ て い く ん や ろ う けど 、 昔 や っ た ら ね 、(P)(F あの)(P)暗室 へ 閉じこも っ て 、(P)晩 に 入 っ た ら 朝 しか 出 て こ な い よう な 暮らし を し て 、(P)?こ っ て は っ た 人 も お る けど ね 、 フイルム の 時代 や っ た ら 。 わし は 知 っ て ま す けど ね 。	だからカメラ、ほんで、道楽したら写真も自分で印刷は今デジカメやから、皆ああ言うカメラ屋さんに持っていくんやろうけど、昔やったらね、暗室へ閉じこもって、晩に入ったら朝しか出てこないような暮らしをして、こってはった人もおるけどね、フイルムの時代やったら。わしは知ってますけどね。	Now that we have digital cameras, we just have to process the pictures at a camera store, so printing is easy. However, back in the days of film cameras, there used to be camera lovers who locked themselves in the darkroom all night long ago and wouldn't come out until the morning. I know such people.
LI-000116	(R うーん)		
LI-000117	(R うーん)		
LI-000118	(R うーん)(R うーん)		
LI-000119	(R はい)		
LI-000120	(R はい)		
LI-000121	(R はい)		
LI-000122	(R あー)		
LI-000123	(R あー)		
SP-000097	(F え)今 そんな ん し て は る 人 は お ら へ ん けど 。	今そんなんしてはる人はおらへんけど。	No one is doing such a thing now.
LI-000124	(R うーん)		
SP-000098			
SP-000099	だ から 、 ええ 、 良 い その 人 に 見せ た い ため に 、 北海道 で も どこ へ で も 飛 ん で き ま す やん 、 この 写真 を(P)撮 る ため に 。 俺 も ね 、 自分 の 趣味 や から 金 に 糸目 を つけ んと や る と 言 う た っ て 、(P)金 を 使 っ て ん な 、 皆 。 で 、 わし ら あんな 真似 は よう し ま せ ん けど ね 。(R うーん)	だから、ええ、良いその人に見せたいために、北海道でもどこへでも飛んできますやん、この写真を撮るために。俺もね、自分の趣味やから金に糸目をつけんとやると言うたって、金を使ってんな、皆。で、わしらあんな真似はようしませんけどね。	So, I will go anywhere, even Hokkaido, to take good pictures. I have a camera as a hobby and spend as little money to do it, but there are people that spend so much money. I simply cannot follow that.
LI-000125	(R うーん)		
LI-000126	(R うーん)		
LI-000127	(R あー)旅費 が かか る 訳 で す ね 。	旅費がかかる訳ですね。	Travel expenses are required.
LI-000128	(R あー)そう な ん で す か 。	そうなんですか。	I see.
LI-000129	(R うーん)		
LI-000130	(R うーん)		
LI-000131	(R うーん)		
LI-000132	すご い で す ね 。	すごいですね。	It is amazing.
SP-000100	だ から 、 こ っ た ら ね 。	だから、こったらね。	Like I said before, the hobby cost money if you get immersed in it.
LI-000133	(R あー)(R あー)		
SP-000101	わし は 今 シルバー に 勤め て ま す やん 。	わしは今シルバーに勤めてますやん。	You know, I now work for senior citizens' employment service center.
LI-000134	(R はい)		
SP-000102	ある 班長 さん が ね 。	ある班長さんがね。	There was a certain group leader in the center.
LI-000135	(R はい)		
SP-000103	(F あのー)		
SP-000104	お 宅 は 歩 き ま す か 、 女 の 身 で 。 身 で と 言 っ た ら 失礼 だ けど 。	お宅は歩きますか、女の身で。身でと言ったら失礼だけど。	You're a woman, but do you do long distance walking? Well, I may be rude by addressing your gender.
SP-000105	東海道 と 言 う て ね 。	東海道と言うてね。	There is a route called Tokaido.
LI-000136	(R はい)		
SP-000106	京都 の 三条 から(P)お 江戸 の 日本橋 まで 、 五百 キロ あ る 。	京都の三条からお江戸の日本橋まで、五百キロある。	It is a road which runs 500 km from Sanjo in Kyoto to Nihonbashi in Edo.
LI-000137	(R はい)		
LI-000138	(R うーわー)よう 歩 き ま せ ん 。(L えへへふふはほ)そう で も な い 。	よう歩きません。そうでもない。	I can never walk that far.
SP-000107	いや 、(L へ)一 日 で 歩 くん と は 違 い ま す よ 。	いや、一日で歩くんとは違いますよ。	No, it is not like walking all in one day.
SP-000108	区切 っ て 、 区切 っ て 。	区切って、区切って。	You pause at the breakpoints.
LI-000139	(R うん)区切 っ て で す けど ね 。 いや 、 で も 。	区切ってですけどね。いや、でも。	Well, but, it is still a hard work even if the road has breakpoints.
SP-000109	(F へー)一 日 大体 。	一日大体。	About how long walk a day?
SP-000110	それ が ね 、 わし も 計算 し た ん や けど ね 。(P)こっから(F ま)?で 行 っ て も(P)どこ まで 、 五 時間 まで ぐらい が とんぼ返り で 帰 っ た ぐらい で 、 歩 い て ね 。 そっから 先 は 、(P)もう 歩 く 時間 が な い 。 着 く だけ で 時間 が(P)かか り ま す やん 。	それがね、わしも計算したんやけどね。こっからで行ってもどこまで、五時間までぐらいがとんぼ返りで帰ったぐらいで、歩いてね。そっから先は、もう歩く時間がない。着くだけで時間がかかりますやん。	Well, according to my calculation, it seems that I have to walk about 5 hours from here to anywhere and come back. Then I do not have time to walk. It takes time to just get there.
LI-000140	(R うーん)		
LI-000141	(R はい)		
LI-000142	(R はー)		
LI-000143	(R はい)		
SP-000111	鈍行 で 行 く ねん から 。	鈍行で行くねんから。	It takes so much time because you have to use the local train.
LI-000144	(R はい)		
SP-000112	新 幹線 に 乗 っ て 行 きゃ 、 別 で す けど ね 。	新幹線に乗って行きゃ、別ですけどね。	It's a different story if you take Shinkansen.
LI-000145	(R うーん)		
SP-000113	で 、(F ま)何 を し て る の か やっぱり 聞 い た ら 、(P)	で、何をしてるのかやっぱり聞いたら、	So, I asked him how that works.
SP-000114	往復 新 幹線 で す や ん 。	往復新幹線ですやん。	It is a round-trip Shinkansen.
LI-000146	(R あー)		
SP-000115	新 幹線 で 十 キロ ほど 歩 き に 行 く の に 、 もったい な い から 、 向こう で?泊ま っ て 、(P)で 、 二 泊 泊ま っ て 帰 っ て き はん ねん 。 その 費用 が 、 いっぺん 行 っ た ら 六 万 だ と 言 わ れ る 。	新幹線で十キロほど歩きに行くのに、もったいないから、向こうで泊まって、で、二泊泊まって帰ってきはんねん。その費用が、いっぺん行ったら六万だと言われる。	He thinks that it is a waste to go about 10 kilometers while going out on a bullet train. He will stay for 2 nights before coming home. The trip seems to cost about 60,000 yen.
LI-000147	そう で す ね 。(R うーん)	そうですね。	I see.
LI-000148	(R はい)		
LI-000149	(R はい)		
LI-000150	(R はい)		
LI-000151	(R うん)		
LI-000152	すご い で す ね 。(R うーん)	すごいですね。	It's amazing.
SP-000116	それ で も ね 、(P)その 人 は 金 の 話 は(P)一 つ もし は ら へん 。	それでもね、その人は金の話は一つもしはらへん。	However, he never grumbles about the expense.
LI-000153	(R あー)		
SP-000117	生き て る 内 に 楽し ま な と 、 こう 言わ は る 。	生きてる内に楽しまなと、こう言わはる。	Instead he says you should enjoy your life while alive.
LI-000154	(R うーん)		
SP-000118	やっぱり(P)金 に 、 金 より 自分 の 趣味 の 方 が 大事 や と 言 う 人 は 、 やっぱり 元気 や ね 。	やっぱり金に、金より自分の趣味の方が大事やと言う人は、やっぱり元気やね。	People who put high value on hobbies than money are, as expected, fit.
LI-000155	(R うーん)		
LI-000156	(R うーん)		
SP-000119	金 、 金 を 計算 し だ し た ら 、 あんな ん でき な い で す 。 せ や けど 、(P)それ に し て も 、(F あー)(F もー)生き て る 間 に(F あの)(F あ)楽し ま な と こう 言 う 方針 や ね 。 わし も(P)行 こ う と 思 う ん や けど ね 。	金、金を計算しだしたら、あんなんできないです。せやけど、それにしても、生きてる間に楽しまなとこう言う方針やね。わしも行こうと思うんやけどね。	If you start worrying about the budget, you won't be able to immerse into a hobby. So, on the contrary, they value enjoying the moment, while they're alive. I would also like to emulate their philosophy.
LI-000157	(R うーん)		
LI-000158	(R うーん)		
LI-000159	(R うーん)		
LI-000160	(R うーん)		
SP-000120	(F ま)今 、 八 人 ほど と 一緒 に 歩 い と る ん で す わ 、 あっちこっち と 。 せ や けど 、(P)人 は やっぱり 皆 違 う から 。	今、八人ほどと一緒に歩いとるんですわ、あっちこっちと。せやけど、人はやっぱり皆違うから。	I walk with 8 people now. But each person has a schedule.
LI-000161	(R あー)そう で す か 。(R へー)	そうですか。	Yes.
LI-000162	(R うーん)		
SP-000121	東京 まで は 私 は よう つきあわ ん って やつ は 半分 以上 や 。(P)その 半分 は 行 こ う と 言 う て 。	東京までは私はようつきあわんってやつは半分以上や。その半分は行こうと言うて。	Half do not walk to Tokyo. Half of the people will go to Tokyo.
LI-000163	(R あー)		
LI-000164	(R あい)		
SP-000122	せっかく メンバー も 二十 人 ほど(P)一緒 に 暮ら し て る やつ が 、 俺 は 行 かん 、 お前 が 一緒 に 行 く ん や っ た ら 一緒 に 行 き た い ん や な い か と 。	せっかくメンバーも二十人ほど一緒に暮らしてるやつが、俺は行かん、お前が一緒に行くんやったら一緒に行きたいんやないかと。	There are about 20 members. One of the members living together said that he would not go. He does not go because he does not want to go with him.
LI-000165	(R うーん)		
SP-000123	そう し た ら 、(P)(F まー)全員 で 行 こ う と 思 っ た ら 、 行 か ん やつ は ほっ と い て 、(F ま)行 か な い から ちょっと もう 諦め て ん けど ね 。 その 人 に 聞 い た ら 、(P)まだ 三 泊 四 日 、 今年 の 秋 に 届 く とこ や と 言 う た はるから ね 、 ずっと 。	そうしたら、全員で行こうと思ったら、行かんやつはほっといて、行かないからちょっともう諦めてんけどね。その人に聞いたら、まだ三泊四日、今年の秋に届くとこやと言うたはるからね、ずっと。	I was hoping to go with everyone together, but it is regrettable. When I asked the person, he said he would go if it was 3 nights and 4 days in the autumn of this year.
LI-000166	(R うーん)		
LI-000167	(R うーん)		
LI-000168	(R うーん)		
SP-000124	もう 三 年 歩 い た は る と 言 っ た は る よ ね 、(P)京都 から 。	もう三年歩いたはると言ったはるよね、京都から。	It has been 3 years since I started walking on Tokaido from Kyoto.
LI-000169	(R あー)すご い(L いいいひひ)	すごい	It's amazing.
SP-000125	(L ふはははは)		
SP-000126	だ けど 、 なんぼ 使 わ ん の や 知 ら ん けど 、(P)(F ま)働 い た 金 を 皆 つっこ ん で は ん ね や ろ ね 。 つっこ ん で も 足 ら ん わ ね 。(L あはははは)	だけど、なんぼ使わんのや知らんけど、働いた金を皆つっこんではんねやろね。つっこんでも足らんわね。	I'm not sure how much they spend on long distance walking, but I assume they spend the money they've earned. The amount they earn is not enough to cover the trip.
LI-000170	(L あはあ)		
LI-000171	(R うん)そう で す ね 。 で も それ で 働け る ん か も しれ ま せ ん ね 。	そうですね。でもそれで働けるんかもしれませんね。	I see. But maybe that's what motivates them to work.
SP-000127	(F あー)だ から 、 そう 言 う 人 を 見 た ら 、 やっぱり 羨まし い な と 思 う ね 。 けど 、(P)わしら 歩 くもん に と っ た ら 、 東海道 歩き は やっぱ 夢 で す な 。	だから、そう言う人を見たら、やっぱり羨ましいなと思うね。けど、わしら歩くもんにとったら、東海道歩きはやっぱ夢ですな。	I think that I feel envious when I see such a person. Because we like to walk, walking on Tokaido is a dream.
LI-000172	(R うーん)		
LI-000173	(R ねー)		
LI-000174	(R あー)そう で す か 。	そうですか。	Is that so?
SP-000128	東海道 を 歩 く と 言 う た ら やっぱり ね 。	東海道を歩くと言うたらやっぱりね。	Walking Tokaido is a big goal, after all.
LI-000175	(R はー)		
SP-000129	お 宅 ら も 頭 から 歩 く 気 は な い だ ろ う けど 、(P)何 か 歩 く 以外 に も(P)(P)自分 で 探 し て 掴め る こと 、(P)歩 く と 言 う こと は 。	お宅らも頭から歩く気はないだろうけど、何か歩く以外にも自分で探して掴めること、歩くと言うことは。	I assume you guys are not into walking, if so I recommend you find something to enjoy other than walking.
LI-000176	(R うーん)		
LI-000177	(R うーん)		
LI-000178	(F あの)(R ねー)		
SP-000130	車 。(F え)	車。	Cars.
SP-000131	(R はい)		
LI-000179	(F あ)(R はい)(F あの)東海道 の 道 っ て なかなか ね 、(F あのー)(F こう)パッ と 私 達 に は 分か り にく い で す もん ね 。(F あ)ここ に あん の か 、 と か ね 、 思 い ま す もん ね 。 それ を 探 し て 行 か れ る ん で す もん 、 楽し い で しょ う ね 。	東海道の道ってなかなかね、パッと私達には分かりにくいですもんね。ここにあんのか、とかね、思いますもんね。それを探して行かれるんですもん、楽しいでしょうね。	For us, Tokaido Road is hard to discover. I feel like, Whoa, is this part of Tokaido?. It must be fun walking around and exploring the sites of Tokaido.
SP-000132	(R あーあ)		
SP-000133			
SP-000134	(R そう)それ で 、 そう 言 う 本 は あ る ん で す よ 。	それで、そう言う本はあるんですよ。	Well, there are guidebooks of Tokaido.
LI-000180	(R はい)		
SP-000135	で 、(F ま)どれ だけ 忠実 に 歩 く か や けど 、(P)その つけ られ た 道 だ って 、 昔 の 東海道 と は コロッ と 変わ っ て ま す やん 、 ほら 。 こん だけ 文化 も 進 ん だ ら ね 。	で、どれだけ忠実に歩くかやけど、そのつけられた道だって、昔の東海道とはコロッと変わってますやん、ほら。こんだけ文化も進んだらね。	About following the legitimate Tokaido, the roads which are said to be part of Tokaido have changed drastically from the old days. You know, civilization has advanced.
LI-000181	(R うーん)		
LI-000182	そら 、 そう で す よ ね 。(R うーん)	そら、そうですよね。	That's right.
LI-000183	そう で す ね 。	そうですね。	Yes.
SP-000136	だ けど 、(P)東海道 を 歩 く か 中山道 を 歩 く か 、(P)今(P)相談 し と ん ねん けど 、 どっち に し たって 、(P)行き先 は 東京 で す わ 。(L ははははは)	だけど、東海道を歩くか中山道を歩くか、今相談しとんねんけど、どっちにしたって、行き先は東京ですわ。	I'm discussing with my friends whether to choose Tokaido or Nakasendo, but either way, the destination will be Tokyo.
LI-000184	(R うーん)		
LI-000185	(R うーん)(R うーん)		
LI-000186	(R はー)そう で す か 。(L ははは)新 幹線 で 行 っ て?。 で も 、 やっぱ 趣 が あ る で しょ う ね 。	そうですか。新幹線で行って。でも、やっぱ趣があるでしょうね。	I see. So, you're taking Shinkansen. But I guess the Shinkansen ride will be full of quaint atmosphere.
SP-000137	(L ふは)		
SP-000138	だ けど 、(P)だ けど 、 雰囲気 から し た ら やっぱり 中山道 や ね 、 歩 くん なら 。(F あの)妻籠 と か 馬籠 と か ね 。 ああ 言 う とこ は やっぱり 。	だけど、だけど、雰囲気からしたらやっぱり中山道やね、歩くんなら。妻籠とか馬籠とかね。ああ言うとこはやっぱり。	However, if you prefer walking in a quaint atmosphere, Nakasendo will be the choice. Such as Tsumago and Magome. They do have quaint atmosphere.
LI-000187	(R うーん)		
LI-000188	(R うーん)		
LI-000189	(R あー)そう で す か 。(R はい)	そうですか。	Is that so?
SP-000139	東海道 は やっぱり(F もー)開け て も う て ね 、(F もー)ほんま の アスファルト を 歩 く だけ で ね 。	東海道はやっぱり開けてもうてね、ほんまのアスファルトを歩くだけでね。	Tokaido is already developed, it is like walking on asphalt.
LI-000190	(R はー)		
LI-000191	(R あー)		
LI-000192	(R うーん)(F あ)(P)そう な ん で す か 。(R へー)	そうなんですか。	Really?
SP-000140			
SP-000141	(F んー)だ から 、(F も)ここ は 東海道 や なんて 、 書 い て くれ て な い から 、 どこ を 歩 い て い る の か 分 か ら へん し ね 。(F もー)	だから、ここは東海道やなんて、書いてくれてないから、どこを歩いているのか分からへんしね。	Because it is not written as Tokaido on the way, I do not know where I am walking.
LI-000193	(R うーん)		
LI-000194	(R はー)		
SP-000142	ここ は 東海道 や で と 言 っ て 歩 い て る だけ で 。	ここは東海道やでと言って歩いてるだけで。	Just walking thinking that this is Tokaido.
LI-000195	(R うーん)		
SP-000143	違 う 本 が 出 た ら 、 ここ が 東海道 だ と そっち へ 歩 か せ る ん けど 、(F ま)(P)東海道 と 言 う 杭 は 打 っ て あ る けど ね 。(F まー)	違う本が出たら、ここが東海道だとそっちへ歩かせるんけど、東海道と言う杭は打ってあるけどね。	Another book tells us that it shows the correct Tokaido route. There are piles indicating the names of the post towns. 
LI-000196	(R うーん)		
LI-000197	(R うーん)		
LI-000198	(R うーん)		
LI-000199	(R はー)		
SP-000144	そ や から 、(P)ほんま に 歩 こ う と 思 っ た ら 、 本 だけ で 歩 か れ へ ん で す ね 。	そやから、ほんまに歩こうと思ったら、本だけで歩かれへんですね。	So, if you really want to walk the route, you cannot walk with just a guidebook.
LI-000200	そう で す ね 。(R あー)	そうですね。	I see.
SP-000145	(R うーん)		
LI-000201	(F あの)もう 一 つ の ね 、 これ 、(F あのー)こっち は(F あの)ちょっと 暗 い 話 に な る ん で す けど 。	もう一つのね、これ、こっちはちょっと暗い話になるんですけど。	Now, let's talk about another topic. This is somewhat a gloomy news.
SP-000146	(R はい)		
SP-000147	(R はー)		
LI-000202	先日 ね 、 ロケット が(P)発射 し ま し て 、 失敗 し ま し た ね 。	先日ね、ロケットが発射しまして、失敗しましたね。	The other day the rocket launch failed.
SP-000148	(R はい)		
SP-000149	(R あー)		
SP-000150	失敗 し ま し た な 。	失敗しましたな。	Yes, it did fail.
SP-000151	(R うん)(R うーん)		
LI-000203	(F あのねー)(P)第 二 弾 目 から 二十 四 、 二十 秒 後 か な 、(F あのー)もう だめ で 。	第二弾目から二十四、二十秒後かな、もうだめで。	The second rocket failed in twenty-four or twenty seconds after the launch.
SP-000152	(R はい)		
SP-000153	(R うん)		
SP-000154	(R はい)		
LI-000204	(F あのー)失敗 し た らし い ん で す けれど も 。	失敗したらしいんですけれども。	I heard that the launch ended in failure.
SP-000155	(R はい)		
SP-000156	(R はい)		
LI-000205	(R ねー)どう で しょ う か 。(L はははは)どう で しょ う か と 言 う て も 、 あれ で す けど 。	どうでしょうか。どうでしょうかと言うても、あれですけど。	What's your thought about the failure? Well, this might be a difficult topic to comment on.
SP-000157	(L ふははははは)		
LI-000206	(R ねー)私 ね 、(F あの)その テレビ の 最後 の 方 で 、(F あのー)今 まで ずっと 失敗 し て た じゃ な い で す か 。	私ね、そのテレビの最後の方で、今までずっと失敗してたじゃないですか。	At the end of the news show I heard they were saying that the organization had been experiencing launch failure for a long time.
SP-000158	(R はい)		
SP-000159	(R うん)		
LI-000207	で 、 成功 し て 、 それ から ずうっと 成功 が 維持 さ れ て た らし い ん で す けれど も 。(P)	で、成功して、それからずうっと成功が維持されてたらしいんですけれども。	Then after one triumph, they seemed to have been enjoying successful launches.
SP-000160	(R うん)		
SP-000161	(R うーん)(R うん)(R そう)(R うん)五、六十 個 上げ て る らし い ね 。 えら い 金 を つ こ て る けど 。	五、六十個上げてるらしいね。えらい金をつこてるけど。	I heard 50 to 60 launches took place in the past. They must've spent a lot of money.
LI-000208	(R ねー)		
LI-000209	(R うーん)で 、 これ が 初めて の 失敗 だ って 聞 き ま し て 。	で、これが初めての失敗だって聞きまして。	I heard that this was the first failure after a string of successful launches.
SP-000162	(R おい)(R あー)(R あー)(R あー)		
LI-000210	(F あ)五、六十 回 も 上げ た は る ん で す か 。	五、六十回も上げたはるんですか。	So, they were launching from 50 to 60 times?
SP-000163	(R うん)(L は)受け売り で す けど ね 。 そこ で 言 う て ま し た 。 データー で(P)(F その)(P)これ が 失敗 と 言 う の は ほんま 初めてらし い な 。	受け売りですけどね。そこで言うてました。データーでこれが失敗と言うのはほんま初めてらしいな。	Well, this is secondhand information but that's what I heard. They said that it was the first failure from the aspect of statistics.
LI-000211	(R あー)		
LI-000212	(R うーん)		
LI-000213	(R あーん)		
LI-000214	(R ねー)		
SP-000164	(R うーん)		
LI-000215	で も ほんと 、 宇宙 と 言 う 、(P)何 か 膨大 な 。	でもほんと、宇宙と言う、何か膨大な。	And the universe, enormous.
SP-000165	(R うーん)		
LI-000216	(R ねー)		
LI-000217	こないだ < ＮＨＫ で 何 か 宇宙 の 何 と か と 言 う の が や っ て ま し て ね 。	こないだＮＨＫで何か宇宙の何とかと言うのがやってましてね。	In the meantime, NHK broadcasted something about the universe.
SP-000166	(R はー)		
LI-000218	分 か ら へん 。(L ほほほはねへへへ)	分からへん。	I don't know.
SP-000167	(L ふはははははは)		
SP-000168	(R ねー)		
LI-000219	(F こう)観 て た ん で す けど 、 理解 でき な い と か 思 っ た ん で す けど ね 。	観てたんですけど、理解できないとか思ったんですけどね。	I was watching the program, but I could not understand it.
LI-000220	ほんと に こう 言 う なん は どう ね 、 大変 や と 思 う ん で す よ 、 お 金 。	ほんとにこう言うなんはどうね、大変やと思うんですよ、お金。	I think fundraising is really hard in these kinds of projects.
LI-000221	で も 、(P)(F あの)東大阪 なんか で も 、(P)その ねじ を 作 っ て ま す よ ね 。	でも、東大阪なんかでも、そのねじを作ってますよね。	But they make those kinds of screws in Higashi Osaka.
SP-000169	(R うーん)		
SP-000170	(R うーん)		
LI-000222	それ が アメリカ なんか の ロケット に 使 わ れ て る と か 、 日本 の 製品 が すご く(P)(R ねー)好 ま れ て ま す し 。	それがアメリカなんかのロケットに使われてるとか、日本の製品がすごく好まれてますし。	I heard that those screws are used to build rockets in the U.S. Japanese products are very much liked. 
SP-000171	(R うん)		
SP-000172	(R うん)		
SP-000173	(R うん)		
SP-000174	(R うん)		
LI-000223	(R ねー)こう 言 う なん で も 、(P)コスト を 下げ よう と し て 、 あれ や っ た みたい で す けれど も ね 。	こう言うなんでも、コストを下げようとして、あれやったみたいですけれどもね。	However, this happened all due to cost reduction.
SP-000175	(R うん)		
SP-000176	(R うーん)		
SP-000177	そう で す か 。 えら い 詳し い や ん な 。(F あの)	そうですか。えらい詳しいやんな。	Really? You are very detailed.
LI-000224	何 か あたし も(F あのー)テレビ と 、(L あははははん)これ と ちょっと 観 て 、 受け売り な ん で す けれど も ね 。	何かあたしもテレビと、これとちょっと観て、受け売りなんですけれどもね。	It's just some secondhand information I got from TV.
SP-000178	(R うーん)		
SP-000179	(R あー)		
SP-000180	(L あはははは)		
LI-000225	で も 、 東海道 を 歩 い たり と か を なさ る ん や っ た ら 、 あれ で す か ね 、 宇宙 と か は あんまり 。(L いひひひ)	でも、東海道を歩いたりとかをなさるんやったら、あれですかね、宇宙とかはあんまり。	If you are walking on Tokaido, are not you interested in the universe?
SP-000181	(R うーん)		
SP-000182	(R うーん)		
SP-000183	(F あの)まだ ピン と 来 て な い けど 。	まだピンと来てないけど。	I do not understand the topic very well yet.
LI-000226	(R うーん)		
SP-000184	いづれ の 時代 に か 、 月 に 行 け ん ねん と 言 う て は っ た から 、 ほんま に 行 っ てんねん から ね 。(F え)時代 は 変わ っ た わ ね 。(F えー)わし ら は そんな ん 、(P)ちっちゃ い ころ ね 、 お月 さん で(L え)(P)ウサギ が 餅 を つ い てんねん って 時 の 、 聞 い た くらい の 話 し か 知 ら へん 。	いづれの時代にか、月に行けんねんと言うてはったから、ほんまに行ってんねんからね。時代は変わったわね。わしらはそんなん、ちっちゃいころね、お月さんでウサギが餅をついてんねんって時の、聞いたくらいの話しか知らへん。	Someone said that we would be able to go to the moon someday and amazingly enough we did. The times have changed. When I was a child what I was told was that on the moon rabbits were making rice cakes.
LI-000227	(R ねー)すご い で す よ ね 。	すごいですよね。	It is amazing.
LI-000228	(R うーん)		
LI-000229	(R ねー)		
LI-000230	(R うーん)		
LI-000231	(R うーん)(F も)ほんま に ね 、 月 に 行 っ て 、 人 が 歩 い て も 分 か ら へん 。(L ははははははは)	ほんまにね、月に行って、人が歩いても分からへん。	True, you don't see the people when they are walking on the moon.
SP-000185	(L ははははははははは)		
SP-000186	(R そう)(R そう)		
SP-000187	(F まーね)		
LI-000232	(R ねー)ほんま に 。	ほんまに。	That's right. 
LI-000233	(F あの)で も 、 さっき の お 写真 の 話 じゃ な い で す けれど も 、 私 なんか で も 、(P)私 も 何 か 、 写真 なんか で も 撮 り た い な と 思 う ん で す けど も 、 なかなか 機械 化 に つ い て いけ な く て 。(L へへ)	でも、さっきのお写真の話じゃないですけれども、私なんかでも、私も何か、写真なんかでも撮りたいなと思うんですけども、なかなか機械化についていけなくて。	Not that I'm bringing up the matter of the camera again, but it's really hard for me to keep up with the mechanization when I feel like taking pictures.
SP-000188	(R ねー)今 の ね 、 カメラ は(F もーねー)(F あの)(P)わし が こんなん 、 わし も 受け売り や けど 、 わし も あんな ええ もん は 持 っ て な い で す よ 。 デジカメ の ちっちゃ い(F こう)かわいらし い やつ 。 それ で も 七、 八 万 は し ま す ねん 。	今のね、カメラはわしがこんなん、わしも受け売りやけど、わしもあんなええもんは持ってないですよ。デジカメのちっちゃいかわいらしいやつ。それでも七、八万はしますねん。	About the camera, what I told you was secondhand information, too. But I do not have such a good camera. The camera I have is a cute small digital camera, which costs 70000, to 80000 yen.
LI-000234	(R はい)		
LI-000235	(R うん)		
LI-000236	(R はー)		
SP-000189	良 い 、 安 い やつ は 一 万 ぐらい で あ る けど ね 。 やっぱり ちょっと 。	良い、安いやつは一万ぐらいであるけどね。やっぱりちょっと。	There are good and cheap cameras which you can purchase for around 10,000 yen, though I don't think they're that recommendable.
LI-000237	(R はい)(R はい)あ り ま す ね 。(R うん)私 ら 。	ありますね。私ら。	That's right.
SP-000190	そ や けど 、(F まー)(F ま)安 い やつ や っ た ら 、 一 万 円 で 枚数 を 撮 る こと で す ね 。	そやけど、安いやつやったら、一万円で枚数を撮ることですね。	If you buy a cheap camera, I encourage you to take lots of pictures.
LI-000238	(R あー)		
SP-000191	(F んー)(F も)偉 そう に 言 っ て 何 だ けど 。	偉そうに言って何だけど。	I may sound like I know everything.
LI-000239	(R はー)		
SP-000192	ほん だ ら 、 大体 掴め ま す わ 、 あんな ん 。(F んー)私 も 三 台 目 を こ う て 、 今度(P)一眼 を 買 お う か な と 思 っ て 、 思 と ん ねん けど 。 こう たら 最後 や な と 思 て 、 こり 性 や から 。 なんぼ で も え え の が 欲 し な る もん ね 。	ほんだら、大体掴めますわ、あんなん。私も三台目をこうて、今度一眼を買おうかなと思って、思とんねんけど。こうたら最後やなと思て、こり性やから。なんぼでもええのが欲しなるもんね。	Then you get used to it. I bought a third camera, but I'm thinking about buying one last single-lens reflex camera this time. I am passionate about the hobby, so I want a good one.
LI-000240	(R うーん)		
LI-000241	(R はーん)		
LI-000242	(R うーん)(R うん)		
SP-000193	(R んー)だ から 、(P)や り た い 時 に や っ た ら 一番 や し な 。 あんな ん 、 カメラ なんか 、 パソコン を 持 っ て は る ん で しょ ？	だから、やりたい時にやったら一番やしな。あんなん、カメラなんか、パソコンを持ってはるんでしょ？	It is best to do it when you want to, when it comes to cameras. Do you have a computer?
LI-000243	(R へー)		
LI-000244	(R うーん)		
LI-000245	持 っ て ま す けど 、 よう 使 い こな せ ま せ ん 。(L ふふふふふ)携帯 を 持 っ て ま す が 、 よう 使 い こな せ ま せ ん 。(L へへへ)	持ってますけど、よう使いこなせません。携帯を持ってますが、よう使いこなせません。	I have one, but I cannot use it very good. I have a mobile phone but I don't know how to use it either.
SP-000194	(L ふはははははは)		
SP-000195	いや 、(F あのねー)あれ で す わ 。(P)(F あの)俺 も これ も 、 私 も パソコン なんか 、(P)会社 を 離れ て から 使い 出 し ま し て ん で 。	いや、あれですわ。俺もこれも、私もパソコンなんか、会社を離れてから使い出しましてんで。	I also started learning to use my computer after retiring from the company.
LI-000246	(R あー)そう な ん で す か 。	そうなんですか。	Really.
SP-000196	それ で 、(F も)数 名 に ぼろくそ に 言 わ れ て ね 。	それで、数名にぼろくそに言われてね。	Some people have told me terrible things.
LI-000247	(R あー)どこ も 一緒 で す ね 。(L へへへへ)	どこも一緒ですね。	Me too.
SP-000197	なんべん 聞 く ねん と 言 う て 、 これ は 大体 、(F あのー)(P)大体 同じ パターン を 進 ん で ま す わ 、 皆 。	なんべん聞くねんと言うて、これは大体、大体同じパターンを進んでますわ、皆。	Getting the others annoyed by asking so many questions. We are all the same.
LI-000248	(R はー)		
SP-000198	もう いっぺん 聞 い た ら 教え て くれ な い 。(P)しつこ い と 言 う て 。 それ で も 聞 い たり し て 。(F も)それ 、 それ で 、 こっち も 聞 く の が めんど くさ く な っ て 、 今度 は(P)パソコン 教室 に 行 っ たり ね 、 自分 で 勉強 し て 。	もういっぺん聞いたら教えてくれない。しつこいと言うて。それでも聞いたりして。それ、それで、こっちも聞くのがめんどくさくなって、今度はパソコン教室に行ったりね、自分で勉強して。	Once I start asking questions, they will not answer. I still ask questions but it becomes troublesome to ask so many. So, I go to a PC classroom and study by myself.
LI-000249	(R はい)		
LI-000250	(L はははははははは)		
LI-000251	(R うーん)		
LI-000252	(R はい)		
SP-000199	習 っ た 時 は 分か る ねん けど 、 帰 っ て っ た ら(F も)自分 で 分 か ら へん 。	習った時は分かるねんけど、帰ってったら自分で分からへん。	I understand it when I learn it, but by the time I return home I no longer know how. 
LI-000253	(R うーん)		
LI-000254	(R あー)やっぱ 、 私 も そう で す 。	やっぱ、私もそうです。	Me too.
SP-000200	ほな ね 、(F あのー)これ から やら はん の や っ た ら 、(P)誰 か 近く に(P)(F まー)(F あのー)(P)知 っ て る 人 を(F あのー)い た は っ た ら 、 一番 助か る ね 。	ほなね、これからやらはんのやったら、誰か近くに知ってる人をいたはったら、一番助かるね。	It is most helpful if there are experts by your side.
LI-000255	(R うーん)		
LI-000256	(R あー)そう な ん で す か 。	そうなんですか。	Really?
SP-000201	と 言 う の も ね 、(F も)パソコン みたい なん は わし 分か ら ん から 、(P)多分 困 ら ん の は こう 言 う こと で す わ 。	と言うのもね、パソコンみたいなんはわし分からんから、多分困らんのはこう言うことですわ。	I do not know the PC well, so the trouble is as follows.
LI-000257	(R うーん)		
SP-000202	(F あのー)(P)さっき まで 動 い て た の に もう 動かん な っ た と 。	さっきまで動いてたのにもう動かんなったと。	My PC was working until a while ago, but it stopped.
LI-000258	(R そう)		
SP-000203	そっから もう 先 に 進 ま な い 。	そっからもう先に進まない。	And I could not go any further.
LI-000259	(R うーん)		
SP-000204	で 、 それ を ね 、(P)偉 そう に 言 い ま す けど 、 乗り越え ん と(F ま)いかん の で す 。 そこ で 皆 諦め る ん で す な 。	で、それをね、偉そうに言いますけど、乗り越えんといかんのです。そこで皆諦めるんですな。	I may sound bossy, but you have to overcome that stage. I guess people give up at that stage.
LI-000260	(R うーん)		
LI-000261	(R うーん)		
LI-000262	(R うーん)		
SP-000205	(F も)(P)マウス も 出 て 、 クリック し て も(F あ)動か へん 。	マウスも出て、クリックしても動かへん。	Even if you click the mouse, the computer does not work.
LI-000263	(R うん)		
SP-000206	(F も)動 か な く て 、(F も)そこ で しま い で す や ん 。 で 、 動か す ため に は ごっつ 力 が い り ま す ね 。	動かなくて、そこでしまいですやん。で、動かすためにはごっつ力がいりますね。	Losing's when you give up. I know it takes pains to make the PC work.
LI-000264	(R うーん)		
LI-000265	(R あー)		
SP-000207	自分 で 考え て 。(L へへ)	自分で考えて。	Think by yourself.
LI-000266	そう な ん で す よ ね 。 考え て も 分 か ら へん 。	そうなんですよね。考えても分からへん。	That's right. There are times when I do not understand even if I think about it.
SP-000208	こう や っ て 、 こう 言 う 症状 の 時 は 、 どこ に 書 い た んねん て 、(F もー)(P)一生 懸命 調べ て 分か ら ん かっ た ら 、 今度 は(P)(F あの)パソコン 屋 と プロバイダ と か 言 っ て な 、 ある ん で す よ 。 そこ へ(P)年間 契約 し と い た ら 、 しょう も な い こと で 電話 し た ら 、(P)そりゃ もう 商売 や から 、 ちゃんと 教え て くれ ま す よ 、 きれい に 。	こうやって、こう言う症状の時は、どこに書いたんねんて、一生懸命調べて分からんかったら、今度はパソコン屋とプロバイダとか言ってな、あるんですよ。そこへ年間契約しといたら、しょうもないことで電話したら、そりゃもう商売やから、ちゃんと教えてくれますよ、きれいに。	If I do not understand something even after an investigation, I will consult with a PC shop or provider. I have a yearly contract with them, so they will tell me as soon as I call. 
LI-000267	(R うーん)		
LI-000268	(R うーん)		
LI-000269	(R うん)		
LI-000270	(R うん)(R うん)		
LI-000271	(R うーん)		
LI-000272	(R うん)		
LI-000273	(R うーん)		
SP-000209	で 、 で 、 諦め ず 、 ドンドコドンド 前 へ 行 か ん と(P)い き ま せ ん な 。 で 、(P)八十 九 の おば ちゃん ね 。(P)パソコン と ね 、 スマホ と 、 < ＬＩＮＥ を つこ て はる ねん 。	で、で、諦めず、ドンドコドンド前へ行かんといきませんな。で、八十九のおばちゃんね。パソコンとね、スマホと、LINEをつこてはるねん。	You'll have to push ahead without giving up. There's an 89-year-old lady who uses a personal computer, a smartphone and LINE.
LI-000274	(R うん)		
LI-000275	(R あー)		
LI-000276	(R はい)(R へー)		
LI-000277	(R はい)		
LI-000278	(R はい)		
LI-000279	(R はい)		
LI-000280	すご い で す ね 。(L へ)	すごいですね。	That's amazing.
SP-000210	(L はははは)		
SP-000211	わし は 、 < ＬＩＮＥ が な い やん 。(F も)今 俺 も 、 基本 自分 も(P)年が い っ て る から 、 勉強 を 今更 する 気 も な い けど 。 要 する に 、 携帯 の 直接 つなが っ たり を 、 < ＬＩＮＥ と 言 う ん で しょ 。	わしは、LINEがないやん。今俺も、基本自分も年がいってるから、勉強を今更する気もないけど。要するに、携帯の直接つながったりを、LINEと言うんでしょ。	You know, I don't use LINE. I have no mind to study about it since I'm old now. LINE is an application that connects the mobile phones, right?
LI-000281	そう で す ね 。(R ふーん)	そうですね。	Yes.
SP-000212	(F ま)わしら あんま 携帯 を 使 わ ん から ね 。 パソコン で 皆 間に合 っ てっ から 。	わしらあんま携帯を使わんからね。パソコンで皆間に合ってっから。	I use a personal computer rather than a mobile phone.
LI-000282	(R うーん)		
LI-000283	(R うーん)		
SP-000213	タブレット を 買 う やつ も 、 スマホ も 買 う やつ も お る けど 、(P)(F まー)パソコン 一 台 あ っ た ら 大概 でき ま す ね 。	タブレットを買うやつも、スマホも買うやつもおるけど、パソコン一台あったら大概できますね。	Some people buy tablets and smartphones, but I can do most things with a single computer.
LI-000284	(R うーん)		
LI-000285	(R あー)すご い で す ね 。	すごいですね。	That's amazing.
SP-000214	それ なら 、 ただ 、(P)ただ ね 、 この(F もー)パソコン は ね 、 せ や けど(F あの)使 う ん や っ た ら 、(P)自分 の(F あのー)(P)何 、 ちょっと し て 誰 に も 使 う 、 触 ら せ へ ん よう に し て ね 、 大事 に し な い と 。(P)わし は 孫 に 触ら し て 、 めちゃくちゃ に な っ て も う て ね 。	それなら、ただ、ただね、このパソコンはね、せやけど使うんやったら、自分の何、ちょっとして誰にも使う、触らせへんようにしてね、大事にしないと。わしは孫に触らして、めちゃくちゃになってもうてね。	However, that computer must be used very carefully and I just cannot let anyone touch it. Once my grandchildren completely trashed my computer.
LI-000286	(R へー)		
LI-000287	(R うーん)		
LI-000288	(R はい)		
LI-000289	(R はい)		
LI-000290	(R あー)そう な ん で す か 。	そうなんですか。	Really?
SP-000215	で 、 子供 と 言 う の は ね 、(P)ちょっと ちゃ う ねん ね 。	で、子供と言うのはね、ちょっとちゃうねんね。	Children will do amazing things.
LI-000291	(R はい)		
LI-000292	(R うーん)		
SP-000216	おっ ちゃん 、(L ほほほ)おっ ちゃん は(F も)一 字 、 一 字 どこ の キー を 触 っ た ら これ を し て 、(F こ)(F こ)初め は これ を し て 、 書 い て き ま す やん 。	おっちゃん、おっちゃんは一字、一字どこのキーを触ったらこれをして、初めはこれをして、書いてきますやん。	I type and write one by one so that I remember what key for what action when I use the computer.
LI-000293	(R はい)(R はい)		
SP-000217	で 、 その 通り に や っ て っ た ら 動き よ る から 。 慣れ たら そんな の 見 ま せ ん で 。	で、その通りにやってったら動きよるから。慣れたらそんなの見ませんで。	It does work when I type that way. When I get used to, I do not have to see the keyboard.
LI-000294	(R うん)(R はい)		
LI-000295	(R あい)		
SP-000218	もう 今 は 書 い た もん を 見や ん か っ て も すぐ 動かせ る けど 、 初め は そう で す やん か 。	もう今は書いたもんを見やんかってもすぐ動かせるけど、初めはそうですやんか。	Now I can use it without looking at the manual, which I could not do at first.
LI-000296	(R うーん)そう で す よ ね 。 私 で も まず 。	そうですよね。私でもまず。	That's right. Me too.
SP-000219			