LI-000001	どう も す い ま せ ん 。 こんにちは 。 す い ま せ ん 。	どうもすいません。こんにちは。すいません。	Excuse me. Hello. Excuse me.
SP-000001	こん ち は 。	こんちは。	Hey.
LI-000002	今日 は ね 、(F あの)何 か 二 つ の お 題 で お 話 を と 言 う こと な ん で す けれど も 。	今日はね、何か二つのお題でお話をと言うことなんですけれども。	Today, I'm here with you to talk about two topics.
SP-000002	(R はい)		
LI-000003	一 つ は(F あのー)明る い お 話 で 。	一つは明るいお話で。	The first one is an upbeat topic.
LI-000004	がん ね 、 今 すご い で す けれど も 。	がんね、今すごいですけれども。	Cancer, we all know that it is terrible nowadays.
LI-000005	(F あのー)がん の その 遺伝 子 の 中 に 、(P)(F えー)(P)どう 言 う ん で す か ね 、(F あのー)活発 化 する(P)細胞 を 抑え る 薬 って 言 う の が 、 今 研究 さ れ て る みたい な ん で す 。	がんのその遺伝子の中に、どう言うんですかね、活発化する細胞を抑える薬って言うのが、今研究されてるみたいなんです。	Within the genes of cancer, how should I say, it seems that the research on a drug that inhibits cell to activate has been currently studied.
SP-000003	(R ふん)		
SP-000004	(R あー)		
LI-000006	遺伝 子 の 中 で(P)それ が 増え る と 、 ストレス 、(F あのー)がん に な っ て い く って 言 う の もの を 抑え る 薬 って 言 う の が 、 今 研究 さ れ て る そう な ん で す けれど も 。	遺伝子の中でそれが増えると、ストレス、がんになっていくって言うのものを抑える薬って言うのが、今研究されてるそうなんですけれども。	Factors of cancer such as stress are increased in the genes, eventualy developing a cancer, so the drug to inhibit the factors to cancer has been studied today.
SP-000005	(R はい)(R はー)		
LI-000007	(R ねー)がん は(F もー)ほんと に(F もー)(R ねー)あたし の 周り で も たくさん 悲し い 、 親戚 で も 悲し い 思い を し て ま す けれど も 。	がんはほんとにあたしの周りでもたくさん悲しい、親戚でも悲しい思いをしてますけれども。	Cancer is, many people close to me, including my relatives have suffered from it, though.
SP-000006	(R はい)(R はい)		
LI-000008	(F ね)こう 言 う 薬 が 出 ま す と 、 ほんと に 。	こう言う薬が出ますと、ほんとに。	If such drugs are marketed, really. 
SP-000007	(R ねー)何 か 言 っ て た な 、 テレビ で 。	何か言ってたな、テレビで。	Well, I saw something of the sort on TV.
LI-000009	(R ねー)		
LI-000010	(R ねー)(F あー)そう な ん で す か	そうなんですか	Really.
SP-000008			
SP-000009	何 か 、 細胞 か 何 か で 、(P)それ が あ れ ば(P)なり にく い の か 。	何か、細胞か何かで、それがあればなりにくいのか。	Something, a cell or something, its existence would prevent from suffering.
LI-000011	(R ふん)		
LI-000012	(R はい)		
LI-000013	なり にく く する みたい な 。 なり にく く って 言 う か 、(F も)(P)ここ を 、 増殖 が 止ま る って 書 い て あ り ま す ね 。	なりにくくするみたいな。なりにくくって言うか、ここを、増殖が止まるって書いてありますね。	Like, hard to become. Rather than making it become, or here, it says it stops the cells to proliferate.
SP-000010	し な い の か 。	しないのか。	So it doesn't.
SP-000011	止ま る と か ね 。	止まるとかね。	It stops.
SP-000012	テレビ で 何 か 言 っ て ま し た けど ね 。	テレビで何か言ってましたけどね。	I saw something of the sort on TV.
LI-000014	(F あー)(R そう)多分 その こと や と 思 う ん で す 。	多分そのことやと思うんです。	I think it's about that.
SP-000013	ニュース で 。	ニュースで。	On the news.
LI-000015	(R はいー)		
LI-000016	私 は ちょっと 勉強 不足 で ここ に 来 て 、 これ は ほんで(F あーのー)(F こ)言 お う と 思 う ん で す けど 、 なかなか(P)言え な かっ た ん で す けど も 。	私はちょっと勉強不足でここに来て、これはほんで言おうと思うんですけど、なかなか言えなかったんですけども。	I haven't studied the case enough when I came here, I was dying to talk about it then, I couldn't bring it up, though.
SP-000014	(R あー)分か る 。	分かる。	I know.
LI-000017	(R ねー)ほんと に(P)早 く 見つけ て ほし い で す もん ね 。	ほんとに早く見つけてほしいですもんね。	We really hope they find it soon, right?
SP-000015	そう で す ね 。	そうですね。	I agree.
LI-000018	(R ねー)(F もー)		
LI-000019	怖 い で す もん ね 。	怖いですもんね。	It is scary, isn't it?
SP-000016	切 っ て ね 、 それ で 治 れ ば 、 治 る と 言 う か 。	切ってね、それで治れば、治ると言うか。	By cutting it off, if it would be cured, I mean, cured.
LI-000020	(R うーん)		
LI-000021	(R うーん)		
SP-000017	僕 も 実 は(F あのー)六 年 前 、(P)胃がん を ね 、(P)取 っ た ん で す ね 、 胃 を 少し 、 三 分 の 一 ぐらい 。	僕も実は六年前、胃がんをね、取ったんですね、胃を少し、三分の一ぐらい。	I actually had a gastric cancer resected six years ago, little bit of gastric, about one third of my stomach.
LI-000022	(R はい)		
LI-000023	(R あー)		
LI-000024	(F あ)		
LI-000025	(R はい)		
SP-000018	それ で 、 その 時 に 半年 ぐらい で(P)でき た ん で す わ 、 それ 。 ニキビ みたい な の が ね 。	それで、その時に半年ぐらいでできたんですわ、それ。ニキビみたいなのがね。	These, acne-like things, had grown within about six months.
LI-000026	(R はい)		
LI-000027	(R はい)		
SP-000019	それ で 、(F ま)(P)先生 が 、(P)今 切 っ た 方 が 良 い の か 、 切 ら ん 方 が 良 い の か と 言 う の で 、 一 月 ぐらい 悩 ん で は っ て 、(P)結局 切 ら な い かん と 言 う て 、 切 っ た ん で す けど ね 。	それで、先生が、今切った方が良いのか、切らん方が良いのかと言うので、一月ぐらい悩んではって、結局切らないかんと言うて、切ったんですけどね。	The doctor had thought over whether to resect it or not for about a month. He then told me I must undergo resection, so I had the operation.
LI-000028	(R はい)		
LI-000029	(R うん)		
LI-000030	(R はい)		
SP-000020	それ で 、 それ から 、 その 時 切 っ た 所 の(F あの)細胞 を(P)僕 の 場合 は 二十 七 箇所 ね 、 何 か 細胞 を 取 っ た らし い で す わ 。	それで、それから、その時切った所の細胞を僕の場合は二十七箇所ね、何か細胞を取ったらしいですわ。	And, then, the doctor picks the cells off 27 places from my resected tissues.
LI-000031	(R はい)		
LI-000032	(R はい)		
LI-000033	(R はい)		
LI-000034	(R はい)		
SP-000021	それ で 、 それ が 一 月経 っ て(F あのー)(P)何 と も な かっ た ら 、(P)合格 で す と 言 う こと を 言 わ れ て ね 。	それで、それが一月経って何ともなかったら、合格ですと言うことを言われてね。	The doctor had told me I was bound to pass the test if there were no issues after a month.
LI-000035	(R はい)		
LI-000036	(R はい)		
LI-000037	(R はい)		
SP-000022	それ で 、 結局(P)(F あ)合格 し た ん で す よ 。	それで、結局合格したんですよ。	Then, I passed the test after all. 
LI-000038	(R はい)		
SP-000023	で 、 去年 の 二 月 に 、(P)(F あのー)もう 五 年 が 過ぎ て(P)卒業 試験 と 言 う か 、 で 、(P)とりあえず は(P)(F ま)(F あの)何に も な い から 、 データ 的 に も 良 い から と 言 う ん で 、(F も)それ で 医者 に 行 か な く な っ た ん で す けど ね 。	で、去年の二月に、もう五年が過ぎて卒業試験と言うか、で、とりあえずは何にもないから、データ的にも良いからと言うんで、それで医者に行かなくなったんですけどね。	Then, last February, five years have already passed, and was sort of my graduation exam that there were no issues for the time being and the data showed I was making progress, so I stopped seeing my doctor.
LI-000039	(R はい)		
LI-000040	(R はい)		
LI-000041	(R あー)		
LI-000042	(R はい)		
LI-000043	(R はい)		
LI-000044	(R はい)		
LI-000045	良 かっ た で す ね 。	良かったですね。	Good for you.
SP-000024	それ で 、 反対 に 友達 は ね 、 それ で かわいそう に 、(P)(F あのー)がん は 見つか っ た ん や けど 、 どこ に あ る か と 言 う の が 分か ら な く て 、(P)で 、 結局 ね 、(F あのー)一 年 以上 経 っ て で す わ ね 、(P)ここ の 後ろ 、 眉間 の 脳 の とこ ね 。	それで、反対に友達はね、それでかわいそうに、がんは見つかったんやけど、どこにあるかと言うのが分からなくて、で、結局ね、一年以上経ってですわね、ここの後ろ、眉間の脳のとこね。	And, to the contrary, in case of a friend of mine, unfortunately they had discovered cancer but couldn't find the exact location.  Then, at last, more than a year later. It was in the brain, between the eyes.
LI-000046	(R うーん)		
LI-000047	(R はい)		
LI-000048	(R はい)		
LI-000049	(R えー)		
LI-000050	(R はい)		
SP-000025	と 、(P)それ から もう 一人 は ね 、 ここ の 肺 、 肺 の ね 、 これ は 外側 に あ っ て 良 かっ た ん で す けど ね 、(P)なかなか それ が 見つか ら ん か っ て ね 、 これ も 一 年 ぐらい かか っ た ん で す よ 。(P)あれ や これ や っ て 検査 で ね 。	と、それからもう一人はね、ここの肺、肺のね、これは外側にあって良かったんですけどね、なかなかそれが見つからんかってね、これも一年ぐらいかかったんですよ。あれやこれやって検査でね。	And another person had a cancer in the lung, but fortunately it was on the outside of the lung. They also had trouble finding it. He went through so many exams.
LI-000051	(R はい)		
LI-000052	(R はい)		
LI-000053	(R はい)		
LI-000054	(R はー)		
LI-000055	(R へー)すご い 。	すごい。	My.
SP-000026			
SP-000027	これ は(F あの)森ノ宮 の あっ こ の がん センター で(P)何 と か 取 っ て 、 それ で(F あのー)切り取 っ て ね 、 それ で 網 みたい な の を 付け て ね 、(P)筋肉 を 、(F あのー)(P)筋肉 を 。(F あの)(F こ)(P)上 は 皮 だけ や から 、(F こう)フワフワ な の ね 。(P)で 、 その 網 が 中 に し て あ っ て 、(P)で 、 それ で リハビリ を ね 、 一所 懸命 に そいつ は や っ て 、(P)手 は ね 、 動 く よう に な っ た ん で す わ 。	これは森ノ宮のあっこのがんセンターで何とか取って、それで切り取ってね、それで網みたいなのを付けてね、筋肉を、筋肉を。上は皮だけやから、フワフワなのね。で、その網が中にしてあって、で、それでリハビリをね、一所懸命にそいつはやって、手はね、動くようになったんですわ。	He managed to remove the cancer at the medical center in Morinomiya. Stretched something like a net on the muscle. The top part of it is soft because there's only a skin. So, a net-like was spread within it. He went through rehabilitation with determination, and now his hands recover mobility.
LI-000056	(R はい)		
LI-000057	(R はい)		
LI-000058	(R はい)		
LI-000059	(R はい)		
LI-000060	(R へー)		
LI-000061	(R はい)		
LI-000062	(R はい)		
LI-000063	(R はい)		
LI-000064	(R はい)		
LI-000065	(R はい)		
SP-000028	?		
LI-000066	(R はー)		
SP-000029	そう 言 う(F まー)肺 の 外 っ かわ に あ っ て 、 運 が 良 かっ た ん で ね 。	そう言う肺の外っかわにあって、運が良かったんでね。	He was fortunate since the cancer was on the outside of the lung.
LI-000067	(R はー)		
SP-000030	だ から 、 これ は 未だ に 生き て る ん や けど 。	だから、これは未だに生きてるんやけど。	So he's still alive.
SP-000031	眉間 の?かわいそう に(F あのー)一 年 以上 本人 も 悩 ん で 、 悩 ん で ね 、(P)(F あのー)手術 する と 言 う こと を 。	眉間のかわいそうに一年以上本人も悩んで、悩んでね、手術すると言うことを。	The other with cancer between the eyes, poor him, he thought over and over whether to have an operation.
LI-000068	(R うーん)		
LI-000069	(R はい)		
LI-000070	(R うん)(R うん)		
SP-000032	それ で 、 結局 それ は(P)(F あのー)定年 、(P)六十 ぐらい や っ た か な 、(P)それ で(F あの)終わ り ま し た わ 。	それで、結局それは定年、六十ぐらいやったかな、それで終わりましたわ。	In the end, he died. I guess around 60, at the time of retirement.
LI-000071	(R うん)		
LI-000072	(R はー)そう で す か 。	そうですか。	Really.
SP-000033	(R はい)		
LI-000073	(R へー)		
SP-000034	そう 言 う 運 の 悪 い 人 も(P)お り ま す ん で 。	そう言う運の悪い人もおりますんで。	There are unfortunate ones like him.
LI-000074	(R ねー)		
SP-000035	うっさい な 。	うっさいな。	Will you shut up?
LI-000075	(F あ)		
LI-000076			
LI-000077	(F あ)す い ま せ ん 。	すいません。	Excuse me. 
SP-000036			
SP-000037	(F まー)		
SP-000038	すん ま せ ん 。	すんません。	Sorry.
LI-000078	(F あ)いいえ 。	いいえ。	No.
LI-000079	で も 、 良 かっ た で す ね 。 運 が 良 かっ た って 言 う か 、 もう ほんま の ごく 初期 で いらっしゃ っ た ん で す ね 。	でも、良かったですね。運が良かったって言うか、もうほんまのごく初期でいらっしゃったんですね。	But, good for you. You were lucky, to have your cancer discovered at an early stage.
SP-000039	そう な ん で す 。	そうなんです。	Right.
SP-000040	(R はい)		
LI-000080	(R はー)		
SP-000041	半年 、(F あねー)(P)会社 を 辞め て すぐ で す わ 。(F あのー)三 箇月 ぐらい し て ね 、(P)(F あの)市 の(P)(F あのー)(P)団体 で 診 て もら う やつ が あ る で しょ 。(F もー)会社 を 辞め る 時 に ね 、 胃 カメラ を 飲 ん で 、?(P)済 ん で た ん で す けど ね 。	半年、会社を辞めてすぐですわ。三箇月ぐらいしてね、市の団体で診てもらうやつがあるでしょ。会社を辞める時にね、胃カメラを飲んで、済んでたんですけどね。	It was right after my retirement, about six months later. No, three months later or so. I had applied for an exam provided by a public institution. You know, the group testing. Nothing was wrong at the last exam I got before retirement. Just swallowing a gastric camera.
LI-000081	(R はー)		
LI-000082	(R はい)		
LI-000083	(R はい)		
LI-000084	(R はい)(R はい)(R はい)		
LI-000085	(R うん)		
LI-000086	(R はい)		
LI-000087	(R はー)		
SP-000042	だ から 、(F あの)(F もー)(P)市 の(F あのー)(P)あれ で 、 バス 、 バス の やつ で す ね 、 あれ で 受け て 、(P)それ で ちょっと おかし い こと が 分か っ て ね 。	だから、市のあれで、バス、バスのやつですね、あれで受けて、それでちょっとおかしいことが分かってね。	So it was one of those exams done on the buses, provided by the city. I took one of those and found that something was wrong.
LI-000088	(R はい)		
LI-000089	(R はい)		
LI-000090	(R はい)		
LI-000091	(R はい)		
SP-000043	おかし い な 、 三 箇月 ぐらい で がん に も な る ん で す か と 言 う た ら 、 三 箇月 あ っ たら でき る と か と 言 わ れ て 。	おかしいな、三箇月ぐらいでがんにもなるんですかと言うたら、三箇月あったらできるとかと言われて。	I said, That's strange, does a cancer grow in three months?. They answered three months is enough.
LI-000092	(R へー)そう な ちょっと の 期間 で も でき る ん で す ね 。	そうなちょっとの期間でもできるんですね。	So, it could happen in just a short period of time.
SP-000044	(R ふん)		
SP-000045	でき る 。	できる。	Sure.
LI-000093	(R へー)		
LI-000094	何 か ね 、 一 年(F ん)と か もっと かか る か な と か 思 う ん で す けど 。	何かね、一年とかもっとかかるかなとか思うんですけど。	Like, I thought it would have taken a year or much longer, though.
SP-000046	(R うん)		
SP-000047	びっくり し て 。	びっくりして。	I was surprised.
LI-000095	(R へー)		
SP-000048	それ で 、 あれ は バリウム ね 、(P)バリウム で な い と 出 な かっ た か も 分か ら ん と か って 言 わ れ て 。	それで、あれはバリウムね、バリウムでないと出なかったかも分からんとかって言われて。	And, that is barium. I was told had it not been for a barium test, it could have gone unnoticed.
LI-000096	(R はい)		
LI-000097	(R はい)		
SP-000049	胃 カメラ で(F こうね)曲げ て(F こ)見 る らし い ん で す けど 。(P)見落とし と 言 う か ね 、(P)が あ っ た ん か も 分か ら ん 。	胃カメラで曲げて見るらしいんですけど。見落としと言うかね、があったんかも分からん。	I hear that it is inspected by bending the gastric camera. There might have been, an oversight, you know. 
LI-000098	(R はい)		
LI-000099	(R はー)		
LI-000100	行 く 場所 が 胃 カメラ や っ た ら 。	行く場所が胃カメラやったら。	Had it been the gastric camera where to go.
SP-000050	サンプル は ね 、 たくさん 採れ な かっ た 、 その 胃 カメラ で 。	サンプルはね、たくさん採れなかった、その胃カメラで。	Samples were, not taken so much, by the gastric camera.
LI-000101	(R あー)		
LI-000102	(R はー)(R はー)(R はー)		
LI-000103	バリウム で し た ら 、 この 白 い とこ ね 、 全部(F こう)写 っ て き ま す もん ね 。	バリウムでしたら、この白いとこね、全部写ってきますもんね。	If it would be Barium, these white parts, would all come out. 
SP-000051	(R そう)		
SP-000052	打 つ 、 打 つ らし い で す ね 。 それ で(P)良 かっ た ん か も 分か ら ん けど 。	打つ、打つらしいですね。それで良かったんかも分からんけど。	Injection, it appears to inject. It might have been good, though.
LI-000104	(R あー)		
LI-000105	(R あー)		
SP-000053	結局 切 っ て 、(F まー)(P)何 と も な い から 良 かっ た ん で す けど ね 。	結局切って、何ともないから良かったんですけどね。	It was good that nothing has happened by cutting off after all.
LI-000106	良 かっ た で す ね 。 何 で も 早期 発見 って 思 い ま す もん ね 。	良かったですね。何でも早期発見って思いますもんね。	Good for you. Nothing is better than early detection.
SP-000054	そう で す ね 。 そんな は よ でき る と 。(L ほ)	そうですね。そんなはよできると。	Yes. If it would grow so fast.
LI-000107	私 も そんな ん 初めて 聞 く 。(P)三 箇月 で 。	私もそんなん初めて聞く。三箇月で。	I've never heard of that, too. In three months.
SP-000055	僕 は 自信 を 持 っ と っ た から ね 。	僕は自信を持っとったからね。	I had always been confident.
LI-000108	(R うーん)		
SP-000056	体 に は 自信 が あ っ た ん や けど も 、 それ 以来 もう(P)心配 に な っ て き て ね 。	体には自信があったんやけども、それ以来もう心配になってきてね。	I had always been confident in my physical strength. I'm so worried about my health ever since.
LI-000109	(R はー)		
LI-000110	(R うーん)		
SP-000057	市 の あれ を(F ま)三 つ か 四 つ を(F こう)いつ も(P)年 に 一 回 は 受け る よう に し て る ん で す けど ね 。	市のあれを三つか四つをいつも年に一回は受けるようにしてるんですけどね。	I make it a rule to undergo three or four of those provided by the city annually.
LI-000111	(R はー)		
LI-000112	(F あ)そう な ん で す か 。 で も 、 大事 な こと で す よ ね 。	そうなんですか。でも、大事なことですよね。	Really. But that's important.
LI-000113	ほんと に(F もー)自分 の ね 、 お 体 を そう や っ て 注意 し て や っ た は っ た ら 、 一番 良 い こと で す もん ね 。	ほんとに自分のね、お体をそうやって注意してやったはったら、一番良いことですもんね。	Seriously, it is the best thing if you would take care of your body like you do.
SP-000058	(R そう)		
SP-000059	(R はい)		
LI-000114	(R へー)		
SP-000060	それ で びっくり し て ね 。	それでびっくりしてね。	I'm surprised, then. 
LI-000115	(R はー)		
LI-000116	(R は)そう で す か 。	そうですか。	Really. 
SP-000061	だ から 何 で も 早期 発見 が ね 、(P)いろいろ と 言 わ れ ま す の で 。	だから何でも早期発見がね、いろいろと言われますので。	So, early detection, you know, much has been said.
LI-000117	(R うーん)		
LI-000118	(R うーん)		
LI-000119	(R ねー)		
LI-000120	この 薬 も ね 、 結局 それ を 抑え る って こと で す から 、 でき る 前 に(P)それ を ね 、 な ら な い よう に する って い う こと で す もん ね 。	この薬もね、結局それを抑えるってことですから、できる前にそれをね、ならないようにするっていうことですもんね。	This drug also, controls it after all, so before it grows, try not to suffer from it, right?
SP-000062	(R うーん)		
SP-000063	(R はー)		
LI-000121	(R はー)今 一番 怖 い の は が ん で す もん ね 。	今一番怖いのはがんですもんね。	Cancer is the most dreadful illness nowadays, right?
SP-000064	そう で す ね 。 どう に も なら ん で す ね 。	そうですね。どうにもならんですね。	Right. So uncontrollable.
LI-000122	(R うーん)		
LI-000123	で 、 ストレス と ね 、 ストレス も あ り ま す もん ね 。(L ふ)	で、ストレスとね、ストレスもありますもんね。	And, stress, stress sure is. 
SP-000065	(R はい)		
SP-000066	(L はあ)		
SP-000067	ストレス で いろんな 病気 に な る ん で ね 。(P)精神 的 な の が 多 い で す ね 。	ストレスでいろんな病気になるんでね。精神的なのが多いですね。	Stress triggers illnesses. There are many of them derived from psychological.
LI-000124	(R うおーん)		
LI-000125	(R ねー)		
LI-000126	多 い で す ね 。 ストレス も ほんと 怖 い で す から 。	多いですね。ストレスもほんと怖いですから。	Yes, there are many. Stress is also really fearsome.
LI-000127	ストレス で もう 全部 いろんな がん に な る 人 も い は っ た ら 。(R ねー)	ストレスでもう全部いろんながんになる人もいはったら。	There are people who suffer from various types of cancers caused by stress.
SP-000068	(R ねー)あれ 。	あれ。	That.
LI-000128	(F こう)精神 的 な もん も ね 、 なら は る 人 も い は り ま す もん ね 。	精神的なもんもね、ならはる人もいはりますもんね。	Mental one, you know, there are people suffering from it.
SP-000069	(R ねー)		
SP-000070	うつ病 と か ね 、 あんな ん な っ たり し て る から 。	うつ病とかね、あんなんなったりしてるから。	Like depression. Some suffer from it.
LI-000129			
LI-000130	(R んー)		
SP-000071	なかなか 、(P)元気 に 話 。 あの 営業 マン なんか で も ね 、 うま い こと 話 を し て る から 大丈夫 や と 思 っ て も 、 やっぱり 今 の(P)ストレス と 言 う の も ね 、(P)やっぱ 抱え て る から 。(P)その 発散 の 上手 、 下手 が あ る ん で しょ う けど 。	なかなか、元気に話。あの営業マンなんかでもね、うまいこと話をしてるから大丈夫やと思っても、やっぱり今のストレスと言うのもね、やっぱ抱えてるから。その発散の上手、下手があるんでしょうけど。	Quite tough to be cheerful. Like that salesman over there, it looks as if he talks very well, so you think he's doing fine. But when it comes to stress nowadays, he must be under stress. Some are good at letting off steam, others are bad at.
LI-000131	(R んー)		
LI-000132	(R んー)		
LI-000133	(R あー)		
LI-000134	そう で す ね 。	そうですね。	Right.
LI-000135	(R うーん)		
LI-000136	(R ねー)発散 する って 難し い で す もん ね 。	発散するって難しいですもんね。	Getting rid of it is difficult.
SP-000072	(F あ)そう で す ね 。	そうですね。	Right.
LI-000137	(R ねー)		
SP-000073	なかなか(P)ばか に なれ ん から 。(L はは)	なかなかばかになれんから。	Not so easy to become a fool.
LI-000138	(R うーん)		
LI-000139	ほんま に そう で す よ ね 。 で 、 自分 が 何 が 好き なんか 、 どう な ん や ろ(L ほほ)と 言 っ て 。	ほんまにそうですよね。で、自分が何が好きなんか、どうなんやろと言って。	It is so true. And what I am really fond of, I suppose, you know. 
SP-000074	(R うーん)		
SP-000075	(R そう)		
LI-000140	何 を し たら ストレス 解消 でき ん ねん や ろ と か ね 。 なかなか 見つけ る の が(P)ね 。	何をしたらストレス解消できんねんやろとかね。なかなか見つけるのがね。	Like, I wonder what kind of pastimes let off my steam, hard to find.
SP-000076	(R むー)		
LI-000141	(R うん)		
SP-000077	僕 ら の 時代 、(F まー)時代 が 違 う や ろ う から ね 、 今 は 相当(F その)(P)教育 なんか で も 高度 や から ね 。(P)僕 ら ん 時 や っ た ら まだ 、(P)一杯 飲 ん で 、 それ で(P)上役 の 悪口 を 言 っ たり 、 で 、 酒 の 肴 に し て ね 、(P)それ で 済 ん で ま し た けど 。	僕らの時代、時代が違うやろうからね、今は相当教育なんかでも高度やからね。僕らん時やったらまだ、一杯飲んで、それで上役の悪口を言ったり、で、酒の肴にしてね、それで済んでましたけど。	Our time, it's different from our time. Education and all is quite advanced now. In our time, we just brushed off stress by drinking, and complaining about our boss. Trash talk was a side dish with our drink and got over it.
LI-000142	(R んー)		
LI-000143	(R んー)		
LI-000144	(R んー)		
LI-000145	(R んー)		
LI-000146	(R んー)		
LI-000147	(R んー)		
SP-000078	今 は(P)何 か 陰気 な と 言 う か ね 、(P)むつかし い こと を 言 い ま す わ 、 こんな もん 。 無茶 な こと も 、 で も 。	今は何か陰気なと言うかね、むつかしいことを言いますわ、こんなもん。無茶なことも、でも。	Nowadays, it is sort of gloomy. Making difficult requests, like this. Making absurd requests.
LI-000148	(R んー)		
LI-000149	そう で す ね 。	そうですね。	I agree.
LI-000150	そう で す 。 うちら で も そう で す わ 。	そうです。うちらでもそうですわ。	Yes. Same here.
SP-000079	(F あ)(R はー)		
SP-000080	(L は)		
LI-000151	(R うーん)(F も)何 か(L は)(F えー)そんな 複雑 に 考え ん で も(L ふ)と か ね 。(L へ)	何かそんな複雑に考えんでもとかね。	It felt like that they don't have to take it in such a complicated way, and so on.
SP-000081	(R そう)すご い で す よ 。	すごいですよ。	Bleeding.
LI-000152	そう で す よ ね 。 ほんま に 難し い 時代 で す よ ね 、 何 も か も が ね 。	そうですよね。ほんまに難しい時代ですよね、何もかもがね。	I agree. It is the age in which everything is extremely difficult.
SP-000082	(R うん)		
SP-000083	僕 は(F もー)単純 や から ね 。(P)ほんま に 今 の 子 は かわいそう だ と 思 う けど 。	僕は単純やからね。ほんまに今の子はかわいそうだと思うけど。	I am simple. I do feel sorry for the kinds today, though. 
LI-000153	(R ねー)ほんと に ストレス を 抱え てらっしゃ る 方 は 多 い と 思 い ま す わ 。	ほんとにストレスを抱えてらっしゃる方は多いと思いますわ。	I really think there are a lot of people feeling stressed.
SP-000084	(R うん)		
LI-000154	(R ねー)		
LI-000155	こちら は ちょっと 暗 い 話 な ん で す けれど も 。(P)(F あのー)打ち上げ ロケット が 失敗 し た 、 何 か 新聞 の 話 な ん で す けど も ね 。	こちらはちょっと暗い話なんですけれども。打ち上げロケットが失敗した、何か新聞の話なんですけどもね。	This is a bit gloomy topic. The rocket launch ended in failure, I saw in the newspapers, though.
SP-000085	(R ねー)		
LI-000156	(R はい)(F えっとー)つい 先日 ね 、 失敗 し た らし い ん で す けど も 。 二十 秒 後 に もう 、 ちょっと 落っこち た ら し い ん で す けれど も ね 。	つい先日ね、失敗したらしいんですけども。二十秒後にもう、ちょっと落っこちたらしいんですけれどもね。	The other day, it appeared to be in failure, though. The parts had already fallen apart 20 seconds after the liftoff. 
SP-000086	僕 も パッ と 観 た 時 に 、 成功 し た んか な と 思 っ て た ん で す けど ね 。	僕もパッと観た時に、成功したんかなと思ってたんですけどね。	I thought it was a success, when I saw it briefly.
LI-000157	そう で す ね 。 飛 ん だ 時 に 、(F あ)(F あ)は あと 思 っ て たら 、 よう 聞 い た ら 、(F え)違 う や(L ははん)と 思 い ま し た けど ね 。	そうですね。飛んだ時に、はあと思ってたら、よう聞いたら、違うやと思いましたけどね。	Yeah. I was like, Ha! at the liftoff. On close listening, the story changed.
SP-000087	(R うん)		
SP-000088	(R うん)		
SP-000089	(R ねー)		
SP-000090	電波 が 通じ て な い と か 言 っ て ね 。	電波が通じてないとか言ってね。	It said that the communication system wasn't working.
LI-000158	(R ねー)(R うーん)		
LI-000159	何 か コスト 削減 で いろんな もの を 、 ねじ と か 何 か 、 何 か 言 っ て ま し た ね 、 何 か いろんな もの を 削減 し は っ た ん で 、 さ れ た ん で 、 ちょっと(F こ)(F あのー)そこ に 欠陥 が と か と 言 っ た は り ま し た が ね 。	何かコスト削減でいろんなものを、ねじとか何か、何か言ってましたね、何かいろんなものを削減しはったんで、されたんで、ちょっとそこに欠陥がとかと言ったはりましたがね。	I heard something like, screws or something, various things were omitted, were forced to omit, due to cost reduction. It said, that caused malfunction.
SP-000091	(R うーん)		
SP-000092	(R はー)		
SP-000093	出 た 。	出た。	I heard that.
SP-000094	そ や ね 、 二十 分 の 一 と か 何 と か 言 っ と っ た 。	そやね、二十分の一とか何とか言っとった。	Right, they said one twentieth or something.
LI-000160	(R んー)		
LI-000161	(R ねー)何 か 、 これ で は 電信 柱 一 本 分 ぐらい だっ(P)て 言 う て は り ま し た ね 。	何か、これでは電信柱一本分ぐらいだって言うてはりましたね。	Like, they said that it was equivalent to a telegraph pole. 
SP-000095	(R ぬー)		
SP-000096	(R あー)(R そう)(R そう)(R そう)(R そう)電信 。	電信。	Telegraph.
LI-000162	で 、 その 中 で 、 私 も 最後 の 方 な ん で す けど 、 何 か 打ち上げ を し て 、 成功 を ずっと し て き て 、 今回 が 初めて の 失敗 と か って 言 っ て た ん で 。	で、その中で、私も最後の方なんですけど、何か打ち上げをして、成功をずっとしてきて、今回が初めての失敗とかって言ってたんで。	And, in that, at the end I heard that all liftoffs had been successful in the past, and this time was the failure for the first time.
SP-000097	(R うーん)そう で す ね 。	そうですね。	Yes.
LI-000163	(R ねー)		
LI-000164	(R わー)		
SP-000098	そう 言 う(F あの)(P)何 か(P)安 く ね 、 でき た から すご い な と 思 っ て た ん で す けど ね 。	そう言う何か安くね、できたからすごいなと思ってたんですけどね。	I thought it was awesome because it was made at low cost, though.
LI-000165	(R んー)		
LI-000166	(R んー)		
SP-000099	価格 的 に も すご く 安 く て 、(P)これ が 成功 し た ら 、 あちこち から(L え)仕事 を もらえ る よう な こと を 言 っ て は っ た から ね 、(P)世界 から 。(L は)	価格的にもすごく安くて、これが成功したら、あちこちから仕事をもらえるようなことを言ってはったからね、世界から。	It was very low-cost and if the liftoff had succeeded, it said it would lead to obtain business from everywhere, from overseas.
LI-000167	(R んー)		
LI-000168	(R ねー)		
LI-000169	(R あー)そう な ん で す か 。	そうなんですか。	Is that so.
LI-000170	(R あー)		
LI-000171	せ や ね 。 その 莫大 な 費用 を 使 っ て 、 アメリカ みたい に あんな 大きな ね 。	せやね。その莫大な費用を使って、アメリカみたいにあんな大きなね。	Yes, it can use this enormous amount of money for such large ones, like the US.
SP-000100	(R うーん)		
SP-000101	(R てー)		
LI-000172	そう で す よ ね 。	そうですよね。	I agree.
SP-000102	でっか い やつ を ね 。	でっかいやつをね。	Large ones.
LI-000173	飛ば す って 言 う より も 、 小型 で ね 、 いろんな こと が 研究 が でき た ら 一番 良 い で す もん ね 。	飛ばすって言うよりも、小型でね、いろんなことが研究ができたら一番良いですもんね。	Rather than liftoffs, the best thing is to be able to do various researches with small-sized ones.
SP-000103	(R はい)		
SP-000104	だ けど 、 小型 の 研究 は 何 か 世界 一 らし い で す ね 、 日本 は 。	だけど、小型の研究は何か世界一らしいですね、日本は。	Yet I heard Japan's research on miniaturization is the best in the world.
LI-000174	(F あ)そう な ん で す か 。(R へー)	そうなんですか。	Really?
SP-000105	(R はい)		
LI-000175	(R あー)そう な ん や 。	そうなんや。	I see.
SP-000106	何 で も 小型 に し て い く 。	何でも小型にしていく。	Japanese miniaturize anything. 
LI-000176	(R うん)		
SP-000107	や っ て ま し た けど ね 。	やってましたけどね。	They've been doing it.
LI-000177	(R へー)		
SP-000108	な っ た から 、(P)ああ 言 う(F まー)ラジオ で も そう や し 。(P)携帯 ラジオ ね 。	なったから、ああ言うラジオでもそうやし。携帯ラジオね。	Like, the sort of radio. Making it portable.
LI-000178	(R うーん)		
LI-000179	(R はい)		
SP-000109	何 で も ちっさく し て 、 小さ く 、(F ま)そう 言 う(P)(F あのー)(F ま)開発 と 言 う か ね 、 ああ 言 う の が(P)日本 人 は 得意 と か と 言 っ て 。(P)言 っ て 、 この 失敗 も(P)いろんな こと を 言 っ て ま し た けど 。	何でもちっさくして、小さく、そう言う開発と言うかね、ああ言うのが日本人は得意とかと言って。言って、この失敗もいろんなことを言ってましたけど。	Miniaturize everything. Miniaturize, or rather, develop such things. It is said that the Japanese are good at that. People were talking a lot about its failure, though.
LI-000180	(R うーん)		
LI-000181	(R んー)		
LI-000182	(R へー)		
LI-000183	(R うーん)		
LI-000184	(R ねー)(F ま)失敗 は ね 、(P)やっぱり 成功 に 繋が っ て い く ん で しょ う けど 、 なかなか 大変 で す よ ね 。	失敗はね、やっぱり成功に繋がっていくんでしょうけど、なかなか大変ですよね。	After all, failure is going to be the mother of success, but it is quite hard.
SP-000110	(R うーん)		
SP-000111	そう で す ね 。	そうですね。	I agree.
LI-000185	(R うーん)		
LI-000186	こう 言 う こと を 考え て い く って 言 う の も 大変 や し 。(P)大変 な お 仕事 や な と 思 っ て 。	こう言うことを考えていくって言うのも大変やし。大変なお仕事やなと思って。	Considering such things is also hard. I think it is a difficult job.
SP-000112	だ けど 、 それ だけ(R ねー)飛 ん だ ん や から 。(P)あと その 電波 が 何 で(P)ね 、 届 か へん かっ た か 。	だけど、それだけ飛んだんやから。あとその電波が何でね、届かへんかったか。	But it managed to launch. Then, why was the radio wave could not be transmitted. 
LI-000187	(R うーん)		
LI-000188	(R んー)		
LI-000189	(R ねー)		
LI-000190	ほんと に 不思議 に 思 う ん で す よ 。(P)(F あのー)電波 で も こんな ちっちゃ な ね 、 ラジオ で も こんな ちっちゃ い し 、 携帯 も あれ は 私 は 不思議 で 、 不思議 で 。(L へへへへへ)	ほんとに不思議に思うんですよ。電波でもこんなちっちゃなね、ラジオでもこんなちっちゃいし、携帯もあれは私は不思議で、不思議で。	It's really mysterious, I wonder. The radio wave, radio cassette recorders are so small, and cell phones are also mysterious to me. So mysterious.
SP-000113	(R うん)		
SP-000114	(L ははは)		
SP-000115	(R ねー)便利 に な っ た ら 良 い な と 言 う て ま し た けど ね 、 昔 ね 。	便利になったら良いなと言うてましたけどね、昔ね。	We did wish in the past for coming in useful, though.
LI-000191	そう で す よ ね 。	そうですよね。	Right.
SP-000116	皆 大型 を 持 っ て 、(P)社長 だけ 車 の 中 で 電話 し て る し 。(P)すご い な と 思 い ながら 。 あっ と 言 う 間 で し た ね 、 せ や けど 。	皆大型を持って、社長だけ車の中で電話してるし。すごいなと思いながら。あっと言う間でしたね、せやけど。	Everyone had big ones, and only the CEO could call in a car. I was overwhelmed. It came along in a split second, though.
LI-000192	(R うーん)		
LI-000193	(R うーん)		
LI-000194	そう で す ね 。 期間 が もう ほんと に 短 い 期間 で 、 新し い もの が どんどん 、 どんどん 出 て き て 、 すご い で す ね 。	そうですね。期間がもうほんとに短い期間で、新しいものがどんどん、どんどん出てきて、すごいですね。	Yes. It is so short period of time. New products keep on coming, more and more, amazing.
SP-000117	(R ふん)		
SP-000118	(R あい)		
SP-000119	(R うーん)		
SP-000120	すご い?あれ 。	すごいあれ。	Amazing, really.
LI-000195	(R うーん)で 、 持 た は る 人数 が 日本 の ね 、 持 つ 人数 が すご い こと に な っ て ま す よ ね 。	で、持たはる人数が日本のね、持つ人数がすごいことになってますよね。	The number of users in Japan is overwhelming, isn't it?
SP-000121	(R うーん)		
SP-000122	今 なんか 、 今 は すご い から ね 。	今なんか、今はすごいからね。	Nowadays, it's amazing.
LI-000196	(R ねー)		
SP-000123	僕 ら は もう(P)手 も(P)頭 も つ い て い か へん から 、(P)(F もー)でき る こと は もう ね 、(P)限 ら れ る から 。(L はあ)	僕らはもう手も頭もついていかへんから、できることはもうね、限られるから。	Although our brain and hands can't keep up with it anymore. What we can do is already limited.
LI-000197	(R うーん)		
LI-000198	(R うん)		
LI-000199	私 も そう な ん で す よ 。(F もー)これ 以上 、 これ 以上 っ て 言 う か 、 そこ に 行 く まで も 行 か な い ん で す よ 。(L ほほ)	私もそうなんですよ。これ以上、これ以上って言うか、そこに行くまでも行かないんですよ。	Me too. I can't reach the higher level, I mean, can't even make the first step to the next level.
SP-000124	(L はは)		
LI-000200	なかなか 難し い な と 思 っ て 、 携帯 一 つ で も ほんと に 大変 で 。	なかなか難しいなと思って、携帯一つでもほんとに大変で。	Things are quite complicated. For example, even cell phone, it really is hard to deal with.
SP-000125	そう で す わ 。	そうですわ。	Yep.
LI-000201	(R ねー)		
SP-000126	偉 い ね 、 あんな 簡単 に やり は る し 。	偉いね、あんな簡単にやりはるし。	I'm impressed. They operate it so smoothly.
LI-000202	(R んー)		
LI-000203	そう で す よ ね 。	そうですよね。	Right.
LI-000204	私 なんか 、 電化 製品 で 詰ま っ て ま す 。(L ふふふふふ)	私なんか、電化製品で詰まってます。	I myself have trouble operating electric appliances.
SP-000127	(R あー)		
LI-000205	電子 レンジ で 、 えーっとー(L おほほほほ)と 思 っ て しま い ま す し ね 。	電子レンジで、えーっとーと思ってしまいますしね。	Even a microwave oven makes me wonder, well, let me see, you know.  
LI-000206	ほんと に 。	ほんとに。	Really.
SP-000128	そう で す ね 。 電子 レンジ は 僕 ら も 、(P)家内 は ちゃ う けど 、 僕 ら は(F もー)本 を 見 て や ら ん と でき ま せ ん の で ね 。	そうですね。電子レンジは僕らも、家内はちゃうけど、僕らは本を見てやらんとできませんのでね。	I agree. Regarding a microwave oven, my wife does not have a problem, but we are not able to operate it without looking at a book.
LI-000207	(R あー)私 も その 本 を 読 む の が(P)何 か 邪魔 くさ い 、 めんど くさ い ん で す よ 。	私もその本を読むのが何か邪魔くさい、めんどくさいんですよ。	Looking at a book is bothering, too much work for me, 
SP-000129	(R そう)めんど くさ い で しょ 。	めんどくさいでしょ。	Tiresome, isn't it?
SP-000130	だ から 、 失敗 し て も え え から それ で や っ て しま っ たり し て 、(P)後 で 怒 ら れ る ん や けど 。	だから、失敗してもええからそれでやってしまったりして、後で怒られるんやけど。	So, I do it anyway, I don't care I mess up, but I get scolded later on. 
LI-000208	(R うーん)		
LI-000209	で 、 何 か 聞 い て き て 、 え 、え 、 と 。(L へふふふふふぬ)	で、何か聞いてきて、え、え、と。	Then, I was asked something, well, let me see.
SP-000131	(R うん)		
SP-000132	めんど くさ が る し 。	めんどくさがるし。	Lazy to do.
LI-000210	(R ねー)		
LI-000211	ほんと で す ね 。 大変 で す よ ね 、 ほんと に 。 もう 今 、 電化 さ れ 、(R ねー)いろんな こと が 電化 さ れ て 、(P)ほんと に 大変 で す わ 。	ほんとですね。大変ですよね、ほんとに。もう今、電化され、いろんなことが電化されて、ほんとに大変ですわ。	Right, it is hard, really. Many things are furnished with electric appliances, it is really tough.
SP-000133	いや 、 ほんま に(F あの)テレビ 、 今日 なんか も 昼 ね 、 話 し と っ た ら 、(F もー)(P)そら 便利 に な っ た 、 便利 な 、 良 く な っ た な と 言 っ て 話 し て た ら 、(P)そら 、(P)全部 頭 に 入れ て 覚え た ら 、 便利 は 良 い ん で す 。(P)あなた の 場合 は 何 か 頭 に 入 っ て な い から 、(P)な い 分 は 使え ま せ ん と 言 っ て 。	いや、ほんまにテレビ、今日なんかも昼ね、話しとったら、そら便利になった、便利な、良くなったなと言って話してたら、そら、全部頭に入れて覚えたら、便利は良いんです。あなたの場合は何か頭に入ってないから、ない分は使えませんと言って。	Well, like today at noon, on the TV, we talked that it had been convenient, it had get better. Of course, it is convenient as long as you memorize everything. In your case, you don't memorize enough so that you unable to apply it to.
LI-000212	(R うん)		
LI-000213	(R うん)		
LI-000214	(R んー)		
LI-000215	そう で す ね 。	そうですね。	I see.
LI-000216	(L はあ)		
LI-000217	?		
SP-000134	ああ 言 う 電話 と か 、(P)ああ 言 う 、 ああ 言 う 本 と か ね 。	ああ言う電話とか、ああ言う、ああ言う本とかね。	Telephones, or like books and so on.
LI-000218	ほんと ね 。	ほんとね。	I agree.
LI-000219	(F も)ほんと に ね 、(F もー)いろんな 設定 も でき ま せ ん し 。(L へへへへ)	ほんとにね、いろんな設定もできませんし。	Really, I can't do various settings.
SP-000135	そう で しょ う 。	そうでしょう。	Right.
LI-000220	(F もー)限界 に 、(F もー)限界 に つまず い て しま う と 言 う か 。	限界に、限界につまずいてしまうと言うか。	The limit, I would say I stumble over the limit. 
SP-000136	ああ 言 う 仕事 を ね 、 で 、(F こう)や っ て は っ た ら ね 、 自然 に 覚え て い く ん や ろ う けど ね 。	ああ言う仕事をね、で、やってはったらね、自然に覚えていくんやろうけどね。	I guess you'll learn naturally if you're doing that sort of job.
LI-000221	(R んー)		
LI-000222	(R んー)		
SP-000137	べったり と(F もー)(P)かか ら へん から ね 。	べったりとかからへんからね。	I don't have my hands full with it.
LI-000223	そう な ん で す よ 。(R うーん)で 、 説明 を 聞 い て も 、 はい 、(P)は い と 言 う て 。	そうなんですよ。で、説明を聞いても、はい、はいと言うて。	Exactly. Then, when I listen to the explanation, I answer Yes. 
SP-000138	そう な ん で す わ 。	そうなんですわ。	Right.
LI-000224	そう な ん で す よ 。	そうなんですよ。	I know.
SP-000139	?は 行 っ て 、 その 時 は 覚え て 帰 っ て 、 帰 る ん や けど 、 帰 っ て それ を 触 る と もう ね 、(P)違 う 画面 が 出 たり し た ら 駄目 だ 、(P)でき な い 。	は行って、その時は覚えて帰って、帰るんやけど、帰ってそれを触るともうね、違う画面が出たりしたら駄目だ、できない。	I answer Yes, and memorize it at that time but after going back home and touch it, then, I cannot do it anymore if a different screen comes up. 
LI-000225	(R はい)		
LI-000226	(R はい)		
LI-000227	そう な ん で す 。	そうなんです。	Right.
LI-000228	?で も 行 っ て 、 がんば っ て くださ い 。(L ふふふふふ)どう な ん で す 。	でも行って、がんばってください。どうなんです。	But you go, and hang in there. How about it?
SP-000140	(L ふふふ)		
SP-000141	だ から 、 遠慮 せん と 来い と 言い は る けど 、(P)めんど くさ が る ん や ろ う し 。	だから、遠慮せんと来いと言いはるけど、めんどくさがるんやろうし。	Thus, they say to me, do not hesitate to come, but I might be annoying to them. 
LI-000229	(R うーん)		
LI-000230	で も 、 で も 、 この 方 も シャシャシャシャ っ て 笑 い ま す よ ね 。(L へへへ)	でも、でも、この方もシャシャシャシャって笑いますよね。	However, but, this person also laughs off, right?
SP-000142	(R そう)		
SP-000143	ある 程度(F こう)行 っ て くる と ね 、(F あのー)めんど くさ い と の 顔 に な っ て き た ら 、(F も)(P)(F ねー)良 い で す と 言 っ て 、 帰 る ん で す けど ね 。	ある程度行ってくるとね、めんどくさいとの顔になってきたら、良いですと言って、帰るんですけどね。	To the point where I visit there long enough, and seeing them with annoyed expressions, I say never mind and go back home. 
LI-000231	(R うーん)		
LI-000232	(R うん)		
LI-000233	(R うーん)		
LI-000234	なかなか ね 、(F もー)ほんま に(F もー)こんな 本一 冊 分 を 何 か 、 何 分間 で 聞 く よう な(L はは)気 が し て 、 私 。	なかなかね、ほんまにこんな本一冊分を何か、何分間で聞くような気がして、私。	It feels like I am explained such a whole book in a few minutes. 
SP-000144	(R はー)		
SP-000145	(R そう)		
SP-000146	すご い で しょ 、 あれ は 。	すごいでしょ、あれは。	Unbelievable, that sure is. 
LI-000235	すご い で す ね 。 覚え られ ま せ ん わ ね 、 ほんと に 。	すごいですね。覚えられませんわね、ほんとに。	Impressive, I cannot memorize, really. 
SP-000147	覚え られ ん 。	覚えられん。	I cannot memorize.
LI-000236	何 か 、(F あの)趣味 で 何 か や っ た は り ま す ？	何か、趣味で何かやったはります？	What do you do for hobbies?
SP-000148	趣味 が ね 、(F もー)運動 しか でき な かっ た から ね 。	趣味がね、運動しかできなかったからね。	Hobbies, I was only ever good at sports.
LI-000237	(R うん)(R うん)		
LI-000238	(F あ)		
LI-000239	そう で す か 。	そうですか。	Really.
SP-000149	(F もー)(P)ハイキング と ね 、 ゴルフ と 、(P)や っ て ま し た けど 、(F も)ハイキング に(P)(F ま)大方 行 っ て 、(F ま)今 は(F ま)ちょっと あれ で す けど 。	ハイキングとね、ゴルフと、やってましたけど、ハイキングに大方行って、今はちょっとあれですけど。	I used to go hiking and play golf. Usually I went hiking, but now it's kind of like.
LI-000240	(R うーん)		
LI-000241	(R はい)		
LI-000242	(R はい)		
LI-000243	(R うん)(R うん)		
SP-000150	(F もー)ゴルフ も 金 が かか る し 、(P)シルバー で ある 程度 稼 がん と でき な い ん で ね 。	ゴルフも金がかかるし、シルバーである程度稼がんとできないんでね。	Golf costs money, so that I have to make enough money by elderly work to some extent to enjoy it.
LI-000244	(R うーん)		
LI-000245	(R はー)で も 、 偉 い で す ね 。 そう や っ て 自分 の こと は ね 、 自分 で ね 、 働 い て って 言 う 考え 方 で いらっしゃ い ま す もん ね 。	でも、偉いですね。そうやって自分のことはね、自分でね、働いてって言う考え方でいらっしゃいますもんね。	But, how admirable. Your idea is take care of yourself by making money by yourself.
SP-000151	家内 が 言 い ま す 。(P)遊 び た かっ た ら 稼 い で くださ い 。(L ふ)	家内が言います。遊びたかったら稼いでください。	That's what my wife says. If you want to play, make money.
LI-000246	(F あ)		
LI-000247	(R うん)		
LI-000248	(R ね)偉 い で す 。(L えへへへへへへ)	偉いです。	Admirable.
SP-000152	(L ふ)		
LI-000249	(R ねー)		
LI-000250	(R あー)そ し たら 、 ゴルフ と か も(F も)あんまり 行 か れ な い で す か ？	そしたら、ゴルフとかもあんまり行かれないですか？	Then, you don't go playing gold anymore?
SP-000153	そう ね 、(F もー)年 に 四 回(P)ぐらい 。	そうね、年に四回ぐらい。	No, about four times a year.
LI-000251	(R うーん)		
LI-000252	(R あー)		
SP-000154	子供 の(F あのー)嫁 の 親 と か 、 そんな 付き合い だけ で す わ 。	子供の嫁の親とか、そんな付き合いだけですわ。	With my sons' in-laws, such social obligation only.
LI-000253	(R はい)		
LI-000254	(F あ)		
LI-000255	そう な ん で す か 。 いや 、 で も すご い ファミリー って 言 う か 、 良 い 感じ で お 付き合い(R ねー)し てらっしゃ っ て 。	そうなんですか。いや、でもすごいファミリーって言うか、良い感じでお付き合いしてらっしゃって。	I see. But it's nice, sounds like family, having a pleasant relationship. 
SP-000155	(R はい)		
SP-000156	(R そう)		
SP-000157	呼 ん で もらえ る から ね 。	呼んでもらえるからね。	They invite me.
LI-000256	(R えー)		
LI-000257	(R あー)		
SP-000158	かわいそう や と 思 っ て る ん で しょ う 。(L くふふ)	かわいそうやと思ってるんでしょう。	Maybe they have pity on me.
LI-000258	いえ いえ 、 やっぱ お 人柄 や と 思 い ま す よ 。	いえいえ、やっぱお人柄やと思いますよ。	Oh no, it's your personality that attracts them.
LI-000259	(R ねー)やっぱり いや だっ た ら 呼 ぼ う 、 お 呼 び し よう か な って 言 う 気 は ね 、 起こ り ま せ ん もん ね 。	やっぱりいやだったら呼ぼう、お呼びしようかなって言う気はね、起こりませんもんね。	People would not invite someone whom they consider disagreeable.
SP-000159	(R うー)		
SP-000160	あの おっ さん は 暇 や ろ って な もん で 。(L はははは)	あのおっさんは暇やろってなもんで。	They might think, That old guy probably has enough time.
LI-000260	そんな こと は な い(L ひ)で す 。	そんなことはないです。	No way.
LI-000261	やっぱり(F こ)呼 ん で 楽し く 過ご し た い な と 言 う ね 、 思 う た は る ん や と 思 い ま す よ 。	やっぱり呼んで楽しく過ごしたいなと言うね、思うたはるんやと思いますよ。	I believe they want to spend some nice time with you and then invite you.
SP-000161	(R はい)		
LI-000262	(R へー)		
LI-000263	いや 、 すご い 良 い で す ね 。	いや、すごい良いですね。	Well, it is very good.
LI-000264	(R はー)		
SP-000162	(F まーね)子供 が ね 、(F も)すご く 、(F あの)(F ま)二人 の 男の子 な ん で す けど 、(P)好 か れ ま し て ね 、(P)お陰 さん で 。(P)で 、(P)(F あのー)呼 ん で くれ る ん で す 。	子供がね、すごく、二人の男の子なんですけど、好かれましてね、お陰さんで。で、呼んでくれるんです。	Kids, two boys fond of me, thank goodness. That's why they invite me.
LI-000265	(R はい)		
LI-000266	(R はい)		
LI-000267	(R はい)		
LI-000268	(R うーん)		
LI-000269	(R はー)		
LI-000270	すご い で す ね 。	すごいですね。	Admirable.
SP-000163	いや 、 すご い こと は な い 。	いや、すごいことはない。	No, nothing like that.
LI-000271	(R うーん)すご い で す よ 。(F あのー)	すごいですよ。	It is admirable.
SP-000164	いや 、 皆 の を いろいろ と 聞 い て た ら ね 、(P)羨まし い で す よ 。	いや、皆のをいろいろと聞いてたらね、羨ましいですよ。	Well, everyone's stories make me feel envy.
LI-000272	(R うーん)そう な ん で す よ 。(L あはん)	そうなんですよ。	Is that so.
LI-000273	(R えー)そう 。(L ふ)	そう。	Well.
SP-000165	羨まし い 、 羨まし い 。	羨ましい、羨ましい。	Enviable, enviable.
LI-000274	(R うーん)		
SP-000166	(F もー)孫 の 話 と か あんな の ばっかし し て 、 し て る から ね 。	孫の話とかあんなのばっかしして、してるからね。	We talk about grandchildren all the time. 
LI-000275	(R うーん)		
LI-000276	(R あーん)		
SP-000167	羨まし い ぐらい 。	羨ましいぐらい。	I feel sort of jealous.
LI-000277	(F あ)		
SP-000168	(L へへ)		
LI-000278	で も ね 、 向こう の ご 両親 も 一緒 に 、 ご 一緒 に し よう と 言 う 、(R ねー)(P)なかなか そんな 。	でもね、向こうのご両親も一緒に、ご一緒にしようと言う、なかなかそんな。	But, they say let's get together with in-laws, sharing some time with in-laws. It is quite a, you know. 
SP-000169	そう で す ね 。	そうですね。	Right.
SP-000170			
SP-000171	兄弟 で も ね 、 年 に 一 回 ぐらい しか 会え ん から ね 。 母親 なんか 生き て る 時 は ね 、 何 回 か(F こう)(P)あ り ま し た けど ね 。 もう 親 が 死 ん だ ら 。(P)(F ま)(P)(F も)(P)兄弟 で も 年 に 一 回 しか 会 い ま せ ん から ね 。	兄弟でもね、年に一回ぐらいしか会えんからね。母親なんか生きてる時はね、何回かありましたけどね。もう親が死んだら。兄弟でも年に一回しか会いませんからね。	Even siblings get together only about once a year. When our mother was alive, we did get together several times. But once my parents are dead. Even our siblings don't see each other only once a year.
LI-000279	(R んー)		
LI-000280	(R あー)そう で す よ ね 。	そうですよね。	I agree.
LI-000281	(R うーん)		
LI-000282	そう で す ね 。(R うーん)	そうですね。	I see.
LI-000283	(R うーん)		
LI-000284	そう で す よ ね 。 なかなか ほんと 会え な く な り ま す よ ね 。	そうですよね。なかなかほんと会えなくなりますよね。	I see. It gets hard to meet with them.
SP-000172	(R うーん)		
SP-000173	(R はい)		
LI-000285	(R はー)		
LI-000286	じゃあ 、(F も)山歩き の 方 は(F もー)あんまり 。	じゃあ、山歩きの方はあんまり。	Then, you don't go out hiking that much?
SP-000174	(R そう)その 七 キロ まで で 、(P)だ から(F あのー)(P)この 生駒 の お 寺 回り と か 、(P)時々(F あの)酒屋 が 最後 に な っ て 、(P)(P)(F あのー)ボランティア の 人 に(P)三百 円 を 出 し て 行 く と か ね 。 あんな ん で 、 日にち が 合 え ば 行 っ て る ん で す わ 。	その七キロまでで、だからこの生駒のお寺回りとか、時々酒屋が最後になって、ボランティアの人に三百円を出して行くとかね。あんなんで、日にちが合えば行ってるんですわ。	Up until seven kilometers. So, touring the temples in Ikoma, join with volunteer which costs 300 yen, with a sake brewery as the final destination. Like this, if schedules match, then I go.
LI-000287	(R うーん)		
LI-000288	(R はい)		
LI-000289	(R はい)		
LI-000290	(F あ)		
LI-000291	(R はい)		
LI-000292	(R はい)		
LI-000293	(R あー)そう で す か 。	そうですか。	I see.
SP-000175	(L はは)		
LI-000294	で も 、 ここ ら 辺 は すご く 環境 が 良 い 所 で す の で 、 あれ で す ね 、 生駒 山 を 歩 か は っ て 。(F もー)	でも、ここら辺はすごく環境が良い所ですので、あれですね、生駒山を歩かはって。	This area has very good environment, so, you walk around Mount Ikoma, right?
SP-000176	そう ね 、 いろんな(F まー)歴史 が あ る よう で す けど ね 。	そうね、いろんな歴史があるようですけどね。	Yes, I heard it's rich in history.
LI-000295	(R へー)(F あ)		
SP-000177	それ で 行 っ て 、 びっくり し たり し て る ん で す けど 。	それで行って、びっくりしたりしてるんですけど。	Then I go, I am surprised, though.
LI-000296	(R ほえー)		
LI-000297	(R へー)		
SP-000178	だ から 、 それ も(F ま)(P)二 月(P)に あ る し 。(P)そんな ん で す ね 。	だから、それも二月にあるし。そんなんですね。	Then, it also is in February. That's about it.
LI-000298	(R はい)		
LI-000299	(R あー)		
SP-000179	時々 。	時々。	Sometimes.
LI-000300	で も 良 い で す ね 、(P)何 か 四季 を やっぱり 感 じ られ る と 言 う か 。	でも良いですね、何か四季をやっぱり感じられると言うか。	But it is good, you can feel like four seasons.
SP-000180	(R あー)		
LI-000301	(R ねー)		
SP-000181	そう で す ね 。 それ が(P)今年 の ね 、(F あのー)年始 も そう や っ た し 、 割と 太陽 が(P)ぎょうさん(P)よう 見え ま し た から ね 。	そうですね。それが今年のね、年始もそうやったし、割と太陽がぎょうさんよう見えましたからね。	Right. It is this year's, the start of the year as well, I was able to look at the sun, quite blazing.
LI-000302	(R うーん)		
LI-000303	(R はい)		
LI-000304	(F あ)良 かっ た で す ね 。 暑 い ぐらい で し た もん ね 、 暖か く て ね 。	良かったですね。暑いぐらいでしたもんね、暖かくてね。	Good for you. It was almost hot, very warm, wasn't it?
LI-000305	(R あー)行 か れ た ん で す か ？	行かれたんですか？	So you went?
SP-000182	そう で す 。	そうです。	Yes.
LI-000306	(R はー)		
LI-000307	ここ ら 辺 や っ た ら 、 生駒 の どこ ら 辺 に 行 か れ る ん で す か 、(F あの)(P)年始 。	ここら辺やったら、生駒のどこら辺に行かれるんですか、年始。	In this area, which part of Ikoma do you go during the New Year season?
SP-000183	ここ や っ た ら 、(F もー)あっこ 、 コース の(P)あの てっぺん 。	ここやったら、あっこ、コースのあのてっぺん。	Around this area, there, I'd choose the summit of the course.
LI-000308	(F あ)(F も)生駒 の てっぺん 。	生駒のてっぺん。	The summit of Mount Ikoma?
SP-000184	てっぺん に 行 く 。	てっぺんに行く。	I ascend to the summit.
LI-000309	(R はー)		
SP-000185	あそこ で いつ も(F あのー)(F あのー)てっぺん の とこ で 、(F こう)見 る やつ と 、(P)それ から 、(P)どこ や 、(F あのー)(P)途中 で ね 、(P)時間 が 間に合 わ な く な っ て 、 途中 で 見 た ん で ね 。	あそこでいつもてっぺんのとこで、見るやつと、それから、どこや、途中でね、時間が間に合わなくなって、途中で見たんでね。	There, always see it from the summit, and somewhere, on the way to, I saw it en route because of running out of time.
LI-000310	(R はい)		
LI-000311	(R はい)		
LI-000312	(R へー)(F あ)		
SP-000186	東生駒 の 上 、 上 の 方 、 山 に 出 て くる とこ 。	東生駒の上、上の方、山に出てくるとこ。	The northern part of Higashi-Ikoma, where you strike a trail.
LI-000313	(R あー)そう で す か 。(R はー)また ぜひ 、 あたし も 行 っ て み ま す 。(L ふふふふ)?	そうですか。またぜひ、あたしも行ってみます。	Really. I'd love to go there, too.
SP-000187	(L あはははへ)		
LI-000314	す い ま せ ん 。	すいません。	Excuse me.
SP-000188	いいえ 。	いいえ。	No problem.