LI-000001	す い ま せ ん 。	すいません。	Excuse me.
SP-000001	(R はい)		
LI-000002	何 か この 二 つ の 話題 で 、 あの お 話 する らし い ん で す けど も 。 私 も これ は 内容 が よく 分か ら な い ん で 。(L ふふ)	何かこの二つの話題で、あのお話するらしいんですけども。私もこれは内容がよく分からないんで。	We are to talk about two topics, but I do not quite understand the content well.
SP-000002	(R はい)		
SP-000003	(R はい)		
SP-000004	(R あー)?		
LI-000003	(F あの)(P)(F もー)何 か 私 の 簡単 なあれ で は 、(P)(F あ のー)ＩＥＲＳ って言 う 細胞 が(P)何 か 増殖 する と がん に な る 、 と 。
【カラムC】 	何か私の簡単なあれでは、ＩＥＲ５って言う細胞が何か増殖するとがんになる、と。 	In my simple understanding, this cell named IER5 becomes cancer if it proliferates.
SP-000005	(R はい)		
SP-000006	(R うん)		
SP-000007	(R うん)		
SP-000008	(R はおー)		
LI-000004	(R はい)		
LI-000005	とても 何 か 良 い お 話 みたい で 、(P)この がん の 増殖 を(P)この < ＩＥＲＳ と 言 う こと らし い で す 。	とても何か良いお話みたいで、このがんの増殖をこのIER5と言うことらしいです。	This is a very good story. It is said that cancer growth is called IER5.
SP-000009	(R はい)		
SP-000010	(R はい)		
SP-000011	(R はー)		
LI-000006	だ から 、 がん に な ら な い よう に する みたい な(P)感じ で 、 これ に は 書 い て あ っ た ん で す けど 。	だから、がんにならないようにするみたいな感じで、これには書いてあったんですけど。	The article says that the drug prevents cancer.
SP-000012	(R あー)(R あー)そう で す 。	そうです。	Yes.
SP-000013	(R はい)		
SP-000014	(R あー)		
LI-000007	(R はい)		
LI-000008	とって も ね 、 今 がん が 多 い し ね 。	とってもね、今がんが多いしね。	There have been so many cancer patients recently.
SP-000015	(R えー)そう で す ね 。(R はい)	そうですね。	I agree.
LI-000009	(F もー)あれ な ん で す けれど も 。	あれなんですけれども。	Although it's sort of a hard topic to talk about.
SP-000016	(R んー)がん の 人 は 多 い で す わ な 。	がんの人は多いですわな。	There are many people suffering from cancer.
LI-000010	多 い で す ね 。	多いですね。	Yes, there are.
SP-000017	(R んー)がん で 亡くな る 人 が 多 い 。	がんで亡くなる人が多い。	Many people die of cancer.
LI-000011	(F んー)私 の 知り合い と か も 、(F あの)身内 で も 、 たくさん がん が お り ま す ん で ね 。 亡くな っ たり も し て ま す ん で 。(P)とって も 良 い お 話 みたい で す けど 。	私の知り合いとかも、身内でも、たくさんがんがおりますんでね。亡くなったりもしてますんで。とっても良いお話みたいですけど。	Among my friends and family, there are some people suffering from cancer. Some of them are dead. But your story seems to be a very good one.
SP-000018	(R はい)		
SP-000019	(R えー)そう で す ね 。	そうですね。	That's right.
SP-000020	(R はい)		
SP-000021	(R はい)		
LI-000012	(R ねー)		
LI-000013	大変 で す もん ね 、 がん に な り ま し た ら 、(F もー)ほんと 。	大変ですもんね、がんになりましたら、ほんと。	To suffer from cancer is truly hard.
SP-000022	(R うーん)(F まー)		
SP-000023	(R あー)(R あー)(R あー)私 は(F あの)でき た ら また(P)観察 、(F あのね)足 が 痛 い と か 、 年 が 行 っ て き た ら ね 。(P)(F まー)内臓 は(F まー)別 と し た か っ て ね 。	私はできたらまた観察、足が痛いとか、年が行ってきたらね。内臓は別としたかってね。	Because I'm old I have joint pain, foot pain and such. Aside from internal organ disorders.
LI-000014	(R んー)		
LI-000015	(R はい)		
LI-000016	(F あ)		
LI-000017	そう で す ね 。	そうですね。	Is that so?
LI-000018	(R んー)(R んー)		
SP-000024	(F なのー)シルバー で 仕事 に 行 っ て ま す や ろ ？	シルバーで仕事に行ってますやろ？	You know, I now work for senior citizens' employment service center.
LI-000019	(R うん)		
LI-000020	(R あー)そう で す か 。	そうですか。	Really?
SP-000025	そう し た ら 、(F ま)(F ま)(P)うわあっと し て や っ て る 時 は そ な い に ね 、 感 じ ま せ ん ねん けど 。(P)家 で じっと し て た ら 、 何 で か な と 思 う 程 、 足 ね 、(P)痛 く な っ て 。 それ で 、 湿布 を 貼 っ たり 、(P)(F えー)し て ま っ けど ね 。	そうしたら、うわあっとしてやってる時はそないにね、感じませんねんけど。家でじっとしてたら、何でかなと思う程、足ね、痛くなって。それで、湿布を貼ったり、してまっけどね。	I don't notice while I'm working like a dog, but when I'm chilling out at home, I feel pain in my legs. So, I put cold patch on my legs.
LI-000021	(R はい)		
LI-000022	(R うーん)		
LI-000023	(R うーん)		
LI-000024	(R うーん)		
LI-000025	(R あー)		
LI-000026	(F あ)		
SP-000026	必ず(P)ペターッ と 貼 っ て い ま す 。	必ずペターッと貼っています。	I always slap the patch on my legs. 
LI-000027	そう で す か 。	そうですか。	Oh, you do?
LI-000028	(F あ)ほんと に で も お 偉 い で す よ ね 、 そう や っ て ね 、 外 で お 勤め なさ っ て ね 。	ほんとにでもお偉いですよね、そうやってね、外でお勤めなさってね。	You're really admirable, working actively in the society.
SP-000027	(L ふうふふふ)		
SP-000028	(R えー)		
SP-000029	せ や けど 、(P)(F あのー)行 っ て た ら ね 、(F こう)皆 さん 、(F あの)今 の ね 、 同僚 で す けど も 、 あの ぐらい の 年 格好 の 人 ばっかし で ね 、(F あのー)(F まー)塩梅 し て も う て る 。 私 は 一番 上 で ん ねん 。(P)年 が 。	せやけど、行ってたらね、皆さん、今のね、同僚ですけども、あのぐらいの年格好の人ばっかしでね、塩梅してもうてる。私は一番上でんねん。年が。	However, my colleagues in my current job are all in the same group and look the same, and are all nice to me. I'm the oldest one.
LI-000029	(R うーん)		
LI-000030	(R うん)		
LI-000031	(R はい)		
LI-000032	(R はい)		
LI-000033	(F あ)		
LI-000034	(R あー)そう な ん で す 。(R えー)	そうなんです。	Really?
SP-000030	(R あー)(R あー)八十 四 で す けど ね 。	八十四ですけどね。	I am 84 years old.
LI-000035	いや 、 見え な い で す よ 。(L ほ)すご い 。	いや、見えないですよ。すごい。	You don't look old. Wow.
SP-000031	(L は)いえ 、(F も)真っ白 い 。?どんな 。	いえ、真っ白い。どんな。	No, my hair is white.
LI-000036	(R へー)		
SP-000032	せ や けど ね 、 皆 さん(F こう)(P)(F まー)ちょっと し た 団体 で は 、(F ま)皆 さん は(F こ)ちょっと いじめ に あ っ たり 、(F こう)こんなん は 割と ある もん で す わ な 。	せやけどね、皆さんちょっとした団体では、皆さんはちょっといじめにあったり、こんなんは割とあるもんですわな。	However, a little bullying is common in a little group. I assume such incident is quite typical.
LI-000037	お 元気 で す ね 。(R うーん)	お元気ですね。	You look pretty healthy.
LI-000038	(R うーん)		
LI-000039	(R はい)(R はい)		
SP-000033	(R あー)団体 の 中 で は ね 。	団体の中ではね。	There are actually bullying where people gather.
LI-000040	(R うーん)		
LI-000041	(R はい)		
SP-000034	せ や けど 、 皆 さん は 割と ええ 方 で ね 。(F あのー)それ なり に 優し く し て くれ は る し ね 。	せやけど、皆さんは割とええ方でね。それなりに優しくしてくれはるしね。	Everyone is a very nice person. They care about me.
LI-000042	(R はい)		
LI-000043	(R はい)		
SP-000035	(F もー)ほんで 、(F もー)(P)ずっと(F ま)もう じき に また ほんと 言 う た ら 、 二 月 に 切り替え に な り ま ん ねん けど ね 。 もう ずうっと その まま で(P)(F あのー)行 こ う と 思 っ て ま す ねん 。(F ま)そら 、 体 の 続 く 限り で す よ 。	ほんで、ずっともうじきにまたほんと言うたら、二月に切り替えになりまんねんけどね。もうずうっとそのままで行こうと思ってますねん。そら、体の続く限りですよ。	Actually, I will have my contract renewed soon, this February, but I think that I will continue to work as long as I have physical strength.
LI-000044	(R はい)		
LI-000045	(R へー)		
LI-000046	(R あー)		
LI-000047	(R へー)		
SP-000036	(R うーん)		
LI-000048	で も 、 ほんと に あたし は びっくり し た ん で す けど 、 八十 四 歳 の 方 に は 思え な い で す わ 。	でも、ほんとにあたしはびっくりしたんですけど、八十四歳の方には思えないですわ。	I was really surprised, you don't look like 84 years old.
SP-000037	?		
SP-000038	昭和 七 年 。	昭和七年。	I was born in Showa 7.
SP-000039	(F あ)		
LI-000049	すご い 。	すごい。	That is amazing.
SP-000040	(L ふふはは)		
LI-000050	お 元気 で いらっしゃ い ま す ね 。	お元気でいらっしゃいますね。	You are in very good shape.
SP-000041	いえ いえ 。	いえいえ。	No, no.
LI-000051	(R へー)		
SP-000042			
LI-000052	そんな ん 。	そんなん。	Really.
SP-000043	戦争 も ね 、 あ り ま し た し な 、 その 間 に 大東亜 戦争 。	戦争もね、ありましたしな、その間に大東亜戦争。	There was also the war, the Great East Asian War when I was young.
LI-000053	(R うーん)		
LI-000054	そう で す ね 。	そうですね。	Really.
SP-000044	(R はい)あ り ま し た し 。	ありましたし。	Yes, there was a war when I was small.
LI-000055	行 か れ たり さ れ た ん で す か ？	行かれたりされたんですか？	Were you at the front?
SP-000045	いえ いえ 、 そら 行 っ て な い 。 その 時 は まだ 小 学校 の 四 年 生 から 、 今 で 言 う 中 学校 の 一 年 の 間 の 四 年間 が 大東亜 戦争 。	いえいえ、そら行ってない。その時はまだ小学校の四年生から、今で言う中学校の一年の間の四年間が大東亜戦争。	No, no. The Great East Asa War broke out in the four years between when I was in the fourth grade of elementary school and the first grade of junior high school.
LI-000056	(F あ)		
LI-000057	(R うーん)		
LI-000058	(F あ)そう で す ね 。	そうですね。	I see.
LI-000059	(R うん)(R うん)		
LI-000060	(F あ)		
SP-000046	(R うん)		
SP-000047	私らか っ て(F ま)言 っ た ら 、 中 学校 一 年(P)の 時 に 終戦 に な っ た 訳 。 八 月 十 五 日 ね 。	私らかって言ったら、中学校一年の時に終戦になった訳。八月十五日ね。	It was the end of the war when I was a junior high school first grader. August 15th.
LI-000061	四 年間 。(R うーん)	四年間。	The war lasted four years.
LI-000062	(R うん)		
LI-000063	(R うん)		
LI-000064	(R あー)(F あ)		
SP-000048	(R うーん)		
LI-000065	そう で す か 。	そうですか。	I see.
SP-000049	そんな 経験 は し て ま す けど ね 。	そんな経験はしてますけどね。	I had such experiences.
LI-000066	(R へー)		
LI-000067	やっぱり その 経験 なさ っ てらしゃ っ る こと が 、 すご い あれ で す よ ね 。	やっぱりその経験なさってらしゃっることが、すごいあれですよね。	You have had some incredible experiences.
SP-000050	(R はい)		
SP-000051	いや 、(F まー)それ が え え か 悪 い か は 、 分か り ま せ ん けど な 。(R はー)	いや、それがええか悪いかは、分かりませんけどな。	I do not know if it is good or bad.
LI-000068	(R うおーん)		
LI-000069	いや 、 で も 何 か 、 私 なんか は 聞 く だけ や けど も 。	いや、でも何か、私なんかは聞くだけやけども。	Well, the war experience is something I can only gain by hearsay.
SP-000052	(R あー)		
LI-000070	(R ねー)テレビ を 通 し て 観 る だけ で す けど も 、 父 の 話 やら を 聞 く だけ や けど も 。	テレビを通して観るだけですけども、父の話やらを聞くだけやけども。	I know war only from TV and talking to my father.
SP-000053	(R うーん)		
SP-000054	(F まー)(F そのー)戦争 の 経験 ちゅ う の は なかなか ね 、(P)(F まー)(F まー)な い わ ね 。 あんまり(P)そんな 偉 そう に は 言 わ れ へ ん けど ね 。	戦争の経験ちゅうのはなかなかね、ないわね。あんまりそんな偉そうには言われへんけどね。	You don't go through wartime experience that often. Though nowadays you can't relate it out aloud.
LI-000071	(R うーん)		
LI-000072	(R うーん)		
LI-000073	そう で す よ ね 。	そうですよね。	I agree.
LI-000074	(R うーん)		
SP-000055	(R うーん)		
LI-000075	うち の 母 なんか 、(F こ)引き上げ で 帰 っ て き て る もん で す から 。	うちの母なんか、引き上げで帰ってきてるもんですから。	My mother came back from abroad.
SP-000056	(R あー)それ また 苦労 し た は る わ ね 。	それまた苦労したはるわね。	She struggled.
LI-000076	もう(R うん)一切 話 し た く な い って 言 う 感じ で 、(P)言 い ま す ね 。 もう 話 し た く な い と 言 う て 。(F まー)無理 に ね 、 聞 こ う と は 思 い ま せ ん けど 。	もう一切話したくないって言う感じで、言いますね。もう話したくないと言うて。無理にね、聞こうとは思いませんけど。	My mother said she did not want to talk about that at all. I never forcibly asked her.
SP-000057	(R うーん)そう か 。	そうか。	I see.
SP-000058	(R うん)		
SP-000059	(R うーん)		
SP-000060	(R うーん)		
LI-000077	その ね 、 気持ち の 上 で も ほんと すご い もん が あ り ま す よ ね 。	そのね、気持ちの上でもほんとすごいもんがありますよね。	The experience of war is a hard thing.
SP-000061	(R うーん)		
SP-000062	(R あー)そう で す か 。	そうですか。	Yes.
LI-000078	(R うーん)		
SP-000063	(F あらもー)(F あのー)(P)大変 で す わ な 。 向こう へ 引っ張 ら れ て し も て 、(P)(R ねー)日本 に 帰 っ て こ られ へ ん だ ら 、 もう ほんま 大変 。	大変ですわな。向こうへ引っ張られてしもて、日本に帰ってこられへんだら、もうほんま大変。	It must have been tough. If you get transferred abroad and unable to come back to Japan, that should be so tough.
LI-000079	(R うーん)		
SP-000064	その 内 たくさん 死 な は り ま す や ろ ？ 食 う もん も 何 も な い ねん もん ね 。	その内たくさん死なはりますやろ？食うもんも何もないねんもんね。	Lots of people died abroad. They had nothing to eat, right?
LI-000080	(R うーん)		
LI-000081	そう で す ね 。	そうですね。	Right.
LI-000082	(R うーん)		
SP-000065	(F あのー)よう(F へー)亡くなら は る 人 も たくさん い て は った らし い わ ね 。	よう亡くならはる人もたくさんいてはったらしいわね。	There seems to be a lot of people who died.
LI-000083	(R うーん)		
SP-000066	負け 戦 と 言 う た ら 、 そう 言 う こと や わ ね 。	負け戦と言うたら、そう言うことやわね。	That's the consequence of losing a war.
LI-000084	せ や ね 。 そう で す よ ね 。	せやね。そうですよね。	That's right.
SP-000067	(R えー)(R えー)		
LI-000085	で も 、 あれ で す ね 。 そう 言 う 時 、 健康 維持 っ て 言 う か 、(R ねー)若 く 見え は っ て 。	でも、あれですね。そう言う時、健康維持って言うか、若く見えはって。	But you are very healthy, you look young.
SP-000068	(R えー)		
SP-000069	私 でっか ？	私でっか？	Do you mean me?
LI-000086	すご い 。(R うーん)すご い 。 どんな 健康 維持 を し た は る ん や な(L は)と 思 っ て 、 お 聞 き し た い な と 思 っ て 。 すご い 、 しっかり し た は り ま す し 。	すごい。すごい。どんな健康維持をしたはるんやなと思って、お聞きしたいなと思って。すごい、しっかりしたはりますし。	Wow. wow. I would like to ask you what you are doing to keep yourself healthy. Because you are in very good shape.
SP-000070	いいえ 。	いいえ。	No.
SP-000071	(L あはは)よう 言 う た は る 。	よう言うたはる。	Please do not compliment so much.
SP-000072	いや 、(F もー)いつ も あんた 、(P)	いや、いつもあんた、	No, no.
SP-000073	娘 に いじめ られ て ま す 。	娘にいじめられてます。	I am being bullied by my daughter.
LI-000087	?		
SP-000074	(F あ)(R うーん)		
LI-000088	(R あー)		
SP-000075	(F もー)(P)結婚 し な い 娘 が(L あほ)お り ま し て ね 。(P)(L はほこ)それ と 二人 で 生活 し て ま す ねん けど 。	結婚しない娘がおりましてね。それと二人で生活してますねんけど。	I have a daughter who is not married. I live with her.
LI-000089	(F あ)そう な ん で す か 。	そうなんですか。	Really?
LI-000090	(R はーい)		
SP-000076	家内 と や っ た ら よろし い ねん けど ね 、(F も)それ が(F もー)(P)割と かしこ 過ぎ て 、(L あはははははははふ)(P)家内 、 家内 は 。	家内とやったらよろしいねんけどね、それが割とかしこ過ぎて、家内、家内は。	There is no problem with living with my wife, but my wife is so smart.
LI-000091	(R うーん)		
LI-000092	(R はい)(L あはははは)そう な ん で す か 。(L ははは)	そうなんですか。	Really?
LI-000093	(L あはは)		
LI-000094	で も ね 、 ご 立派 で いらっしゃ る から 、 娘 さん も きっと ね 、 ご 立派 な 方 な ん や ろ う けど 。	でもね、ご立派でいらっしゃるから、娘さんもきっとね、ご立派な方なんやろうけど。	But since you're a person of integrity, she must be a person of character, too.
SP-000077	いや 。	いや。	No.
SP-000078	いや 、(F もー)いじめ られ ま す 、 あれ 。 物 を 言 う た ら 、(P)(F うん)いじめ 、 いじめ られ て 。(P)ご飯炊き も それ なり に し ま す ねん って 。	いや、いじめられます、あれ。物を言うたら、いじめ、いじめられて。ご飯炊きもそれなりにしますねんって。	No, I am bullied. When I say something, she will bully me. I can cook rice, quite decently.
LI-000095	(R あー)		
LI-000096	(L あははははは)		
LI-000097	(F は)		
LI-000098	そう で す か 。	そうですか。	I see.
SP-000079	(R うーん)ご飯炊き 。 で 、(F こう)文句 を 言 わ れ ま す ねん 。 これ は どっと か 、 こ う と か 、 こ う と か って 言 っ て 。(L ふふふ)	ご飯炊き。で、文句を言われますねん。これはどっとか、こうとか、こうとかって言って。	I'm the one who cook rice. Then my daughter makes complaints, saying this and that.
LI-000099	(R うーん)		
LI-000100	(L うふふふふは)		
SP-000080	よう こんな もん こしらえ た な 。(L あしゅふふ)	ようこんなもんこしらえたな。	I feel like, why did I have a daughter like this?
LI-000101	(R へー)		
LI-000102	(L あふふふふ)		
SP-000081	ほんまで す よ 。	ほんまですよ。	It's true.
LI-000103	で も 娘 さん も そう や っ て 甘え られ る から 、 あれ な ん で しょ う ね 。	でも娘さんもそうやって甘えられるから、あれなんでしょうね。	But I guess such gestures mean your daughter is frank with you.
SP-000082	いや 、 どう で しょ う な 。	いや、どうでしょうな。	Well, I'm not sure about that.
LI-000104	良 い ん と 違 い ま す か 。	良いんと違いますか。	I think it's a nice relationship.
SP-000083	いや 。	いや。	No.
LI-000105	(R ねー)		
SP-000084	もう ちょっと 普通 に 言え んか な と 思 いま ん ねん けど ね 。(R うーん)	もうちょっと普通に言えんかなと思いまんねんけどね。	I want her to say a little more gently.
LI-000106	(R あーん)		
LI-000107	(R うーん)		
SP-000085	それ で 、(F も)あんた 、(F もー)(P)痴呆 症 に な っ てっさか い な 、 大学 に 行 く ん ねん や っ た ら 、 診 て も う て き っ て 、 こんな 、(L いっは)あほか 、(L しす)(P)そんな もん と 違 う 、 反応 、 そんな 。	それで、あんた、痴呆症になってっさかいな、大学に行くんねんやったら、診てもうてきって、こんな、あほか、そんなもんと違う、反応、そんな。	She says if I'm going to the university, I should go see a doctor because I seem to be having dementia. I say, ridiculous, that's not why I'm going to the university.
LI-000108	(R うん)		
LI-000109	(L あはははははははは)		
LI-000110	全然 な っ た は り ま せ ん やん 、 そんな 。(L はは)(P)(L あは)	全然なったはりませんやん、そんな。	You are not getting dementia.
SP-000086	そんな こと を 言い おり ま ん ねん で 、 大学 へ 行 く と 言 う た ら 。	そんなことを言いおりまんねんで、大学へ行くと言うたら。	She says such a thing when I say that I am going to college.
LI-000111	(R うーん)		
SP-000087	そんな の 診 て も う て き っ て な 、 そんな もん 。	そんなの診てもうてきってな、そんなもん。	It is a terrible thing to joke about.
LI-000112	(R へー)(F え)大学 、(P)大学 病院 の こと な ん で す か ？ で は な く て 。	大学、大学病院のことなんですか？ではなくて。	Do you mean a university, a hospital attached to a university?
SP-000088			
SP-000089	(F え)		
SP-000090	いえ 、 ここ の(F あ)大学 院 へ 行 く っ て 、 行 く って 言 う た ら ね 。	いえ、ここの大学院へ行くって、行くって言うたらね。	No, when I said I'm coming in this graduate school. 
LI-000113	(R あー)ここ へ 来る の に 。	ここへ来るのに。	Coming here?
LI-000114	(R あー)そう で す か 。	そうですか。	I see.
SP-000091	そら 、(F あのー)偉 い 先生 が い て はる さかい 、 診 て もろ て 。	そら、偉い先生がいてはるさかい、診てもろて。	Since there are brilliant doctors here, she says I should get a diagnosis.
LI-000115	(L ふふふふふふ)		
SP-000092	逆 に 痴呆 症 に かか っ て?(P)言 う て ね 、 きつ く 言 わ れ ま す ねん 。	逆に痴呆症にかかって言うてね、きつく言われますねん。	She snaps at me that I got infected with dementia instead.
LI-000116	いいえ 。	いいえ。	No.
LI-000117	(R へー)		
LI-000118	で も こう や っ て お 話 し て て も 、 年齢 差 を 感 じ な い 、 年齢 差 って 言 う か 、 八十 四 歳 の 方 と は ちょっと 思え な い ん で す けど も 。(P)すご い 体 も ね 、 ご 健康 そう や し 。	でもこうやってお話してても、年齢差を感じない、年齢差って言うか、八十四歳の方とはちょっと思えないんですけども。すごい体もね、ご健康そうやし。	But when I talk with you, I forget that you are old. It's hard to believe you are 84 years old. You look very healthy.
SP-000093	いえ いえ いえ 。	いえいえいえ。	No, no.
SP-000094	いえ 、 そんな こと は な い で す よ 。	いえ、そんなことはないですよ。	That's not true.
SP-000095	(R えー)		
SP-000096	(F ま)(F まー)(F あの)お 医者 さん に は(F もー)ずっと 定期 的 に ね 、(P)(F あのー)診 て もら っ て 。(P)(F も)薬 を いただ い て 、(F まー)血圧 で 、 血 で 測 っ て たり ね 、 何 か で いろいろ と 測 っ て し て くれ は る さかい に 。(P)で 、 薬 を もら っ て 。(P)(F もー)しんど く な く て も 、 薬 は 飲 ん で ま す けど ね 。	お医者さんにはずっと定期的にね、診てもらって。薬をいただいて、血圧で、血で測ってたりね、何かでいろいろと測ってしてくれはるさかいに。で、薬をもらって。しんどくなくても、薬は飲んでますけどね。	I go to the doctor on a regular basis. The doctor does a variety of tests including blood pressure. I get medicine. Even if it is not painful, I am taking medicine.
LI-000119	(R えー)		
LI-000120	(R あー)		
LI-000121	(R はい)(R はい)		
LI-000122	(R はい)(R はい)		
LI-000123	(R はい)		
LI-000124	(R はい)		
LI-000125	(R うーん)		
LI-000126	(R あー)そう で す か	そうですか	I see.
SP-000097	(R あー)(R えー)		
LI-000127	で も 、 娘 さん も そう や っ て 甘え られ る し 、 お 父 さん が やっぱり 優し く し て くれ はるから(P)良 い ん じゃ な い で す か 。	でも、娘さんもそうやって甘えられるし、お父さんがやっぱり優しくしてくれはるから良いんじゃないですか。	But I think your relationship is nice, since your daughter is very frank with you and you are kind to her.
SP-000098	いや 。	いや。	No.
SP-000099	いえ 。	いえ。	No.
SP-000100	いや 、 そら 、 ちょっと また 違い ま ん ねん 、 うち の 、 うち の は ね 。	いや、そら、ちょっとまた違いまんねん、うちの、うちのはね。	No, my daughter is different from what you think.
LI-000128	(R うーん)		
SP-000101	(R あー)(F も)が きつ い ばっかし で 、 どう も いけ ま せ ん 。	がきついばっかしで、どうもいけません。	My daughter is too mean, no good.
SP-000102	(R はー)(F も)		
LI-000129	で も なかなか(F こう)本音 を 出せ る 所 が 今 ね 、(P)なかなか な い で す から ね 。	でもなかなか本音を出せる所が今ね、なかなかないですからね。	However, nowadays there are few places where you can show your true colors.
SP-000103	いや 、 それ が 結婚 し て た ら よろし い で 。 結婚 し て な い で す よ 。 結婚 し や ん と や さかい 、(F まー)(P)結局 愛情 が(F こ)変 に な り よ ん ねん ね 。	いや、それが結婚してたらよろしいで。結婚してないですよ。結婚しやんとやさかい、結局愛情が変になりよんねんね。	I wouldn't complain if she's married, but she's not. That's why her display of affection is distorted, I assume.
LI-000130	(R うん)(R うん)		
LI-000131	(R うーん)		
LI-000132	(R あー)		
SP-000104	(R うーん)(R そう)それ で 、(P)(F んー)私 は 家内 と 結婚 し た ら 、 全然 よ そ の 人 で す やん か 。 よそ の 人 達 の 全然 知 ら ん 人 と 、 ある 日 突然(P)ね 、 見合い を し て 、 一緒 に な っ て て 言 う こと で しょ う ？	それで、私は家内と結婚したら、全然よその人ですやんか。よその人達の全然知らん人と、ある日突然ね、見合いをして、一緒になってて言うことでしょう？	I married my wife. Before getting married, we were strangers. Marriage means going through a matchmaking suddenly one day and tying a knot with a stranger, right?
LI-000133	(R はー)(R はー)(R はー)		
LI-000134	(R はい)(R はい)		
LI-000135	(R うーん)		
LI-000136	そう で す ね 。(R うん)(R うーん)(R うん)そう で す よ ね 。(R はい)	そうですね。そうですよね。	I agree. I agree.
SP-000105	だ けど 、(F あ)子供 や さかい に 、(P)生まれ た 時 から 一緒 に ずうっと き て ん の に ね 。(L へへへへへへへあはあは)	だけど、子供やさかいに、生まれた時から一緒にずうっときてんのにね。	But children have been with us since birth.
LI-000137	(R うーん)		
LI-000138	(L ふはははははは)		
LI-000139	そう で す ね 。(L へへ)その 変化 が ずうっと つ い て き て ま す もん ね 。	そうですね。その変化がずうっとついてきてますもんね。	I agree. Children are always together with their parents from the time they are born.
SP-000106	(F うー)(R えー)		
SP-000107	あれ は やっぱり 何 でん な 、(F あの)下 の 子供 が お り ま す ねん 。	あれはやっぱり何でんな、下の子供がおりますねん。	I have another child, a younger daughter.
LI-000140	(R うーん)		
LI-000141	(R はい)		
SP-000108	で 、 下 の 子供 が でき て から 、(P)(F まー)言 う たら 、 下 の 子 を かわいが り ま す わ な 、 どう し た か って 。	で、下の子供ができてから、言うたら、下の子をかわいがりますわな、どうしたかって。	When a younger child is born, you're apt to dote on that child.
LI-000142	(R はい)		
LI-000143	(R はい)(R はい)		
SP-000109	そう する と 、 自分 が おんなし 様 に かわいが っ て もらえ へんっ(P)て 言 う とこ が(P)あ っ て 、 そな い に な っ た ん や な い か な と 思 い ま す わ 、 今 から 考え た ら ね 。	そうすると、自分がおんなし様にかわいがってもらえへんって言うとこがあって、そないになったんやないかなと思いますわ、今から考えたらね。	Now when I look back, we did not love our elder daughter as much as the younger one. I think that's why she became bitter.
LI-000144	(R うーん)		
LI-000145	(R うーん)		
LI-000146	(R うーん)		
LI-000147	(R うーん)		
LI-000148	(R あー)そう で す ね 。 いろいろ あ り ま す もん ね 、 何 か(P)ね 。(R うーん)	そうですね。いろいろありますもんね、何かね。	I agree. There are various problems.
SP-000110	(R うーん)		
SP-000111	(R うーん)		
SP-000112	おんなし 様 に は い き ま せ ん わ な 。(L あは)	おんなし様にはいきませんわな。	It's not easy to love your children equally.
LI-000149	い か な い で す ね 、 ほんと に 。(P)(F あのー)思 い ま す 。(R うーん)	いかないですね、ほんとに。思います。	I agree. I really think so.
SP-000113	(L あは)		
SP-000114	(R うーん)		
SP-000115	(R うーん)		
SP-000116	そこ へ その 下 の 子 が ね 、 交通 事故 に あ い ま し て 。	そこへその下の子がね、交通事故にあいまして。	My younger child was involved in a traffic accident.
LI-000150	(R うーん)		
LI-000151	(R うん)		
LI-000152	(R はー)		
SP-000117	?(F んー)道路 で ね 、 バーンッ と 跳ね飛ば さ れ て 、(P)(F あのー)えら い 事故 で し て 。(P)二人 が 飛ば さ れ て し も て ね 、 友達 と 。	道路でね、バーンッと跳ね飛ばされて、えらい事故でして。二人が飛ばされてしもてね、友達と。	She was hit hard by a car onto the road, it was a terrible accident. She and her friend, two of them, were hit.
LI-000153	(R はい)		
LI-000154	(R はい)		
LI-000155	(R はー)そう で す か 。	そうですか。	I see.
LI-000156	(R へー)		
SP-000118	それ で 、(P)天理 病院 で(P)(F まーう)(F あえー)二 箇月 か 三 箇月 か 入 っ て 、(P)(F ま)(F ま)ある 程度 治 し て もら っ て 。	それで、天理病院で二箇月か三箇月か入って、ある程度治してもらって。	So, she was hospitalized at Tenri Hospital for 2 to 3 months and received treatment.
LI-000157	(R はい)		
LI-000158	(R はー)		
LI-000159	(R はー)		
SP-000119	(R えー)		
SP-000120	その 子 は 割と(F ま)?頭 が ね 、 やっぱし 打 っ て ま す の で 、(P)(F こう)(P)(F うー)何 と 言 う か(P)(F あのー)突然 ひっくり返 る やつ が あ り ま す や ろ ？	その子は割と頭がね、やっぱし打ってますので、何と言うか突然ひっくり返るやつがありますやろ？	She struck her head, so she had aftereffects. You know, the seizure where you suddenly tumble.
LI-000160	(R うーん)		
LI-000161	(R うーん)		
LI-000162	(R はい)		
LI-000163	(R あー)(R あー)(R はい)(R はい)		
LI-000164	(R はい)		
SP-000121	ああ 言 う 風 な ん で 、?ずうっと 何 年 も 、 何 年 も ね 。	ああ言う風なんで、ずうっと何年も、何年もね。	She has been suffering from it for many years.
LI-000165	(R うーん)		
LI-000166	(R はい)		
SP-000122	結婚 する 前 、(P)旦那 と 一緒 に 歩 い て て 、 バタッ と 途中 で(L か)倒れ より まし て 。	結婚する前、旦那と一緒に歩いてて、バタッと途中で倒れよりまして。	Before getting married, she suddenly collapsed as she was walking with her boyfriend, her current husband.
LI-000167	(R あー)		
SP-000123	(R うーん)それ で 、 電話 が かか っ て き て 。 せ や けど 、 そんな んじき に また 気 が つ き ま す ねん けど ね 。 せ や けど 、 旦那 と し て は びっくり し まん が な 。	それで、電話がかかってきて。せやけど、そんなんじきにまた気がつきますねんけどね。せやけど、旦那としてはびっくりしまんがな。	So, he called me. But such seizure disappears immediately. However, as boyfriend, he seemed upset, which is understandable.
LI-000168	(R うーん)		
LI-000169	(R うーん)		
LI-000170	(R うーん)そう で す よ ね 。	そうですよね。	I see.
SP-000124	(R うーん)(R うーん)		
LI-000171	(R へー)		
SP-000125	(R うん)そんな の を 今 持 っ てんねん けど 、(F ま)向こう は それ なり に 子供 も 、(P)(F ま)孫 も でき ま し て ね 。(P)(F あのー)(P)(R えー)割と 塩梅 や っ て ま っ けど ね 。	そんなのを今持ってんねんけど、向こうはそれなりに子供も、孫もできましてね。割と塩梅やってまっけどね。	Even though she had such an incident, she has both children and grandchildren. She is fine now.
LI-000172	(R うーん)		
LI-000173	(F あ)		
LI-000174	そう で す か 。(R うーん)	そうですか。	I'm glad.
LI-000175	(R うーん)		
SP-000126	(R ふーん)		
LI-000176	(R ねー)いろいろ あ り ま す もん ね 、 子供 さん を 大き く し は る まで に は 、 ほんと(P)いろんな こと が あ り ま す もん ね 。	いろいろありますもんね、子供さんを大きくしはるまでには、ほんといろんなことがありますもんね。	A lot of things happen as a child grows up.
SP-000127	(R うん)		
SP-000128	そう だ ね 。	そうだね。	I think so.
LI-000177	(R うーん)		
SP-000129	(R うーん)私 ら は(F あのー)仕事 が ね 、(P)(F あのー)(F ま)こんな 家 で は 全然 関係 な い けど ね 、 普通 の(P)(F あのー)家 、(P)お うち の 田舎 の 家 の ね 、 その 建物 、(F ま)ふすま(P)を(P)(F あのー)作 っ て る もん で す 。 表具 っ て 、 表具 って 言 いま ん ねん けど ね 。	私らは仕事がね、こんな家では全然関係ないけどね、普通の家、おうちの田舎の家のね、その建物、ふすまを作ってるもんです。表具って、表具って言いまんねんけどね。	I'm a fusuma mounter. Well, fusumas are not for a modern house like this. I make fusumas for ordinary countryside homes, architectures. Hyogu, it's called hyogu.
LI-000178	(R うん)		
LI-000179	(R はい)		
LI-000180	(R はい)		
LI-000181	(R はい)(R はい)		
LI-000182	(R はい)		
LI-000183	(R あー)そう な ん で す か 。	そうなんですか。	I see.
LI-000184	(R はい)		
SP-000130	それ を ずうっと や っ て ま し た 。 京都 に 習 い に 行 っ て ね 、 丁稚 奉公 に 行 っ て 、(P)それ から ずうっと(P)(F ま)自分 で 独立 し て 。(F えー)この 高山 で(P)や っ て ま し た 。	それをずうっとやってました。京都に習いに行ってね、丁稚奉公に行って、それからずうっと自分で独立して。この高山でやってました。	That's what I've been doing. I apprenticed to a fusuma mounter in Kyoto. After that, I became self-employed and have been working here, in Takayama.
LI-000185	(R へー)		
LI-000186	(R はい)		
LI-000187	(R はー)		
LI-000188	(R はー)		
LI-000189	や っ た は る ん で す か 。	やったはるんですか。	So that's your profession?
LI-000190	すご い 。	すごい。	Wow.
SP-000131	それ から バブル に な り ま し た 、 グアーッ と 。	それからバブルになりました、グアーッと。	I got a lot of work.
LI-000191	(R へー)		
LI-000192	(R はい)		
SP-000132	ものすご く 忙し く て ね 。	ものすごく忙しくてね。	I was very busy.
LI-000193	(R はい)		
SP-000133	(F あのー)夜 も(P)まとも に 寝 られ へん 。	夜もまともに寝られへん。	I could hardly sleep at night.
LI-000194	すご い 。	すごい。	That's amazing.
SP-000134	夜 に 寝 ん の が 四 時 、 四 時 で す よ 。(P)大概 毎晩 、 毎晩 。	夜に寝んのが四時、四時ですよ。大概毎晩、毎晩。	I used to go to sleep at 4 o'clock. 4 o'clock. Almost every night.
LI-000195	(R うわー)(F もー)		
LI-000196	皆 さん 、 新し い 家 を 新築 し たり 、(F あのー)リフォーム と か 、(F あの)お 金 の あ る 時 に バー と や ろ う って こと で す ね 。	皆さん、新しい家を新築したり、リフォームとか、お金のある時にバーとやろうってことですね。	Everyone wants to build a new home or renovate while they are well off, right?
SP-000135	(R えー)		
SP-000136	(R えー)		
SP-000137	(F ま)田舎 の 大きな 家 ばっかし で っけど ね 。	田舎の大きな家ばっかしでっけどね。	My job was in all the countryside's big houses.
LI-000197	(R うーん)		
SP-000138	(R えー)(F あの)町 の 家 は 関係 な い 。	町の家は関係ない。	Had no business with urban homes.
LI-000198	(R はー)		
LI-000199	(F あ)(F も)田舎 の 。(R あー)	田舎の。	No, just country houses.
SP-000139	田舎 の 、 田舎 の 人 が 土地 を 売 っ て 、 ドーン と 御殿 みたい な 家 を 建て はりま っ せ 。	田舎の、田舎の人が土地を売って、ドーンと御殿みたいな家を建てはりまっせ。	Country people sell their land and build a big house.
LI-000200	すご い で す ね 。(R はー)	すごいですね。	That's amazing.
SP-000140	(R えー)(R えー)		
SP-000141	そんな 家 が(F もーね)どんどん 、 どんどん 建て は って 。(P)(F あのー)(P)(F ま)(F まー)(P)お陰 さん で ね 、 忙し い 目 に さ し て もら っ て 。	そんな家がどんどん、どんどん建てはって。お陰さんでね、忙しい目にさしてもらって。	There were plenty of houses built, so thankfully there was lots of work.
LI-000201	(R うーん)		
LI-000202	(R うーん)		
LI-000203	(R うーん)		
LI-000204	(R うーん)		
SP-000142	(R えー)		
SP-000143	正月 前 なんか は 覚え て ま す わ 、 あれ 。(P)(F あのー)(F まー)(P)寝 や ん と ね 、 その まま 配達 に 行 っ て 。(P)(L あっふ)寝 て る 間 が あ ら へ ん な 。(P)そんな こと が あ り ま し た 、 一 回 だけ 。	正月前なんかは覚えてますわ、あれ。寝やんとね、そのまま配達に行って。寝てる間があらへんな。そんなことがありました、一回だけ。	I remember the day before New Year's Day. I stayed up all night working and went for delivery immediately. I had no time to sleep. Such thing happened only once.
LI-000205	(R うん)		
LI-000206	(R はー)すご い 。	すごい。	That's amazing.
LI-000207	(R へー)		
LI-000208	(F は)		
SP-000144	(R うーん)		
LI-000209	そう で す か 。	そうですか。	I see.
SP-000145	上 から 、(F こう)うち の 上 の 方 から ね 、 サラリーマン の 人 が 、(F あ)おはよう 、 早 い の 、 お前 、?と 言 っ て 言わ はる けど 、 うち は 寝 て し ま せ ん ねん 。(P)(F え)そんな ぐらい ね 、 忙し い 。 手 で する こと は 、 しかし 知れ て ま す わ な 。	上から、うちの上の方からね、サラリーマンの人が、おはよう、早いの、お前、と言って言わはるけど、うちは寝てしませんねん。そんなぐらいね、忙しい。手ですることは、しかし知れてますわな。	The office workers always said, Good morning You get up very early, but I had not slept. I was very busy with work. It was a manual job, so it took a long time.
LI-000210	(R はー)		
LI-000211	(R うーん)(F あ)		
SP-000146	(R うん)手 で 加工 し て いちいち 、 機械 で 通 す の と 違 う もん ね 。	手で加工していちいち、機械で通すのと違うもんね。	Handmade takes more time than machines.
LI-000212	(R そう)(R うーん)		
LI-000213	(R うーん)		
SP-000147	そ や けど 、(F まー)(F まー)(P)それ なり に は がんば っ て き ま し た 。	そやけど、それなりにはがんばってきました。	I worked hard as long as I could.
LI-000214	(R うーん)		
LI-000215	すご い で す ね 。	すごいですね。	That's amazing.
SP-000148	(R うーん)		
SP-000149	(F お)しか の は た 辺り で も ね 、(P)ここ 高山 加美 町 と か 、 ずうっと(P)旧 大和 村 と 言 う て 、 あ り ま す や ろ 。 北 大 和村 と 言 い ま す ねん けど ね 、 昔 は 。(P)それ の 所 、(F ま)大工 さん も 知り合い やし 。(P)で 、?(P)(F ま)(F ま)忙し く(P)さ し て いただ い て 。 今 は その 代わ り 、 火 が 消え 、 消え た もん と 一緒 で す 。(L あ)(P)それ で 、 シルバー へ 行 っ て ま す や ろ 。	しかのはた辺りでもね、ここ高山加美町とか、ずうっと旧大和村と言うて、ありますやろ。北大和村と言いますねんけどね、昔は。それの所、大工さんも知り合いやし。で、忙しくさしていただいて。今はその代わり、火が消え、消えたもんと一緒です。それで、シルバーへ行ってますやろ。	Takayama's Kami-cho was once called Yamato Village, Kita-Yamato Village in the past. I have friends who work as carpenters there. They introduced me to a job. However, demand for fusuma mounting is declining, almost zero. That's why I now work for senior citizens.
LI-000216	(R うん)		
LI-000217	(R はい)		
LI-000218	(R はー)		
LI-000219	(R はい)(R はい)		
LI-000220	(R うーん)		
LI-000221	(R へー)		
LI-000222	(R はい)		
LI-000223	(R うん)(R うん)		
LI-000224	(R あー)そう で す か 。(R うん)	そうですか。	I see.
LI-000225	(F あ)		
LI-000226	で も がんば っ た は る ん で す ね 、 ずうっと ね 。	でもがんばったはるんですね、ずうっとね。	You have always been working hard.
SP-000150	(R うん)		
SP-000151	(R うーん)(F まーねー)(F はのーん)それ なり は ね 。	それなりはね。	In my own way.
LI-000227	(R うーん)		
LI-000228	(R うーん)		
SP-000152	朝 も 五 時(P)前 に 起き ま す ねん 。(P)そして 、(F ま)それ なり に 朝 ね 、 し やん な こと が あ り ま す や ろ 。(P)仏 さん に ご飯 を 備え たり 、 いろいろ と(L あはは)(P)朝 出 て 行 く まで ね 。(P)朝 、 朝 は 早 い で す よ 、 その 代わり 。 だ から 夜 寝 ん の は もう 早 い(L ひ)けど ね 。	朝も五時前に起きますねん。そして、それなりに朝ね、しやんなことがありますやろ。仏さんにご飯を備えたり、いろいろと朝出て行くまでね。朝、朝は早いですよ、その代わり。だから夜寝んのはもう早いけどね。	I get up in the morning before 5 o'clock. I leave rice on the altar and I have plenty to do before I go out in the morning. So, I go to bed early in the evening.
LI-000229	(R はー)		
LI-000230	(R うん)		
LI-000231	(R はい)		
LI-000232	(R うん)		
LI-000233	(R うーん)		
LI-000234	(R はー)		
LI-000235	(R うーん)		
LI-000236	(R うーん)		
LI-000237	で も 、 それ だけ 動 い てらっしゃ る から 夜 も スッ と ね 、(P)寝 は る し 。(R うーん)	でも、それだけ動いてらっしゃるから夜もスッとね、寝はるし。	You work a lot, so you can sleep at night as soon as you close your eyes.
SP-000153	(R えー)		
SP-000154			
SP-000155	(F あの)昼 、 我々 は 皆 そう や な 、 午前 中 だけ で す ね 。	昼、我々は皆そうやな、午前中だけですね。	Noon, all of us, we only working during morning.
LI-000238	(F あ)そう な ん で す か 。(R はー)(R うーん)	そうなんですか。	Really?
SP-000156	(R えー)仕事 は ね 。	仕事はね。	That's how I work.
SP-000157	(F ま)(F もー)昼 に な っ た ら 帰 っ て くる けど 、 大体 ね 、 ちょっと 遅 い 時 も ね 、(P)一時 頃 に な る 時 も あ り ま っ けど ね 。 だ けど 大体 は 午前 中 。	昼になったら帰ってくるけど、大体ね、ちょっと遅い時もね、一時頃になる時もありまっけどね。だけど大体は午前中。	I generally come home at noon. Sometimes I come home at around 1PM when there's a lot of work. But generally, I shut down at noon.
LI-000239	(R うーん)		
LI-000240	(R うーん)		
LI-000241	(R うーん)		
LI-000242	(R うーん)		
LI-000243	(R あー)		
SP-000158			
LI-000244	で も 、 それ ぐらい が 良 い か も しれ ま せ ん ね 。 体 の 負担 と か やっぱり ね 、 かか り ま す もん ね 。	でも、それぐらいが良いかもしれませんね。体の負担とかやっぱりね、かかりますもんね。	Considering the physical burden, shutting down at noon might be the best style.
SP-000159	(R えー)		
SP-000160	(R そう)(R そう)(R そう)		
SP-000161	(R えー)		
SP-000162	それ で も やっぱし(F こ)体 全体 を 伸ば し て 、(P)(F こう)や り ま す や ろ ？	それでもやっぱし体全体を伸ばして、やりますやろ？	At work, I use my whole body.
LI-000245	(R うーん)		
LI-000246	(R うーん)		
SP-000163	だ から(F あのー)帰 っ て き て 、 昼食 を コソコソッ と 食べ て や な 、(P)パタッ と 昼寝 し ま す ね 。	だから帰ってきて、昼食をコソコソッと食べてやな、パタッと昼寝しますね。	So, when I come home and as soon as I finish off lunch, I take a nap.
LI-000247	(R うーん)		
LI-000248	(R あー)		
SP-000164	(F もー)夏 も 冬 も なし で 。(L へへへ)	夏も冬もなしで。	In both summer and winter.
LI-000249	(R あー)そう な ん で す か 。	そうなんですか。	Really?
LI-000250	(R あー)夏 なんか 暑 い し 、(P)大変 で しょ う ね 。	夏なんか暑いし、大変でしょうね。	It must be hard to work in summer because of the heat.
SP-000165	(R うん)		
SP-000166	(R えー)		
SP-000167	(F え)そう で す な 。(F もー)そ や けど 、 そんな こと は 関係 な い わ ね 。	そうですな。そやけど、そんなことは関係ないわね。	I agree. But it does not matter much.
LI-000251	(R ねー)		
SP-000168	(F もー)(R えー)		
LI-000252	(R うわー)		
LI-000253	だ から すご い 。(F あれ)で も 日 に 焼け てらっしゃ ら な い し 、 全然 何 か きれい な 感じ で いらっしゃ る から 。	だからすごい。でも日に焼けてらっしゃらないし、全然何かきれいな感じでいらっしゃるから。	That's what makes you amazing. And you haven't got sunburn, your skin is smooth.
SP-000169	だ けど 。	だけど。	However.
SP-000170	(R えー)		
SP-000171			
SP-000172	(F うー)いえ いえ いえ 。	いえいえいえ。	No, no, no.
LI-000254	(R へー)夏 なんか かなり(F こう)炎天 下 で 。(P)午前 中 と 言え ど も 、(F もーね)(P)九 時 、 十 時 と 言 う と 。(F もー)	夏なんかかなり炎天下で。午前中と言えども、九時、十時と言うと。	In the summer, 9 am and 10 am are hot in the morning.
SP-000173	(R えーうー)		
SP-000174	そう で す な 。 もう 日 が きつ く 当た っ て き た ら ね 。 そう な ん だ けど 、(P)(F ま)(F まー)(F あのー)お陰 さん で ね 、(F あのー)体 は 割と 元気 で す ね 。	そうですな。もう日がきつく当たってきたらね。そうなんだけど、お陰さんでね、体は割と元気ですね。	I agree. The sun is strong. But thankfully, I feel alright.
LI-000255	(R ねー)あれ で す もん ね 。	あれですもんね。	Yeah.
LI-000256	(R うーん)		
LI-000257	(R はー)そう で す か 。	そうですか。	I see.
SP-000175	(R えー)		
SP-000176	(F えっと)		
SP-000177	お 医者 さん 、 内科 の お 医者 さん と ね 、(P)泌尿 器 科 に(P)今 行 っ て ま っ けど ね 。 それなり の 薬 を もら っ て 、(P)(F ま)(F ま)一応 並行 を 保 っ て る って 言 う 。	お医者さん、内科のお医者さんとね、泌尿器科に今行ってまっけどね。それなりの薬をもらって、一応並行を保ってるって言う。	I see a physician and urologist. I get a decent amount of medicine and that's how I keep myself healthy.
LI-000258	(R うーん)		
LI-000259	(R うーん)		
LI-000260	(R うーん)		
LI-000261	(R うーん)		
LI-000262	(R うーん)		
LI-000263	(R あー)で も それ が 維持 し て は る って 言 う の が 、 すご い 力 に な っ て ま す よ ね 。	でもそれが維持してはるって言うのが、すごい力になってますよね。	But I guess it takes a lot to keep yourself fit.
SP-000178			
SP-000179	(R うーん)そう で す ね 。	そうですね。	I agree.
LI-000264	(R うーん)維持 でき る って 言 う の は すご い で す よ ね 。	維持できるって言うのはすごいですよね。	It is amazing to be able to maintain good health.
SP-000180	(R えー)		
SP-000181	(R えー)		
SP-000182	そう で す わ 。	そうですわ。	That's right.
LI-000265	(R うーん)		
SP-000183	(F ま)(F ま)		
SP-000184	新聞 と は 関係 な い か は 知 ら ん けど ね 。(F え)	新聞とは関係ないかは知らんけどね。	I'm not sure if that has something to do with newspapers.
LI-000266	(F あ)いえ いえ 、 で も この お 話 を 聞 い て て 、 この 、(F あのー)(P)こないだ ロケット が 上が っ て 、 失敗 し ま し た よ ね 。(R うーん)	いえいえ、でもこのお話を聞いてて、この、こないだロケットが上がって、失敗しましたよね。	It's okay. While listening to your story, I remembered about the rocket launch that failed the other day.
SP-000185	(R あー)(R おー)(F あ)残念 な ね 。	残念なね。	That was too bad.
LI-000267	で も あたし 、 こないだ ずいぶん 前 な ん で す けど 、 東大阪 かて(F あのー)ねじ を 作 っ て は る の を 用意 し て 。 それ で 何 か(F あのー)ロケット を 上げ は り ま し た よ ね 。 成功 し ま し た けど ね 。	でもあたし、こないだずいぶん前なんですけど、東大阪かてねじを作ってはるのを用意して。それで何かロケットを上げはりましたよね。成功しましたけどね。	But then I remembered I heard about a factory in Higashiosaka had launched a rocket by producing screws. By the way, that launch was successful.
SP-000186	(R うん)		
SP-000187	(R あー)		
SP-000188	(R あー)		
SP-000189	(R あー)(R はー)(R はー)(R はー)(R あー)		
LI-000268	で 、(F あのー)アメリカ なんか 、 全部(P)(F こうねー)東大阪 の ねじ を 使 っ て る と か って 言 う た は っ て 、 仰 っ て て 。(P)それ を 聞 い た ん で す けど も 。	で、アメリカなんか、全部東大阪のねじを使ってるとかって言うたはって、仰ってて。それを聞いたんですけども。	It seems that all the screws used in the American rocket were made in Higashi Osaka.
SP-000190	あ り ま し た ね 。	ありましたね。	That's right.
SP-000191	(R あー)(R はー)(R あー)(F あ)そう で す か 。	そうですか。	Yeah.
SP-000192	(F へー)		
SP-000193	(R んー)		
LI-000269	何 か 先程 の お 話 を ね 、 聞 い て て 、 その 職人 さん って 言 う 、 その 、(P)私 は その 職人 さん って 言 う の は すご い な と 思 う ん で す よ 。	何か先程のお話をね、聞いてて、その職人さんって言う、その、私はその職人さんって言うのはすごいなと思うんですよ。	When I was listening to the story I thought, the craftsmen are amazing.
SP-000194	(R ふん)		
SP-000195	(R えー)		
SP-000196	(R えー)いえ いえ いえ 。	いえいえいえ。	No, no, 
LI-000270	(F ね)プロ 意識 って 言 う か 、(F もー)今 その プロ 意識 が ほんと に ね 、 何 か あんま り 、(P)なかなか ね 。	プロ意識って言うか、今そのプロ意識がほんとにね、何かあんまり、なかなかね。	The professionalism is nowadays hard to find.
SP-000197	(R えー)		
SP-000198	(R うーん)そう で ん ね 。	そうでんね。	I agree.
LI-000271	(R うーん)		
SP-000199	だ けど も 、 我々 も 仕事 が(R あー)次 から 次 から(F こう)あ っ て こそ ね 、(F ま)その 職人 も し て られ る けど ね 。	だけども、我々も仕事が次から次からあってこそね、その職人もしてられるけどね。	Having said that, we can continue to be craftsmen as long as there's incessant demand.
LI-000272	(R うーん)		
LI-000273	(R うーん)(R うーん)		
SP-000200	(F あのー)私 の 兄弟 は 、(F あのー)(P)弟 が 八 つ 違い で っ けど 、 大工 でっ せ 。	私の兄弟は、弟が八つ違いでっけど、大工でっせ。	My brother who is 8 years younger than me is a carpenter.
LI-000274	(R うん)		
LI-000275	(R はい)		
LI-000276	(R はー)		
SP-000201	それ で 、(F も)その 忙し い 時 も ね 、 ずうっと 大工 し て ま し て ん けど 、(P)今 ちょうど(F のー)高山 の(F あのー)国道 と 県道 の 交差 点 の と この ね 、 ちょっと 北側 で(P)家 が(F こう)(F あのー)引っかか っ た 訳 で す 、(F あのー)買収 に な っ て ね 。 それ で 、 今(F あのー)鹿ノ 台 へ(P)行 っ て ま す ねん けど ね 。	それで、その忙しい時もね、ずうっと大工してましてんけど、今ちょうど高山の国道と県道の交差点のとこのね、ちょっと北側で家が引っかかった訳です、買収になってね。それで、今鹿ノ台へ行ってますねんけどね。	When I had a lot of work, he was a carpenter. His house at the north side part of intersection of Takayama's national highway and prefectural highway was bought, so now he lives in Shikanodai.
LI-000277	(R はい)		
LI-000278	(R うーん)		
LI-000279	(R はい)(R はい)		
LI-000280	(R あー)(R はい)(R はい)(R はい)		
LI-000281	(R はい)		
LI-000282	(R はい)		
SP-000202	だ けど 、 こっち に い る 時 は ね 、 それ なり の 所 で す の で 、(F あのー)(F ま)(F まー)仕事 が 忙し く ね 、(P)ずうっと さ し て も う て ま し た けど 。(F ま)それ から ずうっと 経済 が(F こ)下が っ て き ま す や ろ ？(P)	だけど、こっちにいる時はね、それなりの所ですので、仕事が忙しくね、ずうっとさしてもうてましたけど。それからずうっと経済が下がってきますやろ？	When he lived here he had plenty of work. But from now on the economic aspect is becoming poor. Isn't it?
LI-000283	(R うーん)		
LI-000284	(R はい)		
LI-000285	(R はい)		
LI-000286	(R うーん)		
LI-000287	(R はい)		
SP-000203	で 、 鹿ノ 台 辺り や っ た ら 、 知 ら な い(P)と こが ね 、(P)(R えー)で 、(F まー)もう だいぶ な る さかい に 、(P)何 か 知り合い?(P)(F あのー)ちょっと 直 し て くれ は ら へん か と 言 う て 、 言わ は る 方 も(P)出 て き た わ と 言 う て 、 言 っ て ま し た けど ね 。 それ で も(F ま)そんな ん 知れ て 、 知れ て ま っ けど ね 。	で、鹿ノ台辺りやったら、知らないとこがね、で、もうだいぶなるさかいに、何か知り合いちょっと直してくれはらへんかと言うて、言わはる方も出てきたわと言うて、言ってましたけどね。それでもそんなん知れて、知れてまっけどね。	He was a stranger in Shikanodai at first, but after that, he made friends there, and he told me that some of them ask to repair their homes. Although the profits are but a trifle.
LI-000288	(R うーん)(R うん)(R うん)(R うん)		
LI-000289	(R うーん)		
LI-000290	(R うーん)		
LI-000291	(R あー)		
LI-000292	(R うーん)		
SP-000204	そ や けど 、(F ま)(F まー)(F あのー)(P)(F まー)腕 が ね 、 だいぶ(F やの)腕 が あ る さかい に 、(P)(F まー)ちょっと し た こと 、 あんまり おっきな こと は もう でき は し ま せ ん 。 私 と(P)(F ま)八 つ 違 う だけ で す さかい ね 。	そやけど、腕がね、だいぶ腕があるさかいに、ちょっとしたこと、あんまりおっきなことはもうできはしません。私と八つ違うだけですさかいね。	Because the ability, he has ability, does not need much work. My younger brother is 8 years younger than me.
LI-000293	(R うーん)		
LI-000294	(R うーん)		
LI-000295	(R うーん)		
LI-000296	(R うーん)		
SP-000205	(R えー)		
SP-000206	だ けど 、(F ま)(F まー)(P)割と(P)堅実 に(P)や っ て っ て くれ ま っ けど ね 。	だけど、割と堅実にやってってくれまっけどね。	He works in good faith.
LI-000297	(R うーん)		
LI-000298	(R あー)		
SP-000207	(R えー)		
LI-000299	ほんと に ね 、 今 大工 さん も ね 、 いや 、 あんまり 。	ほんとにね、今大工さんもね、いや、あんまり。	Recently the work for carpenters is decreasing.
SP-000208	(R えー)		
SP-000209	もう 一番 先 に ね 、(P)建築 業 者 の 中 で は 左官 さん 、(P)壁 を 塗 ら は る 人 ね 、(P)あの 人 が もう 一番 先 に もう 辞め は っ た 。	もう一番先にね、建築業者の中では左官さん、壁を塗らはる人ね、あの人がもう一番先にもう辞めはった。	The carpenters' job is the first to disappear. In the work related to architecture the work of the plaster was the first to disappear.
LI-000300	(R うん)		
LI-000301	(R はい)		
SP-000210	あれ は 何 で か な と 思 う けど ね 、 左官 屋 さん と 言 う の は ものすご く 引っ張 り だこ で し て ん けど ね 。	あれは何でかなと思うけどね、左官屋さんと言うのはものすごく引っ張りだこでしてんけどね。	I wonder why. Plasterer was a popular job.
LI-000302	(R あー)		
LI-000303	(R はー)		
SP-000211	それ が(F あの)一番 先 に 辞め は っ て 。 先 に 仕事 が なくな っ て ん ね 。	それが一番先に辞めはって。先に仕事がなくなってんね。	It was the first one to quit. The first one to lose his job.
LI-000304	(R あー)そう で す か 。	そうですか。	I see.
LI-000305	(R うーん)		
SP-000212	(F も)今 の 新し い お うち で し た ら 、 全部(F あの)(P)?に 貼 っ て 、(P)で 、 その 上 から の 加工 で す や ろ 。 壁 を 塗 る こと が いら しま せ ん 。	今の新しいおうちでしたら、全部に貼って、で、その上からの加工ですやろ。壁を塗ることがいらしません。	In new homes now, the builder puts the material on the wall and processes it. There is no need to paint the wall.
LI-000306	そう で す ね 。	そうですね。	I agree.
LI-000307	(R うーん)		
LI-000308	で 、 ホーム センター に 行 け ば 、(F こう)簡単 に(F こう)塗れ る もん が あ り ま す もん ね 。	で、ホームセンターに行けば、簡単に塗れるもんがありますもんね。	If you go to the home center, there are tool to paint the wall easily.
SP-000213	(L あは)		
SP-000214	そう で す な 。	そうですな。	I agree.
LI-000309	(R ねー)		
SP-000215	そう 言 う そんな 時代 に な っ て き て ま す の や な 。	そう言うそんな時代になってきてますのやな。	The times have changed.
LI-000310	(R うーん)		
SP-000216	(R うーん)そん で 、(P)(F も)この 上 に ね 、 岩谷 さん と 言 う 人 が い て はん ねん けど ね 。(P)(F そのー)ものすご く 名工 で し てん 。(P)だ けど も 、 一番 先 に 辞め は っ て 。(F も)仕事 が なくな っ て しま っ て 。(P)全然 続 か な い や ん ね 。	そんで、この上にね、岩谷さんと言う人がいてはんねんけどね。ものすごく名工でしてん。だけども、一番先に辞めはって。仕事がなくなってしまって。全然続かないやんね。	There's a guy called Mr. Iwatani, he was such a skilled craftsman. However, he was the first one who close his business. There was no demand, and he could not continue.
LI-000311	よう テレビ で は ね 。(R うーん)	ようテレビではね。	There has been a lot of TV coverage on such people.
LI-000312	(R うーん)		
LI-000313	(R あー)		
LI-000314	(R はー)		
LI-000315	(F あ)		
LI-000316	そう で す か 。	そうですか。	I see.
SP-000217	(R えー)よう きれい に 仕事 を し は ってん けど ね 。	ようきれいに仕事をしはってんけどね。	He did a very good job.
LI-000317	(R うーん)		
LI-000318	(R へー)		
SP-000218	私か っ て 、 仕事 を し ま し た ん よ 。	私かって、仕事をしましたんよ。	I also worked.
LI-000319	そう 思 い ま す わ 。	そう思いますわ。	I think so.
SP-000219	(L あは)		
LI-000320	何 か 一 本 やっぱり(F こう)筋 が 通 っ た は る の を 感 じ ま す もん 。	何か一本やっぱり筋が通ったはるのを感じますもん。	But he was amazing at his job.
SP-000220	(L あは)		
SP-000221	(L あはは)		
LI-000321	(R うーん)		
SP-000222	一応 ね 、 こんな とこ で 言 う たら い か ん けど ね 、(P)(F あのー)一 回 目 の 検定 試験 が あ り ま す 。 検定 試験 っ て 、(P)(F あのー)業者 の ね 、(F あ)私 は 兵庫(P)で す の ん や けど 、 それ の 検定 試験 で 一 回 目 で 一番 に な り ま し た 。	一応ね、こんなとこで言うたらいかんけどね、一回目の検定試験があります。検定試験って、業者のね、私は兵庫ですのんやけど、それの検定試験で一回目で一番になりました。	I know it's indecent to brag, but, when I took the licensing exam for fusuma mounters that was conducted for the first time, I got the first place within Hyogo area.
LI-000322	(R うん)		
LI-000323	(R はい)		
LI-000324	(R はい)		
LI-000325	(R はい)		
LI-000326	(R はい)		
LI-000327	(F あ)		
LI-000328	そんな の が あ る ん で す か 。(R うん)	そんなのがあるんですか。	Is there such a thing?
LI-000329	(R はい)		
LI-000330	すご い 。	すごい。	That's amazing.
SP-000223	(R えー)		
SP-000224	それ で ね 、 ずうっと 検定 委員 と 言 う の を 三十 何 年間 や っ て ま す 。	それでね、ずうっと検定委員と言うのを三十何年間やってます。	That's why I have been involved as an exam commissioner for nearly 30 years.
LI-000331	(R へー)		
SP-000225	検定 委員 っ て(F そのー)検査 を する 人 や ね 。	検定委員って検査をする人やね。	An exam commissioner is someone who does the grading.
LI-000332	すご い 。	すごい。	That's amazing.
LI-000333	(R うーん)(R うん)(R うん)(R うん)		
LI-000334	(R はー)		
SP-000226	それ で 、(P)(F あの)何 や ね 、(P)(F もー)?(P)何 か 賞状 を くれ は っ た 。	それで、何やね、何か賞状をくれはった。	I got a certificate.
LI-000335	(R うーん)		
LI-000336	(R うーん)		
LI-000337	(R あー)		
SP-000227	(R えー)それ で(F も)(F いやー)辞め させ て もら い ま す と 言 う て ね 、(P)(F あのー)こっち に 下が り ま し た けど な 。 で 、 あと の 人 に 行 っ て もら っ て 。	それで辞めさせてもらいますと言うてね、こっちに下がりましたけどな。で、あとの人に行ってもらって。	I decided to quit and go into retirement. Someone else succeeded my position.
LI-000338	(R うーん)		
LI-000339	(R あー)そう で す か 。	そうですか。	I see.
LI-000340	(F も)こう や っ て 拝見 し て て 、 お 話 を 聞 い て て 、 何 か 、 何 か 違 う な と 思 い ま す 、 分か り ま す わ 。	こうやって拝見してて、お話を聞いてて、何か、何か違うなと思います、分かりますわ。	I feel there's something special in you when I look at you and listen to your story.
SP-000228	(F ま)		
SP-000229	いえ 、 いや 。	いえ、いや。	No.
SP-000230	そんな こと は な い けど ね 。 私 ら も 田舎 もん や さかい ね 、(P)なん や けど ね 。	そんなことはないけどね。私らも田舎もんやさかいね、なんやけどね。	Not at all. We're just simple countrymen.
LI-000341	(R うーん)		
LI-000342	いえ いえ 、 いえ いえ 。	いえいえ、いえいえ。	No, no.
LI-000343	やっぱり(F こう)何 か その 年齢 も 維持 し た はる って 言 う こと は 、(F あの)何 か 根底 に やっぱり 一 本 、 筋 が 通 っ た 物 が お あり に な る から 、(P)違 う な と 思 い ま す ね 。	やっぱり何かその年齢も維持したはるって言うことは、何か根底にやっぱり一本、筋が通った物がおありになるから、違うなと思いますね。	The reason you are fit at that age is because you embrace integrity deep within. That's what makes you stand out.
SP-000231	(R うーん)(R うーん)		
SP-000232	(R うーん)		
SP-000233	(R えー)い い や 。	いいや。	No.
SP-000234	(F ま)あれ だけ は ね 、(F ま)(F まー)自分 の(F まー)(F まー)(P)こんな こと は 、 よそ で は 言い は し ま せ ん けど ね 。	あれだけはね、自分のこんなことは、よそでは言いはしませんけどね。	I do not talk much about myself.
LI-000344	(R うーん)		
LI-000345	(R うーん)		
SP-000235	(F ま)誇り で す わ ね 。	誇りですわね。	You should be proud of yourself.
LI-000346	すご い で す ね 。	すごいですね。	It's amazing.
SP-000236	(R えー)		
SP-000237	だ から 、 あの 時 は(F あのー)(P)何 と 言 う 人 や っ た か な 、(P)一気 に 忘れ て しま う さかい に 、(P)尾辻 さん と 言 う(P)先生 。(F え)	だから、あの時は何と言う人やったかな、一気に忘れてしまうさかいに、尾辻さんと言う先生。	I always forget, but Professor Otsuji says so.
LI-000347	(R うーん)		
LI-000348	(R うーん)		
LI-000349	(R あー)		
LI-000350	(R あー)そう で す か 。	そうですか。	I see.
SP-000238	(R はい)		