LI-000001	こんにちは 。	こんにちは。	Hello.
SP-000001	(R はい)こん ち は 。 おはよう ござ い ま す 。(R はい)	こんちは。おはようございます。	Hey. Good morning.
LI-000002	初めまして 。 私 は 下條 と 申 し ま す 。	初めまして。私は下條と申します。	Nice to meet you. I'm Shimojo.
SP-000002	(R はい)		
LI-000003			
SP-000003	私 は 近藤 で ござ い ま す 。 よろしく お 願 い し ま す 。	私は近藤でございます。よろしくお願いします。	I'm Kondo. Thanks for having me.
LI-000004	近藤 様 。 あたし は ね 、 人 の 名前 を 忘れ 、 覚え ん の が 下手 な ん で 、 ちょっと 書 か せ て いただ い て よろし い で す か ？	近藤様。あたしはね、人の名前を忘れ、覚えんのが下手なんで、ちょっと書かせていただいてよろしいですか？	Mr. Kondo. I'm not good at memorizing people's name, so can I write it down?
SP-000004	(F は)いえ 、 いえ 。	いえ、いえ。	No problem.
SP-000005	(R はい)(R はい)		
LI-000005	(R あい)す い ま せ ん 。 初めまして 。	すいません。初めまして。	Sorry. Nice to meet you.
SP-000006	(R はい)		
SP-000007	(R はい)		
LI-000006	今日 は ね 、 何 か お 話 を する と 言 う こと で 、(F え)来 さ し て もら い ま し た ん で 、 よろしく お 願 い いた し ま す 。	今日はね、何かお話をすると言うことで、来さしてもらいましたんで、よろしくお願いいたします。	Today, I'm here to talk with you about certain topics. Thanks for your cooperation.
SP-000008	(R はい)		
SP-000009	みたい で す ね 。	みたいですね。	That's what I've been told.
SP-000010	(R はい)		
SP-000011	(R はい)こちら こそ 、 お 願 い し ま す 。	こちらこそ、お願いします。	Thank you, too.
LI-000007	(F あのー)		
LI-000008	(F え)何 か ね 、 この テーマ(F えー)見 た ん で す けれど も ね 、(F あのー)(P)何 か ね 、 新聞 に 載 っ て た って 言 う こと で す か 。(F のー)	何かね、このテーマ見たんですけれどもね、何かね、新聞に載ってたって言うことですか。	Um, about this topic that I saw, have you read it in a newspaper or something?
SP-000012	(R えー)(R えー)		
LI-000009	(F おー)		
LI-000010	囲碁 を なさ い ま す か ？ 囲碁 。	囲碁をなさいますか？囲碁。	Do you play the game of go? Go.
SP-000013	囲碁 は ね 、(P)(F あ)(F あの)よう し な い ん で す 。(R はい)	囲碁はね、ようしないんです。	I don't play it that much.
LI-000011	(R んー)		
LI-000012	(F あ)そう で す か 。 将棋 の 方 で す か ？(L う)	そうですか。将棋の方ですか？	I see. You prefer Japanese chess?
SP-000014	(F お)将棋 は(F まー)(F あのー)子供 の 頃 から よく 遊 ん だ から 分か り ま す 。 囲碁 は ね 、 ほんと は や っ た 方 が 良 かっ た ん で す けど ね 、(P)や ら な い ん で す よ 。(R はい)	将棋は子供の頃からよく遊んだから分かります。囲碁はね、ほんとはやった方が良かったんですけどね、やらないんですよ。	I know how to play Japanese chess because I have played it a lot since I was young. I don't play go, though I wish I had learned how.
LI-000013	(F あ)		
LI-000014	(R あー)(R んー)		
LI-000015	(R んー)		
LI-000016	(L んふふ)		
LI-000017	(F あ)そう で す か 。	そうですか。	Really.
LI-000018	何 か ね 、 この ニュース は ね 、 囲碁 の お 話 な ん で す けれど も ね 。	何かね、このニュースはね、囲碁のお話なんですけれどもね。	Um, this news is about go, though.
SP-000015	(R えー)(R えー)		
LI-000019	(F あのー)今 インターネット が あ り ま し て ね 、(F あのー)パソコン と か で 、(F あのー)(P)(F おー)そう 言 う 人 、(F えー)人工 知能 と 言 い ま す か ね 、(F えー)相手 が 人間 で は な い 人 と 、(F こう)囲碁 ソフト と 言 う の が でき た そう な ん で す ね 。	今インターネットがありましてね、パソコンとかで、そう言う人、人工知能と言いますかね、相手が人間ではない人と、囲碁ソフトと言うのができたそうなんですね。	Today, there is internet, like personal computers, something like, what to call it, artificial intelligence, with a non-human opponent, It is said that what is called Go softwares have been made.
SP-000016	(R はい)		
SP-000017	や っ て ま す ね 。	やってますね。	I heard about it.
SP-000018	(R はい)		
LI-000020	それ が ね 、 大変(F このー)強 い そう な ん で す よ 。	それがね、大変強いそうなんですよ。	Well, I hear it is a really good player.
SP-000019	みたい で す ね 。	みたいですね。	So it seems.
LI-000021	(R ねー)そう 言 う 相手 が 、(F あのー)それ で(F えー)日本 と 中国 と 韓国 の 棋士 を 相手 に 、 何 か 六十 連勝(P)し て 。	そう言う相手が、それで日本と中国と韓国の棋士を相手に、何か六十連勝して。	It has won like 60 times in a row against the players from Japan, China, and South Korea.
SP-000020	(R はい)		
SP-000021	(R はい)		
SP-000022	そう みたい で す ね 。 ニュース で(F あの)観 て ま す 。	そうみたいですね。ニュースで観てます。	I heard about it. I saw it on a news show.
LI-000022	(R はーい)		
LI-000023	(F あ)ニュース で ご覧 に な り ま し た ？	ニュースでご覧になりました？	Have you seen it on a news show?
SP-000023	観 て ま す 。	観てます。	Yes, I have.
LI-000024	そう で す か 。	そうですか。	Really.
SP-000024	勝て な い って ね 、 人間 が 。(R はい)	勝てないってね、人間が。	I heard that human players can't beat it.
LI-000025	勝て な い 。 それ で 日本 の(F あのー)方 、(F ですね)(F あの)(F もー)世界 の トップ 棋士 の 方 と か が 、 日本 で も(F あのー)(P)本因坊 の 方 が ね 、 大変 強 い と 、 強 い の 一言 と 言 う こと で ね 。(P)何 か 中央 の 捉え 方 が 人間 と の 感覚 の 違い と を 感 じ た 、 と 言 う 風 に コメント を さ れ て る ん で す けれど も 。	勝てない。それで日本の方、世界のトップ棋士の方とかが、日本でも本因坊の方がね、大変強いと、強いの一言と言うことでね。何か中央の捉え方が人間との感覚の違いとを感じた、と言う風にコメントをされてるんですけれども。	Cannot beat it. The, a Japanese player, or the world's top Go players, a holder of the Honinbo title in Japan, told that it was incredibly strong, just strong. He commented that he felt that its central cognition was different from human beings.
SP-000025	(R はい)		
SP-000026	(R んー)(R はい)(R えー)(R えー)		
LI-000026	囲碁 は 、(F あの)少し は ご 存知 ？	囲碁は、少しはご存知？	Are you a little familiar with go?
SP-000027	少し は 分か り ま す 。	少しは分かります。	I do know a bit.
LI-000027	あたし も よく は 知 ら な い ん で す けど ね 。	あたしもよくは知らないんですけどね。	I'm not really familiar, either.
SP-000028	(L ははは)		
LI-000028	(F あの)(F おー)昔 仕事 に 行 っ て た 時 ね 、(F あ)いろいろ(P)さ れ て る の は 見 ま し た けど も ね 。	昔仕事に行ってた時ね、いろいろされてるのは見ましたけどもね。	When I was working in a firm, I saw many people were playing.
SP-000029	(R えー)(R えー)そう で す ね 。	そうですね。	I see.
LI-000029	(R ねー)何 か(F こ)陣取 り 合 戦 。	何か陣取り合戦。	It's some sort of an encampment game right?
SP-000030	(R そう)陣取 り 合 戦 で す ね 、 白 と 黒 で 。(R はい)	陣取り合戦ですね、白と黒で。	It is. With white and black tiles.
LI-000030	(F あ)そう な ん 。	そうなん。	Aha.
LI-000031	(F あ)(F あ)そう な ん で す ね 、 やっぱり 。	そうなんですね、やっぱり。	Just as I thought.
SP-000031	ルール は 大体 分か っ て る ん で す けど ね 。(F あのー)会社 に 行 っ て る 時 に 、 昼休み 時間 と か 、 好き な 人 は や っ て ま し た ね 。	ルールは大体分かってるんですけどね。会社に行ってる時に、昼休み時間とか、好きな人はやってましたね。	I know the overall rules. When I was an office-worker, my colleagues who were go-lovers used to play at lunch break.
LI-000032	(R あー)(R はい)(R はい)		
LI-000033	(R はい)		
SP-000032	横 で は 見 て 、 見 た こと が あ り ま す けど ね 。 自分 で は(P)や ら な かっ た で す ね 。	横では見て、見たことがありますけどね。自分ではやらなかったですね。	I watched their playing next to them. But I didn't participate in it.
LI-000034	(L はあ)		
LI-000035	(R あー)そう で す か 。(R うーん)	そうですか。	Really.
SP-000033	で も 今 の ニュース は 、(P)(F あの)新聞 で も テレビ で も 取り上げ て や っ て ま し た から 。	でも今のニュースは、新聞でもテレビでも取り上げてやってましたから。	I knew about the news, since newspaper and TV had covered it.
LI-000036	(R うん)		
LI-000037	(F あ)		
LI-000038	(F あ)		
LI-000039	(F あ)そう で し た か 。(R あー)	そうでしたか。	I see.
SP-000034	(R えー)観 て ま し た 。	観てました。	I saw it.
LI-000040	(F あのー)		
LI-000041	こんなん 今(F あのー)人工 知能 と 言 い ま す か ね 、(P)こう 言 う なん は(F あ)どう 思 わ れ ま す ？	こんなん今人工知能と言いますかね、こう言うなんはどう思われます？	This sort of thing is now being called artificial intelligence, what's your thought about it?
SP-000035	いや 、(F あのー)(P)直接 研究 も し た こと が な い で す から 、(P)詳し い こと は 分か り ま せ ん が 、(P)何 か ちょっと 恐ろし い よう な 感じ が し ま す ね 。	いや、直接研究もしたことがないですから、詳しいことは分かりませんが、何かちょっと恐ろしいような感じがしますね。	Well, I have never studied the topic directly so I'm not sure about the details, but I think it's a bit eerie.
LI-000042	(F あ)		
LI-000043	(R あー)(R はー)(R はー)(R はー)(R はー)(R はー)		
SP-000036	(R えー)		
SP-000037	(F あの)		
SP-000038	(F え)いろんな 計算 を し たり 、(P)そう 言 う こと を(P)人間 より も 正確 に スピーディー に や る ん だ ろ う から 、 あ 、 これ は 良 い だ ろ う な と 言 う 感覚 は あ り ま し た けど も 。	いろんな計算をしたり、そう言うことを人間よりも正確にスピーディーにやるんだろうから、あ、これは良いだろうなと言う感覚はありましたけども。	I've considered it to be useful, helping us by doing calculation and such things more accurately and speedily than human beings.
LI-000044	(R んーん)		
LI-000045	(R ん)		
LI-000046	(R んーん)		
LI-000047	(R んーん)		
SP-000039	こう 言 う 勝負 で 、(P)勝負 、(F ま)今 の 勝負 で す わ ね 、 今 の 、(P)そう 言 う もの を(F ま)コンピューター で 覚えさ し て 、(F ですね)(F あ)麻雀 なんか で も(F あの)(F いー)(F あのー)将棋 で も 皆 あ り ま す けど ね 、(P)それ で(P)(F まー)頭脳 が 向こう も 持 っ て る 、 それ と 人間 と の 戦い 。	こう言う勝負で、勝負、今の勝負ですわね、今の、そう言うものをコンピューターで覚えさして、麻雀なんかでも将棋でも皆ありますけどね、それで頭脳が向こうも持ってる、それと人間との戦い。	Such matches, matches, I mean the current match you know, this one, making a computer memorize it, as is often the case with mahjong or Japanese chess, though, then it also has its brain. A match between it and human beings.
LI-000048	(R はー)(R ふん)(R ふん)		
LI-000049	(R うーん)(R うん)(R うん)(R うん)		
LI-000050	あ り ま す ね 。(R はい)	ありますね。	Yes, they are.
LI-000051	(R うん)		
LI-000052	(R うーん)(R うん)(R うん)(R うん)		
SP-000040	それ で 、 今 仰 っ た 本因坊 と か 、(P)(F えー)日本 で ナンバー ワン 、 韓国 人 の ナンバー ワン が 負け る と 言 う の を 聞 い た 時 に ね 、 何 か 、(F へー)何 か 末恐ろし い よう な 気 が し ま し た ね 。	それで、今仰った本因坊とか、日本でナンバーワン、韓国人のナンバーワンが負けると言うのを聞いた時にね、何か、何か末恐ろしいような気がしましたね。	It felt ominously threatening, when I heard the best players in Japan and South Korea, including the grand master of go that you've mentioned, were defeated. 
LI-000053	(R うーん)		
LI-000054	(R うん)		
LI-000055	(R うん)		
LI-000056	(R あー)(R あん)(R あん)		
SP-000041	やっぱり 人間 って 言 う の は(P)(P)感情 も あ り ま す し 。(P)(R ねー)勝負 事っ ちゅ う の は 、 どの 世界 で も(P)強 い 者 が 必ず 勝 つ と は 限 ら な い 。	やっぱり人間って言うのは感情もありますし。勝負事っちゅうのは、どの世界でも強い者が必ず勝つとは限らない。	Humans are emotional. The strongest are not always the winner in any sort of competition. 
LI-000057	(R うん)		
LI-000058	(L んふ)そう で す ね 。(R はい)(R はい)(R はい)	そうですね。	I agree.
SP-000042	(F えー)やっぱり ちょっと 調子 の 悪 い 時 と か 、 体調 の 悪 い 時 と か ね 、 で 、 感情 で(P)却って 相手 に ライバル 心 を 持 っ て 、 感情 ばかり に な り 過ぎ る と 、 焦 っ て 負け たり と か 、 そう 言 う の が あ り ま す けど 。	やっぱりちょっと調子の悪い時とか、体調の悪い時とかね、で、感情で却って相手にライバル心を持って、感情ばかりになり過ぎると、焦って負けたりとか、そう言うのがありますけど。	In competitions, there are cases where the player is in bad condition or under the weather. Then the player gets too emotional and bares feeling of rivalry excessively and ends up losing because of impatience.
LI-000059	(R んー)(R うーん)(R うん)(R うん)		
LI-000060	(R うん)(R うん)		
LI-000061	(R んーん)		
LI-000062	あ り ま す ね 。	ありますね。	Right.
SP-000043	その(F ま)コンピューター と 言 う の は 、 恐らく 想像 で で す よ 、(P)冷静 だ と 思 う ん で す よ ね 。(F もー)この 場合 は(F こ)冷静 に 。	そのコンピューターと言うのは、恐らく想像でですよ、冷静だと思うんですよね。この場合は冷静に。	This is my imagination, but I assume the computer keeps its cool. Keeps its cool in such situation.
LI-000063	(R うん)(R うん)(R うん)(R うん)		
LI-000064	(R んー)(R んー)(R んー)(R んー)(L んふふふふふ)		
SP-000044	で 、 それ に 勝て な い と な る と ね 、 人間 が 、(P)何 か 恐ろし い 気 が し ま す ね 。 他 の こと で も(P)いろんな 開発 が さ れ て 、(F ですねー)(P)機械 に 動か さ れ る って 言 う の は 、 何 か(P)あんまり 。	で、それに勝てないとなるとね、人間が、何か恐ろしい気がしますね。他のことでもいろんな開発がされて、機械に動かされるって言うのは、何かあんまり。	The future where humans can't beat computers is somewhat ominous. I'm not really a fan of a future where humans are influenced by machines while all sorts of software are being developed.
LI-000065	(R うん)(R うん)(R うん)(R うん)		
LI-000066	(R はー)(R はー)(R はー)		
LI-000067	(R そう)		
LI-000068	(L あは)		
LI-000069	(F あ)		
LI-000070	(R あー)(R はー)(R はー)		
SP-000045	(F ま)これ は 我々 の ね 、 年代 、 年 なん か も しれ ま せ ん けど 。	これは我々のね、年代、年なんかもしれませんけど。	Maybe I'm too old and think that way.
LI-000071	(F え)		
LI-000072	いや 、 いや 、 いや 、 いや 。	いや、いや、いや、いや。	No, no.
SP-000046	ちょっと(P)	ちょっと	It's a bit.
LI-000073	(F あ)		
SP-000047	恐ろ し 、 怖 い よう な 気 が し ま す けど ね 。(L へへへへへへへ)	恐ろし、怖いような気がしますけどね。	Scary, threatening.
LI-000074			
LI-000075	(R あー)恐ろし 。(L うふふふ)	恐ろし。	Threatening.
LI-000076	(R ね)良 い 方 に ね 、 使 わ れ る と 良 い か も しれ ま せ ん けど 、 そう 言 う 風 に 、 そう で す ね 、 考え て み ま す と 感情 。	良い方にね、使われると良いかもしれませんけど、そう言う風に、そうですね、考えてみますと感情。	It's OK for the computers to be used in that way. But from the standpoint of emotions, I agree.
SP-000048	(R えー)		
SP-000049	(R えー)		
SP-000050	(F あ)		
SP-000051	そう で す よ 。 殺伐 と し て る と 言 う か 、(F も)強 い もん が 勝 つ 訳 で す わ ね 、 絶対 。	そうですよ。殺伐としてると言うか、強いもんが勝つ訳ですわね、絶対。	Yeah. The world where the strongest will always win, that's harsh.
LI-000077	(F あ)		
LI-000078	(F あ)そう で す ね 。 そう 言 う こと で す ね 。	そうですね。そう言うことですね。	Right. I see what you mean.
SP-000052	大体 囲碁 なんか は 、 やっぱり ほんと 、 人間 同士 で も やっぱ 強 い もん が 勝 つ らし い で す ね 。	大体囲碁なんかは、やっぱりほんと、人間同士でもやっぱ強いもんが勝つらしいですね。	Generally, in the game of go, the strongest wins, even in the match between humans.
LI-000079	(R はい)		
LI-000080	(R あー)(R はー)(R はー)(R はー)		
SP-000053	例えば ゲーム で も 、 麻雀 なんか は(P)強 い の は トータル し た ら 勝 つ ん で す よ 。 で も 弱 い もん で も 、(P)それ に 勝 つ 時 が あ る ん で す よ 。 あれ は 、 運 と か いろんな の が あ り ま す から 。	例えばゲームでも、麻雀なんかは強いのはトータルしたら勝つんですよ。でも弱いもんでも、それに勝つ時があるんですよ。あれは、運とかいろんなのがありますから。	Even in PC mah-jongg games, the strongest generally wins in the end. But, sometimes the weak player has a chance to win. Mah-jongg involves luck and such.
LI-000081	(R うん)		
LI-000082	(R うん)		
LI-000083	(R うん)		
LI-000084	(F あ)(R はー)(F あ)(F あ)そう な ん 。(R はー)(R はー)運 と か ね 。(R あい)(R はい)(L へ)(P)運 と か 。(R はい)	そうなん。運とかね。運とか。	Really. Luck. Luck and other factors.
SP-000054	絶対 に(P)こう だ と 言 う の で 、 頭 の ええ 人 が(P)や っ て 、 こう だ と 思 っ て も 、(P)運 は あ る が その 通り に 来 な い こと が 多 い で す から 。	絶対にこうだと言うので、頭のええ人がやって、こうだと思っても、運はあるがその通りに来ないことが多いですから。	A clever player might believe that absolute victory is achievable, but the result might be beyond expectations depending on luck.
LI-000085	(R はい)		
LI-000086	(R はー)		
LI-000087	(R あー)		
SP-000055	ただ 囲碁 って 言 う の は 、 やっぱ こ う 来 た 時 は こう 、(P)あれ は 全部 覚え て ま す わ ね 、 形 を 。(P)それ が 決ま っ て る から 、 まず 運 で(P)勝 つ こと は な い みたい で す ね 。	ただ囲碁って言うのは、やっぱこう来た時はこう、あれは全部覚えてますわね、形を。それが決まってるから、まず運で勝つことはないみたいですね。	But, the game of go proceeds, they do remember everything, the strategy pattern. It fixed, so it appears you don't win by luck.
LI-000088	(R うん)		
LI-000089	(R んー)(R うん)(R うん)(R うん)		
LI-000090	(R んー)(R うん)(R うん)		
LI-000091	(L うふあはは)		
LI-000092	(R あー)(R はー)		
SP-000056	だ から 、 違 う 差 の 時 は(F あのー)(F あのー)(P)碁 、 いっぱい ハンデ を(P)置 き ま す わ ね 。	だから、違う差の時は碁、いっぱいハンデを置きますわね。	That's why much odds are given when there's a difference of ability.
LI-000093	(R はー)(R はー)		
LI-000094	(F あ)(R あー)(R はい)(R はい)(R はい)		
SP-000057	(R えー)それ ぐらい 実力 の 出 る(P)(F あの)勝負 の 世界 みたい で す から 。 私 の 認識 で は 。	それぐらい実力の出る勝負の世界みたいですから。私の認識では。	The difference of ability is clear in go competitions. That's how I see it.
LI-000095	(F あ)		
LI-000096	(R あー)(R はい)(R はい)		
LI-000097	(R うん)		
LI-000098	(R んー)		
SP-000058	それ で 人間 が 勝て な い と な る と 、(P)末恐ろし い よう な 気 が 。(R はい)	それで人間が勝てないとなると、末恐ろしいような気が。	And yet if the human players can't win, I feel it's threatening.
LI-000099	(R うん)		
LI-000100	(L ひ)末恐ろし 。(R あい)(R あい)(R はい)	末恐ろし。	Threatening.
SP-000059	ただ 、(P)こないだ 負け た(P)(F あのー)方 の 談 は 、 僕 の 記憶 で は 、(P)その やっぱり コンピューター に も 感情 も 入 っ て る よう な こと は 言 う て ま し た けど ね 。	ただ、こないだ負けた方の談は、僕の記憶では、そのやっぱりコンピューターにも感情も入ってるようなことは言うてましたけどね。	But, I remember the player who lost the other day said that the computer also possessed emotions likewise.
LI-000101	(R うん)		
LI-000102	(R うん)		
LI-000103	(R あー)そう な ん で す か 。	そうなんですか。	Really.
SP-000060	(R えー)言 う て ま し た 。 載 っ て ま せ ん か ？	言うてました。載ってませんか？	That's what I've heard. Wasn't it mentioned in it?
LI-000104	(F あ)で も そこ まで は ね 、 書 い て な い ん で す よ ね 。(R はい)	でもそこまではね、書いてないんですよね。	That much was not written in the article.
SP-000061	(F あ)それ は(R あん)テレビ で ね 、 出 て た あの 人 は 、(P)(F あのー)自分 で 、(F あの)機械 的 に バーッ と これ を 出 し て こう って 言 う の は 、 やっぱり その 要素 も(P)入 っ て る よう な 話 は し て ま し た けど ね 。	それはテレビでね、出てたあの人は、自分で、機械的にバーッとこれを出してこうって言うのは、やっぱりその要素も入ってるような話はしてましたけどね。	The player who appeared in TV said that he felt the way the software's mechanical decisions also included emotional factors.
LI-000105	(R あい)感情 。(R はい)	感情。	Emotional factors.
LI-000106	(R んんー)		
LI-000107	(R あー)		
LI-000108	そう で す か ね 。	そうですかね。	Is that so?
SP-000062	それ を 聞 い た ら 余計 に 恐ろし い 。	それを聞いたら余計に恐ろしい。	That makes it more threatening.
LI-000109	(F あ)		
LI-000110	(L あはは)恐ろし 。(L いあはあああ)	恐ろし。	Threatening.
SP-000063	末恐ろし い 。	末恐ろしい。	Ominous.
SP-000064	(F も)世界 が それ で ポッ と(P)動か さ れ て しま っ て 、(P)そう 言 う 可能 性 ね 、 五十 年 、 百 年 後 に な っ た ら ね 、 全て 人間 が 考え な く て も 、 何 か ボタン で も ポーン と 押 し たら 、 チョチョチョ と や ら れ た ら 、(P)何 か 怖 い 、 怖 い よう な 気 が し ま す けど ね 。	世界がそれでポッと動かされてしまって、そう言う可能性ね、五十年、百年後になったらね、全て人間が考えなくても、何かボタンでもポーンと押したら、チョチョチョとやられたら、何か怖い、怖いような気がしますけどね。	In 50 or 100 years, if the world is influenced by artificial intelligence, where people don't have to think carefully. By pressing a button and things are taken care of, I feel that would be kind of scary.
LI-000111	(R あー)(R はい)(R はい)		
LI-000112	(F あ)		
LI-000113	(R はい)(R はい)		
LI-000114	(R ねー)(L うふふ)		
LI-000115	そう で す ね 。 これ から ね 。	そうですね。これからね。	I see. In the future.
LI-000116	(F あ)		
LI-000117	(R あー)		
LI-000118	そう で す ね 、 やっぱり 人間 相手 で す と ね 、(F あの)感情 っ て の が あ り ま す から 、(F あのー)ちょっと(P)奇襲 作戦 と 言 い ま す か 、 ちょっと 心理 的 な 動揺 作戦 と か 言 う の も やっぱり あ り ま す か 。 それ まで ね 、(F あの)組み込 ま れ て しま う と 恐ろし い で す 、 ほんと に 。	そうですね、やっぱり人間相手ですとね、感情ってのがありますから、ちょっと奇襲作戦と言いますか、ちょっと心理的な動揺作戦とか言うのもやっぱりありますか。それまでね、組み込まれてしまうと恐ろしいです、ほんとに。	Yes, between people, there are emotional factors. There are surprise tactics, I mean, tactics that cause psychological disturbances. It'll be really scary if such factors are also programmed into it.
SP-000065	の 方 が 。(R えー)(R えー)	の方が。	That is.
SP-000066	そう 言 う こと も あ り ま す わ ね 。	そう言うこともありますわね。	That's true.
SP-000067	(R はい)(R はい)		
SP-000068	あ り ま す けど 。	ありますけど。	True.
SP-000069	(R えー)		
SP-000070	の 様 な 気 が し ま す ね 。	の様な気がしますね。	I feel that way.
LI-000119	(R あー)そう で す か 。(R はい)	そうですか。	Really.
SP-000071	(R はい)		
LI-000120	(F ま)(F あのー)これ から ね 、 どんどん 便利 に は 、(P)(R ねー)あたし ら の 若 い 頃 と 比べ ま す と 。(P)(F もー)	これからね、どんどん便利には、あたしらの若い頃と比べますと。	The future will be more convenient, compared to our time. 
SP-000072	ほんと ね 。	ほんとね。	True.
SP-000073	だ から そら 、 あの 負け た 本人 達 も 、 負け な い よう に ちょっと 研究 し て や る って 、 確か 言 っ て ま し た から 。	だからそら、あの負けた本人達も、負けないようにちょっと研究してやるって、確か言ってましたから。	So, those who defeated also surely said they were going to do research not to be defeated in some degree.
LI-000121	(R うん)		
LI-000122	(R うん)		
LI-000123	(R んー)(R うん)(R んー)		
LI-000124	(R んー)		
SP-000074	今度 また コンピュータ と 対戦 し て 勝 っ て くれ た ら 、(P)(F こう)拍手 し た い よう な 気持ち で す ね 。(F お)や っ た 、 や っ た と 言 う 感じ で す ね 。	今度またコンピュータと対戦して勝ってくれたら、拍手したいような気持ちですね。やった、やったと言う感じですね。	It feels like I want to applaud if they would beat a computer when they would play against it. Like yay, yay.
LI-000125	(R んー)		
LI-000126	(L あはは)		
LI-000127	(F あ)		
SP-000075	また 負け た ら 、(F もー)こら 情けな い 、 がっくり で す ね 。	また負けたら、こら情けない、がっくりですね。	If they lose again, that's shameful. Disheartening.
LI-000128	(L あははは)		
LI-000129	がっくり で 。	がっくりで。	Disheartening.
SP-000076	(L ははは)		
LI-000130	(R あー)		
LI-000131	(L はっはあ)(R あー)そう で す か 。 そう で す ね 。(R そう)怖 い っ て 、(F あー)そう 言 う 、(F あー)怖 い って そう な り ま す ね 。	そうですか。そうですね。怖いって、そう言う、怖いってそうなりますね。	Really. I see. We'd feel it scary.
SP-000077	怖 い よう な 気 が し ま す ね 。	怖いような気がしますね。	I'd feel that way.
LI-000132	そう で す か 。	そうですか。	Really.
LI-000133	(F あの)将棋 と か の 方 が たくさん なさ っ て た 。 やっぱり 、 さっき 仰 っ て た けど 。	将棋とかの方がたくさんなさってた。やっぱり、さっき仰ってたけど。	You mentioned you used to play Japanese chess much.
SP-000078			
SP-000079	馴染み が あ り ま し た から ね 。 子供 の 頃 なん か ね 、 よく や っ て ね 。	馴染みがありましたからね。子供の頃なんかね、よくやってね。	It was more familiar to me. I used to play a lot when I was a child.
LI-000134	(F あ)(R あい)(R はい)(R はい)(R はい)		
SP-000080	友達 同士 と か 、 親父 なんか と も 、 もう 今 お り ま せ ん けど ね 、 親父 、 おふくろ と も や っ た 覚え が あ り ま す ね 。	友達同士とか、親父なんかとも、もう今おりませんけどね、親父、おふくろともやった覚えがありますね。	With my friends, my father, who's now deceased, my father and mother, too.
LI-000135	そう で す か 。 将棋 の 方 が(F ま)庶民 的 と 言 い ま す か ね 。(R ねー)(F あのー)	そうですか。将棋の方が庶民的と言いますかね。	I see. Japanese chess is simpler.
SP-000081	(R はい)		
SP-000082	庶民 的 で す ね 。	庶民的ですね。	It is simple.
SP-000083	(R はい)		
SP-000084	(F ま)升目 が 少な い だけ 、(P)碁 より は 。 碁 の 方 が 複雑 で す もん ね 、 やっぱり 。	升目が少ないだけ、碁よりは。碁の方が複雑ですもんね、やっぱり。	There are fewer squares than go. After all, go is more complicated.
LI-000136	(R あー)複雑 ね 。 あれ は 何 か 、 武士 の(F その)戦略 と か 言 う(P)?ね 、 聞 い た こと が あ り ま す し ね 。(R はーい)	複雑ね。あれは何か、武士の戦略とか言うね、聞いたことがありますしね。	Complicated. I've heard the game was related to warlords' strategy.
SP-000085	(R そう)(R そう)(R そう)(R そう)(R そう)		
SP-000086	(F あのー)		
LI-000137	(R そう)(R うん)(R うん)		
SP-000087	真田 丸 で や っ て ま し た 。	真田丸でやってました。	I saw it in Sanada-maru.
LI-000138	や っ て 。(L はん)	やって。	Right
SP-000088			
SP-000089	(R ね)不 細工 な 親父 が 。	不細工な親父が。	That ugly father.
LI-000139	あの 時代 から 。	あの時代から。	Since that era.
LI-000140	(L あは)		
LI-000141	そう で す ね 。 あの 時代 から ね 。	そうですね。あの時代からね。	Right. Since that era.
SP-000090	(F あの)碁 を や っ て ま し た ね 。(R あー)	碁をやってましたね。	They've been playing go.
LI-000142	や っ て ま し た ね 。(R あい)	やってましたね。	They've been playing.
SP-000091	戦略 を 練 る の に 、 最高 に な る 、 な る ん で しょ う ね 、 な っ た ん で しょ う ね 。	戦略を練るのに、最高になる、なるんでしょうね、なったんでしょうね。	I guess it was the best tool to elaborate strategy.
LI-000143	そう で す ね 。(F あ)	そうですね。	I agree.
LI-000144	そう で しょ う ね 。 やっぱ 陣取り と 言 う 点 で は 。	そうでしょうね。やっぱ陣取りと言う点では。	I agree. From the standpoint of encampment.
SP-000092	陣取り で す から ね 。	陣取りですからね。	It's all about encampment.
LI-000145	(R ねー)(R あい)		
SP-000093	(R うん)		
LI-000146	そう で す か 。(R はい)	そうですか。	I see. 
LI-000147	(F まー)(F あの)貴重 な 意見 を ありがとう ござ い ま し た 。	貴重な意見をありがとうございました。	Thanks for your valuable feedback.
LI-000148	そう ね 。	そうね。	OK.
LI-000149	(R はい)そ し た ら ね 、 もう 一 つ の お 話 を さ し て もら っ て よろし い で す か ？	そしたらね、もう一つのお話をさしてもらってよろしいですか？	Then, can we go on to another topic?
SP-000094	(R はい)		
LI-000150	(F あのね)こちら は ね 、 ちょっと 悲し い ニュース な ん で す けど も ね 。	こちらはね、ちょっと悲しいニュースなんですけどもね。	This one is kind of a sorrowful news.
SP-000095	(R はー)		
LI-000151	(F あの)(P)(F えー)群馬 県 の 方 で 、 中学 二 年 生 の 野球 部員 が 練習 中 に 倒れ て 亡くな っ た と 言 う 、(P)悲し い ニュース が 載 っ て た ん で す けど も ね 。	群馬県の方で、中学二年生の野球部員が練習中に倒れて亡くなったと言う、悲しいニュースが載ってたんですけどもね。	There was a sad news, an eighth grade baseball club member collapsed and died during school practice in Gunma.
SP-000096	(R んー)(R はい)(R はい)(R はい)		
LI-000152	(F あのー)朝 から 、 九 時(P)頃 から ちゃんと ウォーミング アップ 、 ジョギング なんか を し て 、(P)その あと の 休憩 の 時 に この 意識 が 、 突然 倒れ て 意識 が なくな っ た と 。	朝から、九時頃からちゃんとウォーミングアップ、ジョギングなんかをして、そのあとの休憩の時にこの意識が、突然倒れて意識がなくなったと。	He had gone through the correct procedure like warmup and jogging, but then suddenly collapsed and lost consciousness during recess.
SP-000097	(R んー)(R んー)(R あい)(R はい)		
LI-000153	で 、 先生 も かけつけ て 、 その < ＡＥＤ 心臓 の	で、先生もかけつけて、そのＡＥＤ心臓の	The teachers hastened to treated the heart with an AED.
LI-000154	あの 機械 を し て 、 マッサージ も し た けれど も 、(F あの)それ で(F え)ドクター ヘリ 、 今 一番 新し い ドクター ヘリ 、 ドクター が 来 られ る ヘリ に 乗 っ て(F あの)病院 に 搬送 さ れ た ん で す けど 、(P)その 翌日 に(F まー)(F あの)朝 に 亡くな っ た と 言 う ニュース が 載 っ て た そう 。 あ り ま し た か 。	あの機械をして、マッサージもしたけれども、それでドクターヘリ、今一番新しいドクターヘリ、ドクターが来られるヘリに乗って病院に搬送されたんですけど、その翌日に朝に亡くなったと言うニュースが載ってたそう。ありましたか。	Using the machine, he got a massage, though. Then, by an air ambulance, which was the newest type, with a physician on board, he was taken to the hospital. However, he died the next morning. It appeared that the news covered his death. Have you heard about it?
SP-000098	(R うん)何 か そんな 。	何かそんな。	I think I have.
SP-000099	あ り ま し た ね 。(R はい)	ありましたね。	Yeah, I've heard.
SP-000100	(R はい)		
LI-000155	あたし も 。	あたしも。	Me, too.
LI-000156	やっぱり ニュース で 、 よく ご 存知 で 。(L あはは)	やっぱりニュースで、よくご存知で。	So you saw the news. You know so much.
LI-000157	(R はい)(F あのーん)		
SP-000101	暇 で す から ね 。 割 と 観 て ま す ね 。(L ははははは)	暇ですからね。割と観てますね。	I have a lot of free time. I do watch TV quite often.
LI-000158	(F あ)そう で す か 。(R あー)	そうですか。	Really.
LI-000159	(F あのー)もう(F あのー)ご 退職 なさ っ て 。	もうご退職なさって。	You've already retired.
SP-000102	(R えー)もう 退職 し ま し て ね 。	もう退職しましてね。	Yes, I've already retired.
SP-000103	(F あのー)一時 退職 し て から は 、(P)(F も)八 年 目 な ん で す が 。	一時退職してからは、八年目なんですが。	It's eighth year after my temporary retirement, though.
SP-000104	(F まー)		
SP-000105	それ から ちょっと 紹介 し て いただ い て 会社 に 行 き 、 完全 に 仕事 を 辞め て から は(P)二 年(P)で す ね 。	それからちょっと紹介していただいて会社に行き、完全に仕事を辞めてからは二年ですね。	After that, I worked for a company which was introduced by an acquaintance. It's been two years since I completely quit my job.
LI-000160	(F え)(L あはあああ)		
SP-000106	する と 、(F も)時間 が あ り ま す の で 、(P)現役 の 時 より は 新聞 を(P)読 ん だり 、 ニュース を 観 る 機会 は 増え ま し た ね 。	すると、時間がありますので、現役の時よりは新聞を読んだり、ニュースを観る機会は増えましたね。	So, I have more time than when I was working, to read papers and watch news shows.
LI-000161	いろいろ と ニュース 。	いろいろとニュース。	So you have interest in news.
LI-000162	(L ふふ)		
LI-000163	そう で す か 。	そうですか。	I see.
LI-000164	(F あの)(F えっとー)		
LI-000165	(F えー)子供 さん は いらっしゃ い ま す ？	子供さんはいらっしゃいます？	Do you have kids?
SP-000107	(R えー)(P)お り ま す 。	おります。	I do.
LI-000166	(F あのー)(F あのー)クラブ 活動 など は なさ っ て 。	クラブ活動などはなさって。	Are they active in clubs and sports teams in their school?
SP-000108	や っ て ま し た 。	やってました。	They were.
LI-000167	や っ た 。	やった。	Were.
SP-000109	(R はい)		
LI-000168	運動 部 で し た か ？	運動部でしたか？	Were they involved in sports teams?
SP-000110	(R はい)		
LI-000169	(F あ)そう で す か 。	そうですか。	Really.
SP-000111	(R はい)		
LI-000170	(F あのー)(F えー)運動 部 で す と 、 やはり(R ねー)こう 言 う 事件 と か を 聞 か れ ま す と 、(P)どう 思 わ れ ま す ？	運動部ですと、やはりこう言う事件とかを聞かれますと、どう思われます？	As for sports clubs, what do you think about it when you heard of such incidents?
SP-000112	可能 性 は あ り ま す ね 。	可能性はありますね。	It could have happened.
SP-000113	(F あのー)(F ま)運動 する から に は ね 、(P)そう 言 う リスク と 言 う の は 、 多少 は 伴 う と 思 う ん で す よ ね 。	運動するからにはね、そう言うリスクと言うのは、多少は伴うと思うんですよね。	To an extent, athletic activities somewhat involve such risk.
LI-000171	(R はい)		
LI-000172	(R はい)		
LI-000173	(R うーん)		
SP-000114	そら 、(F あの)細心 の 注意 は 払 わ なあ き ま せ ん 。	そら、細心の注意は払わなあきません。	Of course, close attention should be paid.
SP-000115	(F ま)うち の 息子 は 、 上 が 野球 を や っ て ま し て 、(P)(F あの)下 は 最終 的 に は 、(F あのー)何 で す か 、(P)弓道 で す か 。	うちの息子は、上が野球をやってまして、下は最終的には、何ですか、弓道ですか。	My elder son was on the baseball team, while the younger eventually joined the kyudo team.
LI-000174	(F あ)(F あ)弓 で す か 。(R あらま)(R あー)(R はー)	弓ですか。	Japanese archery, right?
SP-000116	(R うん)		
SP-000117	その 前 は 、 水泳 を やっと っ た ん で す 。	その前は、水泳をやっとったんです。	Before that, he had belonged to the swimming team.
LI-000175	(R んー)(R うん)(R うん)(R うん)(R うん)(R うん)(R うん)(R うん)		
SP-000118	野球 も や っ た こと が あ り ま す よ 。 下 の 息子 は 、 三 つ 程 や っ て ま し た けど 。	野球もやったことがありますよ。下の息子は、三つ程やってましたけど。	He had briefly joined the baseball team, also. My younger son experienced about three different kinds of sports teams.
LI-000176	(R んー)		
SP-000119	どっち も 、 そら 夏 なんか は(P)厳し い で す わ ね 、 練習 で も 。	どっちも、そら夏なんかは厳しいですわね、練習でも。	In any case, it was hard in summer, even practice.
SP-000120	夏 の 暑 い 炎天 下 で 、(P)汗 を かき ながら や っ て 、 帰 っ て き て ま し た けど も 。	夏の暑い炎天下で、汗をかきながらやって、帰ってきてましたけども。	They used to come home after practicing under the blazing summer sun, dripping with sweat.
SP-000121	(F まー)(F あのー)		
SP-000122	好き 、 や り た い こと を や り なさ い って 言 っ て ま し た から 。 それ は 良 い ん で す けど 。(F まー)(F えー)(F ま)お陰 さん で 、(P)(F あのー)野球 を や っ て た 息子 は 、 一 回 ちょっと 怪我 を し た こと が あ り ま し た けど も 、(P)大した 、(F まー)病院 は 行 き ま し た けど ね 。(P)(F えー)下 の 子 は 一 回 も な かっ た で す ね 、 そう 言 う の は 。	好き、やりたいことをやりなさいって言ってましたから。それは良いんですけど。お陰さんで、野球をやってた息子は、一回ちょっと怪我をしたことがありましたけども、大した、病院は行きましたけどね。下の子は一回もなかったですね、そう言うのは。	I had no objection since I told them to do what they liked or wanted. My elder son once got injured and went to a hospital, but fortunately it was nothing serious. My younger one never experienced such accident.
SP-000123	で す けど 、 リスク は あ り ま す から 、 気 を つけ な あ か ん な と は 思 っ て ま し た けど も 。	ですけど、リスクはありますから、気をつけなあかんなとは思ってましたけども。	Of course, I was aware of the risk, so I thought they had to be careful.
SP-000124	(F ま)こう し て 事件 な り 、 まして や 死 な れ た って 言 う こと に な る と 、(P)(F まー)(P)(F あー)親 御 さん も 残念 で しょ う し 、(P)いろんな 、(F あー)(F あー)学校 に 、(F あの)(F おー)普段 の(R ねー)(P)クラブ 活動 に 対 する 対処 の 仕方 、 考え 方 、 どう や っ て な っ た か って 言 う よう な こと を(P)聞 い たり 、 確かめ たり し た い 気持ち に は な る と は 思 う ん で す が 。	こうして事件なり、ましてや死なれたって言うことになると、親御さんも残念でしょうし、いろんな、学校に、普段のクラブ活動に対する対処の仕方、考え方、どうやってなったかって言うようなことを聞いたり、確かめたりしたい気持ちにはなるとは思うんですが。	Parents must be devastated in such incidents, let alone a death of their child. I would assume that they would want to investigate how the schools manage and consider the daily club activities as well as how such accidents occur.
LI-000177	(R んー)		
SP-000125	(F まー)私 は 、(P)(F あのー)(F ま)任 し て る 訳 で す から 、(P)基本 的 に は ね 、(P)お 任せ し て る ん で す から 、(F ま)あまり 無体 な こと が 発覚 し たり 、(P)(F ま)この 場合 は 、(P)(F あの)暴力 沙汰 と か そんな ん じゃ な い みたい で す けど も 。 今 、 よく(P)(F あのー)あ り ま す わ ね 。	私は、任してる訳ですから、基本的にはね、お任せしてるんですから、あまり無体なことが発覚したり、この場合は、暴力沙汰とかそんなんじゃないみたいですけども。今、よくありますわね。	I leave the children up to the teachers unless there's something unreasonable, basically. In this case, it was not a school violence or something like that, but there has been a lot of school violence recently, hasn't it?
LI-000178	(R うん)(R うん)(R うん)		
LI-000179	(R うん)(R うん)		
LI-000180	(R んー)(R うん)(R うん)今 ね 、 いろいろ ね 。	今ね、いろいろね。	Nowadays, there've been several incidents.
LI-000181	(R んー)(R んー)		
SP-000126	で も 、(P)こないだ 私 が 二 回 目 の これ を やら さ し て もら っ た 時 に は 、 たまたま 新聞 記事 で その 暴力 に 、 千葉 県 で 暴力 の 件 で 言 わ れ た ん で す けど 、(P)その 時 に も(F まー)申し上げ た ん で す けど も 。	でも、こないだ私が二回目のこれをやらさしてもらった時には、たまたま新聞記事でその暴力に、千葉県で暴力の件で言われたんですけど、その時にも申し上げたんですけども。	Well, during the second session of this conversation, when we discussed the article of school violence that had happened in Chiba, I said the following.
LI-000182	(R あーい)		
LI-000183	(F あ)		
LI-000184	(R はーい)(R はい)		
LI-000185	(R はい)(R はい)		
SP-000127	(F まー)		
SP-000128	(F あー)(F あ)(F あー)		
SP-000129	そら ひど い 暴力 、(P)怪我 を し たり 、 死 に 至 る よう な 。 これ も 絶対 言語 道断 、(P)駄目 な ん で す が 、(P)多少 の(P)厳し さ は やっぱり 必要 だ と 思 い ま す し 、(F あ)私 は 親 の 立場 と し て 、 預け た から に は(P)(F あー)先生 の 立場 を(P)理解(P)し て あげ た い と 言 う 方 で す 、 割と 。	そらひどい暴力、怪我をしたり、死に至るような。これも絶対言語道断、駄目なんですが、多少の厳しさはやっぱり必要だと思いますし、私は親の立場として、預けたからには先生の立場を理解してあげたいと言う方です、割と。	Of course, extreme violence that causes injury or is deadly should never be tolerated. However, a certain degree of strictness is necessary. As a parent, so long as I entrust my kids to the teachers, I'm quite inclined to understand their position.
LI-000186	(R うん)(R うん)(R うん)(R うん)		
LI-000187	(R んー)(R うん)(R うん)		
LI-000188	(R うん)		
LI-000189	(L あは)?なかなか(F あのー)そう 思 っ て 、 思 わ れ な い 親 御 さん も なかなか(P)多 い 。	なかなかそう思って、思われない親御さんもなかなか多い。	There are many parents who don't think that way.
SP-000130	(R はい)		
SP-000131	(F あの)		
SP-000132	(R えー)多 い と 思 い ま す 。	多いと思います。	I suppose so.
SP-000133	ただ(R はい)この 件 だけ で なし 、 今 いろんな 事件 が 起こ っ て 、 父兄 の 方 が(P)(F え)いろいろ と や っ て お ら れ ま す けど も 。 それ は 分か り ま す 。 悲し い 。	ただこの件だけでなし、今いろんな事件が起こって、父兄の方がいろいろとやっておられますけども。それは分かります。悲しい。	Not only the case in Chiba, but many incidents happened now, and the parents have stood up against them. I know that. It's sad.
LI-000190	(R あー)		
LI-000191	(R うん)(R うん)今 ね 、 いろいろ 。	今ね、いろいろ。	Nowadays, there've been many issues.
LI-000192	(R はい)		
LI-000193			
LI-000194	(R んー)(R うん)(R うん)		
SP-000134	そら 、 そう で す わ ね 。	そら、そうですわね。	Yes, I know.
LI-000195	(R んー)		
SP-000135	育て て き た 息子 が(P)学校 で 弾け て 、 クラブ 活動 で 、(P)まして や 暴力 と か そう 言 う こと で 亡くなら さ れ た ら 、 それ は 分か り ま す けど も 。	育ててきた息子が学校で弾けて、クラブ活動で、ましてや暴力とかそう言うことで亡くならされたら、それは分かりますけども。	I understand the parents' anger when losing a child in a sports activity, let alone school violence after all these years of parenting.
LI-000196	(R んー)		
LI-000197	(F んー)何 で こんな 。(R ねー)	何でこんな。	So senseless.
LI-000198	(R ねー)(R うーん)		
LI-000199	(R んーん)		
SP-000136	あまり 、(P)ちょっと 傾向 と し て ね 、(P)(F まー)(P)(F あー)(F あー)細か い こと と 言 う か 、 あまり に も(P)(F あのー)重箱 の 隅 を つつ く よう な(P)こと が 多 い よう な 気 は し ま す ね 。	あまり、ちょっと傾向としてね、細かいことと言うか、あまりにも重箱の隅をつつくようなことが多いような気はしますね。	But I feel that as a trend, parents are complaining about trivial matters too much.
LI-000200	(R うん)		
LI-000201	(R んー)(R んー)		
LI-000202	(R んー)(R うん)(R うん)(R うん)		
SP-000137	もう 少し(P)(F えー)(P)(P)立場 も 考え て あげ た ら え え 場面 が 、(P)割と 見受け られ ま す ね 。	もう少し立場も考えてあげたらええ場面が、割と見受けられますね。	There are quite a few cases where teachers' position should be respected.
LI-000203	(R んー)もう 少し ね 、(P)学校 側 の ね 、 その 先生 の 立場 っ て の を ね 。	もう少しね、学校側のね、その先生の立場ってのをね。	The position of the school and the teachers should be a bit more respected.
LI-000204	(R んー)		
LI-000205	(R んー)		
LI-000206	(R んー)		
SP-000138	それ は ちょっと 残念 、 残念 な 気 は し ま す けど ね 。	それはちょっと残念、残念な気はしますけどね。	I feel that's too bad.
LI-000207	そう で す な 。	そうですな。	I agree.
SP-000139	昔 我々 が(F あの)?頃 なんて 、 クラブ で やっぱ あ り ま し た もん ね 、 そう 言 う こと は 。	昔我々が頃なんて、クラブでやっぱありましたもんね、そう言うことは。	In our time, the similar thing happened in school's sport teams, didn't it?
LI-000208	(R うん)		
LI-000209	(R うん)		
LI-000210	(L ねふふ)		
SP-000140	それ も(F あの)厳し さ の 一 つ で し た し 、(P)親 が すぐ それ ぐらい の こと で 、 家 に 帰 っ て 、 例えば 、(F ま)あまり 言 い ま せ ん で し た けど 、 言 っ た と し て も 、(P)学校 に 飛 ん で って 、 怒鳴り込 み と 言 う の は 、(F まー)あんまり し な かっ た で す ね 、 今 みたい に 過敏 に 。	それも厳しさの一つでしたし、親がすぐそれぐらいのことで、家に帰って、例えば、あまり言いませんでしたけど、言ったとしても、学校に飛んでって、怒鳴り込みと言うのは、あんまりしなかったですね、今みたいに過敏に。	They were strict in a good way. Parents wouldn't complain that much when they come home and tell about it. Even if they had a word with the school, they didn't act like parents nowadays who dart to school and yell at the teachers. They are oversensitive now.
LI-000211	(R うーん)		
LI-000212	(F あ)(R うーんん)		
LI-000213	(R うん)		
LI-000214	(L あはは)		
LI-000215	そう で す よ ね 。(R はい)(R はい)(R はい)(R はい)	そうですよね。	I agree.
SP-000141	(R えー)		
LI-000216	昔 は ね 。(R うーん)	昔はね。	That's how it used to be.
SP-000142	(R えー)(R えー)		
SP-000143	(R うん)		
SP-000144	ただ 、 先生 の 方 も 、 昔 と 比べ た ら 確か に 、(P)何 て 言 う ん で す か ね 、(P)(F ま)サラリーマン 化 を し た と 言 う か 、 ほんと に 生徒 と 向き合 っ て(P)(R えー)意思 の 疎通 が でき て お っ て 、(P)それ で 愛 の 、(F ま)例えば 鉄拳 と か 、 そう 言 う 感じ の 先生 が 減 っ て る の も 、 事実 の よう な 気 も し ま す けど ね 。	ただ、先生の方も、昔と比べたら確かに、何て言うんですかね、サラリーマン化をしたと言うか、ほんとに生徒と向き合って意思の疎通ができておって、それで愛の、例えば鉄拳とか、そう言う感じの先生が減ってるのも、事実のような気もしますけどね。	However, teachers as well, what to say, they become like salaried workers more than they used to be. It feels like it is true that the number of teachers has been decreasing, like, those who give their full attention to students and to be able to communicate with them, like love, for example tender toughness. 
LI-000217	(F あ)		
LI-000218	(R んー)(R うん)(R うん)		
LI-000219	(R んー)		
LI-000220	(R うーん)(R んー)		
LI-000221	(R あー)本当 ね 。(R うーん)(R うん)	本当ね。	True.
SP-000145	(R えー)父兄 も ちょっと 、(P)(F ま)これ は 何 て 言 う ん で す か ね 、(F ま)昔 で 言 う た ら 、(P)昔(P)自由 に 、(P)(F えー)自由 で も な い 、(P)(F え)教育 を 先生 に 任せ て や っ て た 頃(P)と 比べ て 、 今 は(F その)(P)教育 委員 会 、 日教組 と 言 う ん で す か 、 あの 辺 が ちょっと 強 く な り 過ぎ て る よう な 気 も し ま す ね 。	父兄もちょっと、これは何て言うんですかね、昔で言うたら、昔自由に、自由でもない、教育を先生に任せてやってた頃と比べて、今は教育委員会、日教組と言うんですか、あの辺がちょっと強くなり過ぎてるような気もしますね。	Parents, too. I wonder what to say, it used to be free, not free, compared to the old days when we left the education to teachers' own choices, school boards, or something called Japan Teachers' Union, I suppose these groups have become too powerful. 
LI-000222	(R うん)(R うん)		
LI-000223	(R うん)(R うん)(R うん)(R うん)(R うん)		
LI-000224	(R うーん)		
LI-000225	(R うん)		
SP-000146	(R えー)		
LI-000226	そう で す ね 。(R うん)	そうですね。	Right.
SP-000147	で す から 、 これ も そら 、(P)究明 は し な あ か ん と 思 い ま す 。	ですから、これもそら、究明はしなあかんと思います。	So, I think this case should be investigated.
SP-000148	(F あのー)どう 言 う 経緯 で 、 どう 言 う こと で あ っ た か 。 で 、 やっぱり(P)原因 は 何 で あ っ た か 。 そら 、 原因 は はっきり さ す 必要 は もちろん あ り ま す けど も 。	どう言う経緯で、どう言うことであったか。で、やっぱり原因は何であったか。そら、原因ははっきりさす必要はもちろんありますけども。	The circumstances, the details. Also, the cause. Of course we have to identify the cause.
LI-000227	(R んー)(R うん)(R うん)		
LI-000228	(R んー)そう で す ね 。	そうですね。	Right.
SP-000149	それ で(P)(F まー)(P)その 落ち度 を 探 し て 、(F ですね)例えば(P)それ で その 学校 側 に 何 か 。	それでその落ち度を探して、例えばそれでその学校側に何か。	Then determine the error, for example, was that on the school's side, and such.
LI-000229	(R んーん)		
SP-000150	まだ そう 言 う こと に まで は 発展 し て な い で す ね 、 この 事件 。	まだそう言うことにまでは発展してないですね、この事件。	This case has not evolved to that stage yet, right?
LI-000230	で 、(F ま)ここ 、 あたし も これ しか まだ 見 て な い の で 、 よく 知 ら な い ん で す けれど も 。	で、ここ、あたしもこれしかまだ見てないので、よく知らないんですけれども。	Then, here, I just saw this part. That's why I'm not sure much, though.
SP-000151	もう な っ て ま す か ？	もうなってますか？	Has it evolved?
LI-000231	(F あのー)(F ま)		
LI-000232	これ を 見 る 限り で は ね 、(F ま)最善 の こと を なさ っ て て 、(R ねー)最善 の こと まで なさ っ て て 。	これを見る限りではね、最善のことをなさってて、最善のことまでなさってて。	As far as I can see this, they've done their best, the best thing they can do. 
SP-000152	(R えー)		
SP-000153	その ニュース は 私 も 観 ま し た 。 それ で 、 それ に 対 し て(P)(F え)(F そのー)(F ま)訴え たり 、 まだ そこ ま で は な っ て な い と 言 う 風 に 、 私 は 記憶 し て ま す けど も 。	そのニュースは私も観ました。それで、それに対して訴えたり、まだそこまではなってないと言う風に、私は記憶してますけども。	I saw the news on TV. I remember no lawsuit has been filed, and it is not at that stage yet.
LI-000233	(R ねー)(R あい)(R はい)		
LI-000234	(F あ)		
LI-000235	(R んー)		
LI-000236	(R はい)(R あー)そう や 。(R んー)	そうや。	Yep.
SP-000154	(F まー)(P)(F あのー)これ を 含め 、 他 の 件 で も(P)やっぱり(P)(F えー)もう 少し 生徒 側 、 父兄 側 も 、(P)(F ま)学校 側 も そう で す けど も 、(P)(F えー)(P)理解 を 示 す と 言 う か 、(P)極端 な(P)(R ね)(P)(F あの)何 で も かん で も っ て 言 う の は 考え もん で は な い か な って 言 う 気 も し ま す けど ね 。(L へえ)	これを含め、他の件でもやっぱりもう少し生徒側、父兄側も、学校側もそうですけども、理解を示すと言うか、極端な何でもかんでもって言うのは考えもんではないかなって言う気もしますけどね。	Including that case, the students and parents as well as the school must understand each other. I feel excessively over-demanding is questionable.
LI-000237	(R んー)		
LI-000238	(R うん)(R うん)(R うん)		
LI-000239	そう 言 う こと 。(R んー)(R うん)(R うん)(R うん)(R うん)	そう言うこと。	I agree.
LI-000240	何 で も かん で も ね 。	何でもかんでもね。	Over-demanding.
LI-000241	(R んー)(R うん)(R んー)		
LI-000242	そう で す ね 。 そう 言 う 、 私 ら の 年代 は そう 思 い ま す よ ね 。	そうですね。そう言う、私らの年代はそう思いますよね。	Uh-huh. Our generation would think that way.
SP-000155	(R えー)(R えー)		
SP-000156	(R はー)		
LI-000243	(F え)ご 主人 は 、(F あのー)(P)(F えー)ご 自身 は 野球 と か を(F あ)なさ っ て た ん で しょ う か ？	ご主人は、ご自身は野球とかをなさってたんでしょうか？	So, were you involved in sports, like baseball?
SP-000157	(F あ)私 は ね 、 この 私 は(F あの)卓球 を や っ て ま し た 。	私はね、この私は卓球をやってました。	I, myself used to play table tennis at school.
LI-000244	(R はい)		
LI-000245	(F は)そう な ん で す か 。(R はー)	そうなんですか。	Really.
SP-000158	(R はい)		
SP-000159	卓球 。	卓球。	Table tennis.
LI-000246	で 、 息子 さん は 卓球 は なさ ら ず に 。(L い)	で、息子さんは卓球はなさらずに。	So your sons were not into table tennis?
SP-000160	は い ？	はい？	Huh?
LI-000247	息子 さん は 卓球 は なさ ら ず に 。	息子さんは卓球はなさらずに。	Your sons were not into table tennis?
SP-000161	は 、 し て な い 。 私 は 、(F まー)最初 私 も 野球 部 に 入 っ た ん で す けど ね 。	は、してない。私は、最初私も野球部に入ったんですけどね。	Well, no. I was also in a baseball team initially.
SP-000162	野球 は 好き で し た から 。 で も(F もー)中学 に 入 っ て 、(P)すぐ 分か り ま し た 。	野球は好きでしたから。でも中学に入って、すぐ分かりました。	Because I loved baseball. But after entering middle school, I faced reality.
LI-000248	(R うあー)(R あー)(R あー)(R うん)(R うん)		
LI-000249	(R うん)		
SP-000163	体 の 大き い 子 が いっぱい で ね 、 特に 一 年 生 で 入 っ た ら 、 三 年 生 なんか すご い で し た 。	体の大きい子がいっぱいでね、特に一年生で入ったら、三年生なんかすごいでした。	There were many a burly youngsters, Especially if you joined in when you were a seventh grade, ninths graders looked gigantic. 
LI-000250	(L あははははは)		
LI-000251	(L はー)		
SP-000164	(F あ)これ は 僕 は やっぱり 野球 は 、 これ は 無理 だ な と 思 い ま し て ね 。	これは僕はやっぱり野球は、これは無理だなと思いましてね。	I thought baseball was not for me.
LI-000252	(L あは)(R あー)(R はい)		
SP-000165	(F あ)取 っ た 、 投げ た?や っ て た ん で す よ 。	取った、投げたやってたんですよ。	I did catching and throwing balls.
LI-000253	(R うん)		
LI-000254	(R うん)(R うん)		
SP-000166	(F のー)やっぱ ここ で 僕 は すぐ 野球 部 を 、(F もー)これ は(P)部員 も 多 かっ た で す し 、 辞め ま し て 。	やっぱここで僕はすぐ野球部を、これは部員も多かったですし、辞めまして。	So, I quickly quit the baseball team because there were so many members. 
LI-000255	(L あははは)		
LI-000256	(F あ)野球 は 人気 で ね 。 やっぱり たくさん 。	野球は人気でね。やっぱりたくさん。	Baseball was popular, so there should have been many applicants.
SP-000167	で 、(P)卓球 、 卓球 に 変え ま し てん 。 卓球 で し た ら 華奢 で も ね 、(P)でき ま す し ね 、(P)これ は ずっと や り ま し た 。	で、卓球、卓球に変えましてん。卓球でしたら華奢でもね、できますしね、これはずっとやりました。	That's why I turned to table tennis. You can play it even if you're slender. I had played it throughout my school days.
LI-000257	(R あい)(F あ)そう で す か 。	そうですか。	Really.
LI-000258	(L あふ)		
LI-000259	ずっと 中学 、 高校 と 。	ずっと中学、高校と。	Junior high school through high school, continuously.
SP-000168	(F あの)や り ま し た 。	やりました。	Yes.
LI-000260	(R あー)そう で す か 。	そうですか。	Really.
SP-000169	(R はい)		
SP-000170	や り ま し た 。	やりました。	I did.
LI-000261	(R うん)何 か 大会 と か そう 言 う の は どう で し た 。	何か大会とかそう言うのはどうでした。	Did you participate in tournaments or something?
SP-000171	は 、 よく あ り ま し た ね 。	は、よくありましたね。	Well, there were many.
LI-000262	(F あ)よく あ り ま し た 。	よくありました。	There were many.
SP-000172	ただ(F まー)受験 を 控え て ま し た し 、 ちょっと 私 は 高校 二 年 の 最後 に 病気 を し ま し て ね 。	ただ受験を控えてましたし、ちょっと私は高校二年の最後に病気をしましてね。	But, I was facing the entrance exam, and I also got ill at the end of my second year in high school.
LI-000263	(R んー)		
LI-000264	(F あ)(R んー)		
SP-000173	で 、 二 年 で(P)(F あのー)辞め ま し て ね 。	で、二年で辞めましてね。	So I quit playing after two years.
LI-000265	(R うん)(R うん)(R うん)		
SP-000174	クラブ は 引 か ず に 、 辞め ま し て 。 最後 三 年 の 時 だけ は 、 ちょっと 病気 を し た もん で す から 、(P)(F あの)マネージャー みたい な こと を し ま し た けど ね 。	クラブは引かずに、辞めまして。最後三年の時だけは、ちょっと病気をしたもんですから、マネージャーみたいなことをしましたけどね。	I did not leave the team, but quit playing. Due to illness, I acted as sort of a manager in my last year of high school.
LI-000266	(R あー)そう だっ た ん で す か 。	そうだったんですか。	Is that so?
LI-000267	(L あはは)		
SP-000175	それ は や り ま し た 、 運動 は 。	それはやりました、運動は。	I did exercise so much.
LI-000268	(R あー)		
LI-000269	やはり ご 自身 が ね 、 クラブ 、 そして なさ っ て た ん で ね 。(F あのー)(R うん)	やはりご自身がね、クラブ、そしてなさってたんでね。	I knew you did, you were involved in athletic activities. 
SP-000176	(R えー)		
SP-000177	だ から 、 運動 は 好き で し た から 。	だから、運動は好きでしたから。	That's why, I like sports.
LI-000270	(R あー)そう で す か 。(R うん)	そうですか。	Really.
SP-000178	子供 は や る と 言 っ て も 、 反対 は 、 や っ た ら え え が な 、 やれ って 言 う て 、 やら し ま し た ね 。	子供はやると言っても、反対は、やったらええがな、やれって言うて、やらしましたね。	I was never against my kids when they said they wanted to do it. Instead I told them Why not? Just do it. I let them do. 
LI-000271	(R うん)		
LI-000272	(R んーん)		
LI-000273	そう で す か 。	そうですか。	Really.
LI-000274	今 は もう 退職 なさ っ て 。 運動 系 は どう な ん で す か ？	今はもう退職なさって。運動系はどうなんですか？	You're now retired. Have you been training recently?
SP-000179	私 は 今(F もー)健康 の ため に ね 、(P)ちょっと 血糖 値 が 高 い もん で す から 、(P)(F その)やっぱ 運動 が 大事 と 言 う こと で 、(P)今 は 週 に(P)一 回(P)休み な ん で す けど も 、 あと は(P)全部 、 月 に 二十 回 前後 スポーツ ジム に 行 っ て ま す 。	私は今健康のためにね、ちょっと血糖値が高いもんですから、やっぱ運動が大事と言うことで、今は週に一回休みなんですけども、あとは全部、月に二十回前後スポーツジムに行ってます。	For my health now, you know, As my blood-sugar level is a bit high, exercise is important. Though I have one day a week to give me a rest, I go to gym twenty days a month or so.
LI-000275	(R うん)		
LI-000276	(R うーん)(R うん)		
LI-000277	(F あ)(F あの)機械 の やつ で す か 、(P)こう 言 う 。	機械のやつですか、こう言う。	You mean the machine workout, like this?
SP-000180	筋トレ も や り ま す し 、 ストレッチ を や っ て 、 筋トレ を や っ て 。(P)それ から 有 酸素 運動 で す から 、 ウォーキング を(P)や っ たり し て 。	筋トレもやりますし、ストレッチをやって、筋トレをやって。それから有酸素運動ですから、ウォーキングをやったりして。	I work out, stretch, and work out. Then, I do walking as cardio.
LI-000278	(R うん)(R ふん)(R うん)(R うん)(R うん)		
LI-000279	(R あー)(R あー)器具 。(R はいー)	器具。	The machine workout.
LI-000280	その 、(F えーっと)そう 言 う ジム の 中 で 。	その、そう言うジムの中で。	Um, in the gym.
SP-000181	(R えー)スポーツ ジム が あ る ん で す よ 、 ジム の 中 に 。 トレーニング の 機械 が 設置 さ れ て ま し て 、 ウォーキング の 、 全部 道具 が あ り ま す し 。	スポーツジムがあるんですよ、ジムの中に。トレーニングの機械が設置されてまして、ウォーキングの、全部道具がありますし。	There is an athletic gym. In the gym, the machines for training are equipped. Walking's, there are all devices available.
LI-000281	(F あ)(R はー)(R はー)(R はい)(R はい)(R はい)		
LI-000282	(R あー)(R はい)(R はい)		
LI-000283	(R はーい)		
SP-000182	で 、 ストレッチ マット で 、 インストラクター が お り ま す から 、(P)教え て もら っ て(P)や っ て ま す 。	で、ストレッチマットで、インストラクターがおりますから、教えてもらってやってます。	There's an instructor who teaches me how to stretch on the mat.
LI-000284	(R うん)(R うん)(R うん)(R うん)		
LI-000285	(R あー)よろし い で す ね 。	よろしいですね。	Good for you.
SP-000183	(R えー)		
LI-000286			
SP-000184	で す から 今日 で も 、 これ が 終わ っ た 昼 から 、(P)昼ご飯 を 食べ た あと に 行 っ て 、 夕方 に 帰 っ て くる ん で す よ 。 お 風呂 に 入 っ て 、 サウナ に 入 っ て 。	ですから今日でも、これが終わった昼から、昼ご飯を食べたあとに行って、夕方に帰ってくるんですよ。お風呂に入って、サウナに入って。	So, today I'm planning to go to gym after this session, after lunch and train until evening. I take a bath and a sauna before going home.
LI-000287	(F は)(L あはは)		
LI-000288	(L んふふ)		
LI-000289	良 い で す 、 それ は 。(F あの)体 を 動か す と 言 う こと は ね 、 やっぱり 。	良いです、それは。体を動かすと言うことはね、やっぱり。	That's nice. Nothing beats exercise.
SP-000185	(R えー)		
SP-000186	(R えー)やっぱり ね 、(P)(F ま)その お 陰 か 、(F まー)(P)血糖 値 も(F あの)(P)平行 線 で 来 て ま す の で 。	やっぱりね、そのお陰か、血糖値も平行線で来てますので。	I agree. Maybe because of that, my blood-sugar level has been stable.
LI-000290	(R うん)		
SP-000187	(F ま)先生 から 。	先生から。	Did the doctor instruct you it?
SP-000188	僕 なん か 細 い 体 で す から ね 、(P)糖尿 病 なんて の は 無縁 の 病気 だ と 思 っ て た ん で す よ 。	僕なんか細い体ですからね、糖尿病なんてのは無縁の病気だと思ってたんですよ。	Since I'm slim, I thought I had no risk of diabetes.
SP-000189	ところ が 、 最初 引っかか り ま し て ね 、 健康 診断 で 。 血糖 値 が 高 い から で す 。	ところが、最初引っかかりましてね、健康診断で。血糖値が高いからです。	But, the first warning bell was my medical checkup's result. Because my blood-sugar level was high.
SP-000190	再 検査 に 行 き なさ い って 言 わ れ て(P)行 っ た ら 、(P)最初 は 境界 型 だっ た ん で す けど 。	再検査に行きなさいって言われて行ったら、最初は境界型だったんですけど。	I was told to undergo another test. Initially I was borderline diabetic.
LI-000291	(L んふふふ)		
LI-000292	(R あらー)		
LI-000293	(R んー)		
SP-000191	あれ は まだ 若 い 。 四十 代 中頃 、 四十 六 ぐらい や っ た ん で す けど ね 。 六、七 や っ た ん で す 。	あれはまだ若い。四十代中頃、四十六ぐらいやったんですけどね。六、七やったんです。	I was still young. Mid-forties, around 46. Or maybe 47.
SP-000192	で も 仕事柄 、 営業 で し た ん で ね 。	でも仕事柄、営業でしたんでね。	Since I worked as a salesman.
SP-000193	やっぱ 飲み食い と か 、 不 規則 な 生活 が(F もー)つきもん だっ た ん で す けど 。	やっぱ飲み食いとか、不規則な生活がつきもんだったんですけど。	Like wining and dining, it was inseparable from irregular life.
LI-000294	(F あ)		
LI-000295	(R んー)		
LI-000296	(R ねー)(R うーん)(R うん)(R うん)		
SP-000194	(F も)別 に 糖尿 病 が ね 、 怖 い の は 、 痛 く も 痒 く も な い ん で す よ ね 。 自覚 症状 が な い から 。	別に糖尿病がね、怖いのは、痛くも痒くもないんですよね。自覚症状がないから。	What's scary about diabetes is that you feel nothing. Because there are no obvious symptoms.
LI-000297	(F あ)		
LI-000298	(R んー)		
SP-000195	だ から しばらく 、 二 年 程 ね 、(P)そう や っ て 言 わ れ て 、 検査 に 行 っ て 、 気 を つけ な さ い よ と 言 わ れ て 、 ほ っと き ま し てん 。	だからしばらく、二年程ね、そうやって言われて、検査に行って、気をつけなさいよと言われて、ほっときましてん。	Thus, for a while, for about two years, I was told so, I went to receive checkups, and told to take care of myself, then I was relieved.
LI-000299	(L ふはははは)		
LI-000300	そう で す か 。	そうですか。	Really.
SP-000196	また 引っかか っ て ん 、 行 っ た ら 。(F も)	また引っかかってん、行ったら。	So, after a while, I failed again.
LI-000301	(L あははまははふふふ)		
SP-000197			